{
  "type": "FeatureCollection",
  "schema_version": "1.0",
  "features": [
    {
      "type": "Feature",
      "id": "2472450",
      "geometry": {
        "type": "Polygon",
        "coordinates": [
          [
            [
              -77.06377999995634,
              39.011405000259714
            ],
            [
              -77.06386399962192,
              39.011300000001164
            ],
            [
              -77.06375700039011,
              39.01126899994824
            ],
            [
              -77.06300099980658,
              39.01063899973343
            ],
            [
              -77.06295700032396,
              39.01060399975083
            ],
            [
              -77.06286600008737,
              39.01053600025367
            ],
            [
              -77.06277400002585,
              39.01039799984139
            ],
            [
              -77.0627279999951,
              39.01029500001072
            ],
            [
              -77.06266000022303,
              39.01002099990709
            ],
            [
              -77.0624610000314,
              39.00956699996679
            ],
            [
              -77.06238499986343,
              39.00947100015353
            ],
            [
              -77.06241599982555,
              39.0093489999992
            ],
            [
              -77.0623699997948,
              39.0092199997788
            ],
            [
              -77.06231600026645,
              39.00868200002418
            ],
            [
              -77.06232399976406,
              39.008486999790335
            ],
            [
              -77.06229399962683,
              39.008186000128106
            ],
            [
              -77.06227100006062,
              39.008082999868385
            ],
            [
              -77.06204199973176,
              39.007727999775724
            ],
            [
              -77.06200400009692,
              39.00758300014955
            ],
            [
              -77.0620109997696,
              39.00752599968078
            ],
            [
              -77.06216399993049,
              39.00739200019801
            ],
            [
              -77.06217099960318,
              39.00736200013314
            ],
            [
              -77.06216399993049,
              39.007182999784334
            ],
            [
              -77.06209500033353,
              39.00704099996922
            ],
            [
              -77.06204199973176,
              39.006790000046195
            ],
            [
              -77.06196499973885,
              39.00671300033901
            ],
            [
              -77.0619120000354,
              39.00659500018092
            ],
            [
              -77.06145400027602,
              39.006491999698696
            ],
            [
              -77.06137100043534,
              39.006421999800395
            ],
            [
              -77.06130199994004,
              39.006358999972285
            ],
            [
              -77.06125599990928,
              39.00625199995845
            ],
            [
              -77.06121800027447,
              39.00621400033213
            ],
            [
              -77.06118700031232,
              39.00619499981323
            ],
            [
              -77.0608969998841,
              39.006125999943414
            ],
            [
              -77.06088199981548,
              39.00607599986413
            ],
            [
              -77.06081300021852,
              39.00599999970389
            ],
            [
              -77.06075200011914,
              39.00584700020833
            ],
            [
              -77.06086699974686,
              39.00555800025827
            ],
            [
              -77.06085900024927,
              39.0051229997089
            ],
            [
              -77.06087400031787,
              39.00492800013488
            ],
            [
              -77.06084400018065,
              39.004836999917
            ],
            [
              -77.06074500044645,
              39.00476000017822
            ],
            [
              -77.06062999992041,
              39.00470300022697
            ],
            [
              -77.06050100004897,
              39.00470300022697
            ],
            [
              -77.06037899985023,
              39.004729999695215
            ],
            [
              -77.06011899955922,
              39.00485600010256
            ],
            [
              -77.0600659998558,
              39.00490100004407
            ],
            [
              -77.05992100009082,
              39.00514199981765
            ],
            [
              -77.05984400009793,
              39.00517200012593
            ],
            [
              -77.05980599956479,
              39.005160999921294
            ],
            [
              -77.059623000165,
              39.005015999919706
            ],
            [
              -77.0594480002628,
              39.004932000095735
            ],
            [
              -77.05934100013269,
              39.00485600010256
            ],
            [
              -77.05908900023762,
              39.0044700003282
            ],
            [
              -77.05908199966662,
              39.004325000306395
            ],
            [
              -77.05903599963585,
              39.00424099966198
            ],
            [
              -77.05901999974233,
              39.00415399996141
            ],
            [
              -77.05892900040405,
              39.00402799969986
            ],
            [
              -77.05884499984013,
              39.00384499996751
            ],
            [
              -77.05877600024317,
              39.0037610001493
            ],
            [
              -77.05873799971,
              39.00367700023129
            ],
            [
              -77.05877600024317,
              39.003424999878995
            ],
            [
              -77.05895199997028,
              39.00310100030098
            ],
            [
              -77.05895899964295,
              39.002834000044196
            ],
            [
              -77.05904300020686,
              39.002742000253036
            ],
            [
              -77.05920399986533,
              39.002623999753915
            ],
            [
              -77.05964599973122,
              39.00242199974417
            ],
            [
              -77.06011899955922,
              39.00204000007758
            ],
            [
              -77.06022599968935,
              39.00191799967272
            ],
            [
              -77.0602719997201,
              39.001833999660796
            ],
            [
              -77.06037100035263,
              39.001605000235415
            ],
            [
              -77.06039399991884,
              39.00144899984264
            ],
            [
              -77.06044699962229,
              39.00135800003644
            ],
            [
              -77.06047799958444,
              39.00134200008143
            ],
            [
              -77.06058499971455,
              39.00137300029639
            ],
            [
              -77.06062999992041,
              39.00140700026885
            ],
            [
              -77.06075999961675,
              39.00157099966
            ],
            [
              -77.06083599978473,
              39.001598000323604
            ],
            [
              -77.0610580004409,
              39.00156000029166
            ],
            [
              -77.06112600021295,
              39.00148699993421
            ],
            [
              -77.06122499994714,
              39.00144499968485
            ],
            [
              -77.0612709999779,
              39.00140700026885
            ],
            [
              -77.06130199994004,
              39.0013269998149
            ],
            [
              -77.06140099967425,
              39.00128900033552
            ],
            [
              -77.06146199977361,
              39.001128999768454
            ],
            [
              -77.06156100040613,
              39.001006999887046
            ],
            [
              -77.06173200011035,
              39.00085199996893
            ],
            [
              -77.06182800036983,
              39.000765999989454
            ],
            [
              -77.06204199973176,
              39.00065199988805
            ],
            [
              -77.06221699963393,
              39.00051099993107
            ],
            [
              -77.06228600012922,
              39.00030799976692
            ],
            [
              -77.06228600012922,
              39.00010600012591
            ],
            [
              -77.0623699997948,
              38.999918999778274
            ],
            [
              -77.06247699992493,
              38.999850999783185
            ],
            [
              -77.06259900012367,
              38.99974399969969
            ],
            [
              -77.06269000036026,
              38.999637000152475
            ],
            [
              -77.06275099956133,
              38.99952999974536
            ],
            [
              -77.06277400002585,
              38.99938900034495
            ],
            [
              -77.06275899995724,
              38.9991529998335
            ],
            [
              -77.06278900009447,
              38.998957999861254
            ],
            [
              -77.06285000019385,
              38.99888199973367
            ],
            [
              -77.0629949999588,
              38.99878999969052
            ],
            [
              -77.06306399955577,
              38.99870300026814
            ],
            [
              -77.06301800042333,
              38.99851200007768
            ],
            [
              -77.06291100029321,
              38.99836699971314
            ],
            [
              -77.06281199966068,
              38.99817999965651
            ],
            [
              -77.06268699998722,
              38.9977490001862
            ],
            [
              -77.06269000036026,
              38.99771799977972
            ],
            [
              -77.06270299988074,
              38.99731000010034
            ],
            [
              -77.06266100004795,
              38.9970350002145
            ],
            [
              -77.06266100004795,
              38.99680800012801
            ],
            [
              -77.06272299997224,
              38.996598000103944
            ],
            [
              -77.06289000037681,
              38.996452000245185
            ],
            [
              -77.06299400013388,
              38.99624199986275
            ],
            [
              -77.06297300021748,
              38.99603099978835
            ],
            [
              -77.06282799955422,
              38.995675000185564
            ],
            [
              -77.06270299988074,
              38.99541600013151
            ],
            [
              -77.06264000013155,
              38.995206000165496
            ],
            [
              -77.06280699963781,
              38.99504400024469
            ],
            [
              -77.06320199964803,
              38.994897999972416
            ],
            [
              -77.06345100006837,
              38.99473600004467
            ],
            [
              -77.06343799964958,
              38.99465899978525
            ],
            [
              -77.06338499994614,
              38.994524999668926
            ],
            [
              -77.06337700044851,
              38.994476000255986
            ],
            [
              -77.06340699968744,
              38.99443400003403
            ],
            [
              -77.06336200037993,
              38.99428899969121
            ],
            [
              -77.06326199992249,
              38.99420900026565
            ],
            [
              -77.06307899962438,
              38.99419000001352
            ],
            [
              -77.06297999989019,
              38.99413999987685
            ],
            [
              -77.0629039997222,
              38.994071000118964
            ],
            [
              -77.06261400019228,
              38.9937209999264
            ],
            [
              -77.06246900042731,
              38.99362900015501
            ],
            [
              -77.06230899969545,
              38.99337299970638
            ],
            [
              -77.06212600029566,
              38.9929270003292
            ],
            [
              -77.06208000026491,
              38.99280500026986
            ],
            [
              -77.06203400023415,
              38.99259900019594
            ],
            [
              -77.06198800020339,
              38.99251100032727
            ],
            [
              -77.06198800020339,
              38.992450000314435
            ],
            [
              -77.06188899957088,
              38.99223299978534
            ],
            [
              -77.06166000014034,
              38.99188599975423
            ],
            [
              -77.0615530000102,
              38.99164500021035
            ],
            [
              -77.06149199991084,
              38.99155000034431
            ],
            [
              -77.06151500037538,
              38.991511999803585
            ],
            [
              -77.0615310002689,
              38.991428000005875
            ],
            [
              -77.06171399966868,
              38.99127899975373
            ],
            [
              -77.06214899986188,
              38.99120299975737
            ],
            [
              -77.06242300039656,
              38.99110700015972
            ],
            [
              -77.06248399959762,
              38.991077000171494
            ],
            [
              -77.062544999697,
              38.99100400017031
            ],
            [
              -77.06259900012367,
              38.990992999857504
            ],
            [
              -77.06273600039103,
              38.990818000046886
            ],
            [
              -77.0627279999951,
              38.99071500033507
            ],
            [
              -77.06267500029165,
              38.990615000003714
            ],
            [
              -77.06261400019228,
              38.99056199990352
            ],
            [
              -77.06251499955975,
              38.99052800030573
            ],
            [
              -77.06252200013077,
              38.99048900006934
            ],
            [
              -77.06247699992493,
              38.99040600030032
            ],
            [
              -77.06239300025933,
              38.99032199988821
            ],
            [
              -77.06234700022858,
              38.99022599979384
            ],
            [
              -77.06235499972621,
              38.990122999918746
            ],
            [
              -77.06240800032796,
              38.99006600004548
            ],
            [
              -77.06241599982555,
              38.98995899982867
            ],
            [
              -77.06250000038946,
              38.98985999967973
            ],
            [
              -77.06250700006217,
              38.989756999970254
            ],
            [
              -77.06256099959052,
              38.98967300018433
            ],
            [
              -77.06257599965913,
              38.98961199982019
            ],
            [
              -77.06262199968988,
              38.98957000020275
            ],
            [
              -77.06268299978926,
              38.98937899979952
            ],
            [
              -77.06269000036026,
              38.98923400027151
            ],
            [
              -77.0627210003224,
              38.98913099965108
            ],
            [
              -77.06271299992648,
              38.988974999686846
            ],
            [
              -77.06275099956133,
              38.98878799994806
            ],
            [
              -77.06274399988862,
              38.98868900025599
            ],
            [
              -77.06275899995724,
              38.98865100027393
            ],
            [
              -77.06274399988862,
              38.988505999952785
            ],
            [
              -77.06275899995724,
              38.9884559999899
            ],
            [
              -77.06268500033738,
              38.98816899998048
            ],
            [
              -77.0627070000787,
              38.98804700009844
            ],
            [
              -77.06276099960706,
              38.987956999695825
            ],
            [
              -77.06278700044464,
              38.987934000334896
            ],
            [
              -77.06295300012602,
              38.98778499970974
            ],
            [
              -77.06303099994379,
              38.98766299986408
            ],
            [
              -77.06303400031685,
              38.98762699980077
            ],
            [
              -77.06287500030821,
              38.98729200031205
            ],
            [
              -77.06235100042656,
              38.986760000077545
            ],
            [
              -77.06225900036505,
              38.98662200006976
            ],
            [
              -77.06222599985476,
              38.98657200017257
            ],
            [
              -77.06205900034851,
              38.98632000034877
            ],
            [
              -77.0619820003556,
              38.98625899988801
            ],
            [
              -77.06187100002752,
              38.98622399971436
            ],
            [
              -77.0617000003233,
              38.98620799982872
            ],
            [
              -77.06138200030598,
              38.986248000234305
            ],
            [
              -77.06098599957255,
              38.986359999992736
            ],
            [
              -77.06073299985256,
              38.986507000323265
            ],
            [
              -77.06004800031243,
              38.987000000300355
            ],
            [
              -77.05969699978485,
              38.98731100032132
            ],
            [
              -77.05960600044656,
              38.98737700001981
            ],
            [
              -77.0595100001871,
              38.98742899982354
            ],
            [
              -77.05932299969103,
              38.98744400024323
            ],
            [
              -77.05925800029202,
              38.98743999999194
            ],
            [
              -77.05915299981173,
              38.987400000259974
            ],
            [
              -77.05903499981093,
              38.987308999842845
            ],
            [
              -77.0589469999474,
              38.98720200034601
            ],
            [
              -77.05883800016746,
              38.987105000316554
            ],
            [
              -77.05843700030945,
              38.98693799983198
            ],
            [
              -77.05843599958622,
              38.986813000231685
            ],
            [
              -77.05839799995141,
              38.986699999894704
            ],
            [
              -77.05831099991275,
              38.98643299989582
            ],
            [
              -77.05825099963832,
              38.98635499977662
            ],
            [
              -77.0581450002314,
              38.98632499986908
            ],
            [
              -77.0581030003986,
              38.9863420003303
            ],
            [
              -77.05802100038284,
              38.986374999940736
            ],
            [
              -77.05766999985526,
              38.98666599983834
            ],
            [
              -77.05737600012738,
              38.986854000191926
            ],
            [
              -77.05684800004778,
              38.98722699972741
            ],
            [
              -77.0567519997883,
              38.98726800014613
            ],
            [
              -77.05673900026784,
              38.98727400018836
            ],
            [
              -77.05660299982539,
              38.98731100032132
            ],
            [
              -77.05653300040352,
              38.98735700013881
            ],
            [
              -77.05626899991455,
              38.98753200012768
            ],
            [
              -77.05623999960224,
              38.98757099989865
            ],
            [
              -77.0559140000873,
              38.987793000173
            ],
            [
              -77.05568499975847,
              38.98788100032183
            ],
            [
              -77.05542299981764,
              38.987924000124686
            ],
            [
              -77.05518299961813,
              38.98789199972178
            ],
            [
              -77.05506299996753,
              38.98790700004334
            ],
            [
              -77.0550189995866,
              38.987935000216154
            ],
            [
              -77.0549900001726,
              38.98798200020704
            ],
            [
              -77.05479699982875,
              38.9883789998802
            ],
            [
              -77.05475400017103,
              38.98842600027452
            ],
            [
              -77.05456300037532,
              38.98846699999876
            ],
            [
              -77.05433700041952,
              38.98843100034435
            ],
            [
              -77.05422600009145,
              38.988361999908186
            ],
            [
              -77.05419199975624,
              38.98830800033961
            ],
            [
              -77.05402400042507,
              38.98819299984097
            ],
            [
              -77.05382299968531,
              38.98802699970854
            ],
            [
              -77.05347399970584,
              38.987794999939595
            ],
            [
              -77.05334200035968,
              38.98768600001131
            ],
            [
              -77.0532100001152,
              38.98761100023225
            ],
            [
              -77.05303500021303,
              38.987556000204094
            ],
            [
              -77.05300699972561,
              38.987502000020626
            ],
            [
              -77.05308200006868,
              38.987337000252204
            ],
            [
              -77.05255800018705,
              38.98699099985285
            ],
            [
              -77.05237499988894,
              38.986915000139966
            ],
            [
              -77.05234499975172,
              38.986891999742205
            ],
            [
              -77.05232899985819,
              38.98681799971718
            ],
            [
              -77.05176899999154,
              38.987243999972016
            ],
            [
              -77.05045500008947,
              38.988172000312616
            ],
            [
              -77.0496190000383,
              38.98882099981464
            ],
            [
              -77.04713299962609,
              38.99082399978819
            ],
            [
              -77.04670900020187,
              38.991166000262396
            ],
            [
              -77.04651300038329,
              38.991323999952
            ],
            [
              -77.04608099966484,
              38.991621999953175
            ],
            [
              -77.04543899978242,
              38.992066000228206
            ],
            [
              -77.04486300002225,
              38.99250999981245
            ],
            [
              -77.04420199987327,
              38.99301900031497
            ],
            [
              -77.04391900001605,
              38.99323700033504
            ],
            [
              -77.04255599971017,
              38.99428700010809
            ],
            [
              -77.04233300012741,
              38.99447700004489
            ],
            [
              -77.0418469998806,
              38.99492900021801
            ],
            [
              -77.04173599955251,
              38.99503299986164
            ],
            [
              -77.04137499987749,
              38.995361999661185
            ],
            [
              -77.04088199995799,
              38.99584500030949
            ],
            [
              -77.03794100015942,
              38.993565000304194
            ],
            [
              -77.03752600005774,
              38.99325300002821
            ],
            [
              -77.03719100032198,
              38.9929919998686
            ],
            [
              -77.03682499972578,
              38.9927050000987
            ],
            [
              -77.03650099986066,
              38.992421000015185
            ],
            [
              -77.03627499990486,
              38.99220899989833
            ],
            [
              -77.03621899982836,
              38.99215799993684
            ],
            [
              -77.03613400033785,
              38.99206200023818
            ],
            [
              -77.03567800022827,
              38.991704999692594
            ],
            [
              -77.03498000026937,
              38.991090999981424
            ],
            [
              -77.03407999974577,
              38.99038999996349
            ],
            [
              -77.03353099974979,
              38.98996299993755
            ],
            [
              -77.03288300001958,
              38.989456000217814
            ],
            [
              -77.03282899959291,
              38.98941399980961
            ],
            [
              -77.03236300033592,
              38.989044000223686
            ],
            [
              -77.03111999968064,
              38.98809400001492
            ],
            [
              -77.03107299982497,
              38.98805700029128
            ],
            [
              -77.02963400024944,
              38.986923999898885
            ],
            [
              -77.02960900013508,
              38.98690399988993
            ],
            [
              -77.02841099968565,
              38.98596499998651
            ],
            [
              -77.02810600008712,
              38.98572100009579
            ],
            [
              -77.02699499967633,
              38.984870000262774
            ],
            [
              -77.02687000000289,
              38.98477499968278
            ],
            [
              -77.02659600036648,
              38.98451199982293
            ],
            [
              -77.02573299965282,
              38.983832999652606
            ],
            [
              -77.024260999567,
              38.98271899993125
            ],
            [
              -77.02317000014602,
              38.98185699998717
            ],
            [
              -77.02314699968149,
              38.98183899987808
            ],
            [
              -77.02235599983615,
              38.981329999981384
            ],
            [
              -77.02233800029282,
              38.98138000008941
            ],
            [
              -77.02038900018103,
              38.9798729996792
            ],
            [
              -77.02146799990643,
              38.98182399966733
            ],
            [
              -77.02204100019189,
              38.98281800029147
            ],
            [
              -77.02291800025094,
              38.984286999934675
            ],
            [
              -77.02303000040395,
              38.98445900004089
            ],
            [
              -77.0228169999686,
              38.984795000293225
            ],
            [
              -77.02233800029282,
              38.98548099972627
            ],
            [
              -77.02191099959722,
              38.98606399999705
            ],
            [
              -77.02146899973135,
              38.98667100003248
            ],
            [
              -77.02103400043649,
              38.987276999860164
            ],
            [
              -77.02076699957448,
              38.98763199992703
            ],
            [
              -77.02034700034824,
              38.98821599981599
            ],
            [
              -77.01867600007078,
              38.98715200016023
            ],
            [
              -77.01860800029871,
              38.98714000005456
            ],
            [
              -77.01789799974594,
              38.986693999803826
            ],
            [
              -77.01720399998499,
              38.98614799987628
            ],
            [
              -77.01661599963093,
              38.98572499974595
            ],
            [
              -77.0165019998281,
              38.98567100026048
            ],
            [
              -77.0164259996601,
              38.98576700024828
            ],
            [
              -77.01575399964048,
              38.9864150002519
            ],
            [
              -77.01490000004596,
              38.98589300020924
            ],
            [
              -77.0143960002558,
              38.98559499982869
            ],
            [
              -77.01479299991583,
              38.984995999725484
            ],
            [
              -77.01460999961772,
              38.984946999999856
            ],
            [
              -77.01421299995768,
              38.98548500008827
            ],
            [
              -77.0138470002598,
              38.98599200032047
            ],
            [
              -77.01317500024015,
              38.98692300000333
            ],
            [
              -77.01232300029545,
              38.98812899996221
            ],
            [
              -77.01172599972057,
              38.988987000179684
            ],
            [
              -77.0116439997048,
              38.98908000026457
            ],
            [
              -77.01158000013069,
              38.98893400025686
            ],
            [
              -77.01125399971747,
              38.98867199966018
            ],
            [
              -77.01079000011028,
              38.98825400003158
            ],
            [
              -77.01014599967972,
              38.98796500013969
            ],
            [
              -77.00917800028238,
              38.98734599995751
            ],
            [
              -77.00620200032371,
              38.98741499998755
            ],
            [
              -77.00542399999884,
              38.9871479998925
            ],
            [
              -77.00508500006515,
              38.98713699967867
            ],
            [
              -77.0050750000194,
              38.98720300023766
            ],
            [
              -77.00505999995079,
              38.98724900012533
            ],
            [
              -77.00503499983644,
              38.98729499998311
            ],
            [
              -77.00500100039955,
              38.98736599984158
            ],
            [
              -77.00496899971418,
              38.987448999684155
            ],
            [
              -77.00495299982066,
              38.98748800019912
            ],
            [
              -77.00492299968343,
              38.9875700000122
            ],
            [
              -77.00490699978991,
              38.987644999834714
            ],
            [
              -77.00489599991926,
              38.987720000276006
            ],
            [
              -77.00490000011722,
              38.98776800029327
            ],
            [
              -77.00491400036091,
              38.98783199980018
            ],
            [
              -77.00494199995,
              38.98789500006566
            ],
            [
              -77.00497200008725,
              38.987925000006086
            ],
            [
              -77.00500100039955,
              38.987950999711444
            ],
            [
              -77.00502200031595,
              38.98796000003695
            ],
            [
              -77.0051110000044,
              38.98799699981129
            ],
            [
              -77.00516299988294,
              38.988009999651936
            ],
            [
              -77.00517799995156,
              38.988009999651936
            ],
            [
              -77.00526699964001,
              38.988007999891465
            ],
            [
              -77.00540200025755,
              38.988016000329566
            ],
            [
              -77.00549799961871,
              38.98803199980655
            ],
            [
              -77.0055889998553,
              38.988035000144436
            ],
            [
              -77.00562200036556,
              38.9880420000015
            ],
            [
              -77.00565699962735,
              38.98805999992991
            ],
            [
              -77.00567500006902,
              38.98807500021587
            ],
            [
              -77.00578899987183,
              38.98817400006845
            ],
            [
              -77.00580899996332,
              38.98820499976814
            ],
            [
              -77.0058490001463,
              38.98824299998963
            ],
            [
              -77.00588000010843,
              38.988299000058355
            ],
            [
              -77.00594000038288,
              38.98837000030627
            ],
            [
              -77.00601300017783,
              38.98842899989752
            ],
            [
              -77.0061100002622,
              38.98848100032488
            ],
            [
              -77.00614600024721,
              38.98850500007959
            ],
            [
              -77.00626599989782,
              38.988636999981374
            ],
            [
              -77.00642800027953,
              38.98885600010066
            ],
            [
              -77.00653799988437,
              38.988998999972296
            ],
            [
              -77.00684400020612,
              38.98933700004381
            ],
            [
              -77.00686099992456,
              38.98943399980761
            ],
            [
              -77.00685500007678,
              38.989600000131496
            ],
            [
              -77.00678700030473,
              38.98968300014745
            ],
            [
              -77.00678200028185,
              38.98972299998577
            ],
            [
              -77.00675200014462,
              38.989814000092366
            ],
            [
              -77.00643900015017,
              38.9899670000462
            ],
            [
              -77.0061720001865,
              38.99018399984255
            ],
            [
              -77.0061029996912,
              38.990271999811675
            ],
            [
              -77.00606500005637,
              38.99043199979259
            ],
            [
              -77.00605699966044,
              38.99061199977518
            ],
            [
              -77.00609500019358,
              38.990778999970246
            ],
            [
              -77.00616399979057,
              38.99093199993276
            ],
            [
              -77.0063849997235,
              38.99120699979594
            ],
            [
              -77.00641599968563,
              38.991310000188165
            ],
            [
              -77.00635499958626,
              38.99147399994072
            ],
            [
              -77.00634700008867,
              38.99172499974144
            ],
            [
              -77.00613399965333,
              38.991947000253134
            ],
            [
              -77.00604199959183,
              38.99206899969693
            ],
            [
              -77.00581399998619,
              38.9922909998278
            ],
            [
              -77.00557700015972,
              38.99259500023598
            ],
            [
              -77.0054700000296,
              38.99269800000464
            ],
            [
              -77.00521800013453,
              38.992832000089365
            ],
            [
              -77.00518700017238,
              38.992888999829674
            ],
            [
              -77.00524099970075,
              38.99314100000542
            ],
            [
              -77.00538600036401,
              38.99354100017067
            ],
            [
              -77.00538600036401,
              38.993616999751026
            ],
            [
              -77.00538600036401,
              38.993713000133155
            ],
            [
              -77.00541599960293,
              38.99384299980304
            ],
            [
              -77.00540899993024,
              38.99395299982055
            ],
            [
              -77.00536299989949,
              38.99410999977791
            ],
            [
              -77.00529400030251,
              38.99419399988327
            ],
            [
              -77.00516500043109,
              38.99427000015875
            ],
            [
              -77.00508099986719,
              38.99426600029324
            ],
            [
              -77.00478799996421,
              38.99430899970798
            ],
            [
              -77.00431799961093,
              38.99440700012751
            ],
            [
              -77.0042570004099,
              38.994440999956396
            ],
            [
              -77.00422600044774,
              38.994524999668926
            ],
            [
              -77.00424900001396,
              38.99462100021566
            ],
            [
              -77.0043710002127,
              38.994777000302804
            ],
            [
              -77.00479800000997,
              38.99510899993422
            ],
            [
              -77.00522599963215,
              38.99547500013284
            ],
            [
              -77.00537100029541,
              38.995559000014396
            ],
            [
              -77.0055539996952,
              38.995613000334394
            ],
            [
              -77.00571400042708,
              38.995613000334394
            ],
            [
              -77.00585900019203,
              38.99552100022994
            ],
            [
              -77.00594299985762,
              38.995506000125665
            ],
            [
              -77.00601900002562,
              38.9955099999211
            ],
            [
              -77.00626300042308,
              38.995623999929066
            ],
            [
              -77.00628599998929,
              38.99563800023584
            ],
            [
              -77.00613500037656,
              38.995736999982356
            ],
            [
              -77.00595000042863,
              38.99586400011728
            ],
            [
              -77.00569099996255,
              38.99606300000223
            ],
            [
              -77.00554600019758,
              38.99623800010875
            ],
            [
              -77.00542900002172,
              38.99643399965835
            ],
            [
              -77.00540899993024,
              38.99646700014893
            ],
            [
              -77.00516500043109,
              38.996863999703436
            ],
            [
              -77.00480499968265,
              38.99742400000118
            ],
            [
              -77.00464200037435,
              38.997637000297466
            ],
            [
              -77.00451000012987,
              38.99778100032132
            ],
            [
              -77.00433000020482,
              38.99792299987363
            ],
            [
              -77.00415199992959,
              38.99802199991409
            ],
            [
              -77.00364499976638,
              38.99822499965554
            ],
            [
              -77.00347900008502,
              38.997645000345244
            ],
            [
              -77.0032160003193,
              38.996560000179265
            ],
            [
              -77.00316299971753,
              38.9964329998971
            ],
            [
              -77.00305700031063,
              38.996132999677904
            ],
            [
              -77.00236100000154,
              38.99451900024131
            ],
            [
              -77.00229200040458,
              38.99430899970798
            ],
            [
              -77.00225300004652,
              38.9939930000384
            ],
            [
              -77.00223700015297,
              38.99373599971079
            ],
            [
              -77.00225800006938,
              38.993079999837384
            ],
            [
              -77.00224899984856,
              38.992549000331564
            ],
            [
              -77.0022170000615,
              38.99214299981795
            ],
            [
              -77.00218299972632,
              38.99193100026472
            ],
            [
              -77.0021669998328,
              38.99186400009929
            ],
            [
              -77.00207700031943,
              38.99149999973885
            ],
            [
              -77.00195500012069,
              38.99109500002633
            ],
            [
              -77.00178500024137,
              38.99057099989697
            ],
            [
              -77.00147999974453,
              38.98965099984158
            ],
            [
              -77.0011049998258,
              38.98878100016482
            ],
            [
              -77.00085600030378,
              38.988293999979206
            ],
            [
              -77.00071999986133,
              38.98796799978222
            ],
            [
              -77.00048200020997,
              38.98747700003814
            ],
            [
              -77.0001409997281,
              38.98696599968983
            ],
            [
              -76.99993599968869,
              38.98666499993915
            ],
            [
              -76.99983299975653,
              38.98652100033885
            ],
            [
              -76.99897599978897,
              38.98695400025088
            ],
            [
              -76.99795399996496,
              38.987250999907246
            ],
            [
              -76.99743199973312,
              38.98741699976477
            ],
            [
              -76.99718099966297,
              38.987494000222696
            ],
            [
              -76.99698099964641,
              38.987552999845896
            ],
            [
              -76.99681199959201,
              38.98760400033261
            ],
            [
              -76.99675499969061,
              38.987520000086356
            ],
            [
              -76.99667299967486,
              38.98739799978401
            ],
            [
              -76.99659400003213,
              38.987280000230115
            ],
            [
              -76.99647500020646,
              38.987101999939185
            ],
            [
              -76.99577999972227,
              38.986639999661
            ],
            [
              -76.99524599979488,
              38.987128999839484
            ],
            [
              -76.99501800018925,
              38.98734199970069
            ],
            [
              -76.99491799973183,
              38.9874339999638
            ],
            [
              -76.99441499976656,
              38.98788399996792
            ],
            [
              -76.9941629998715,
              38.98813200029604
            ],
            [
              -76.99407099980999,
              38.98825900011355
            ],
            [
              -76.99390599995354,
              38.9885499999468
            ],
            [
              -76.99383399998352,
              38.9887309996979
            ],
            [
              -76.99373600007424,
              38.98901699965736
            ],
            [
              -76.99354500027853,
              38.98983899994769
            ],
            [
              -76.99304200031328,
              38.992156000293505
            ],
            [
              -76.99298100021393,
              38.992436999892824
            ],
            [
              -76.99273699981644,
              38.993488999969856
            ],
            [
              -76.99262600038668,
              38.993969000050036
            ],
            [
              -76.9925860002037,
              38.994307999916764
            ],
            [
              -76.99249999998997,
              38.9941490001135
            ],
            [
              -76.99208099969033,
              38.99345200027361
            ],
            [
              -76.99203200018484,
              38.99338400034742
            ],
            [
              -76.99142999958707,
              38.992758999803726
            ],
            [
              -76.99109800022437,
              38.992405000133886
            ],
            [
              -76.99067599955166,
              38.99302099993387
            ],
            [
              -76.98988399988143,
              38.99398600007173
            ],
            [
              -76.9890589997009,
              38.99557700012562
            ],
            [
              -76.98860500013946,
              38.99599600025785
            ],
            [
              -76.98826500038085,
              38.99628800015939
            ],
            [
              -76.98757699956936,
              38.997269999662954
            ],
            [
              -76.98681800040937,
              38.998355999846694
            ],
            [
              -76.98595100039607,
              38.999385000070696
            ],
            [
              -76.98569299975489,
              38.99998000033426
            ],
            [
              -76.98516100037564,
              39.00055000022953
            ],
            [
              -76.98415000042228,
              39.001437999757215
            ],
            [
              -76.98367000002325,
              39.00220099966038
            ],
            [
              -76.98362900001537,
              39.00226700013362
            ],
            [
              -76.98319999966999,
              39.00284000016299
            ],
            [
              -76.98256000033571,
              39.003779999925754
            ],
            [
              -76.98224700034125,
              39.004240000011045
            ],
            [
              -76.98202100038546,
              39.004571000273664
            ],
            [
              -76.98165499978923,
              39.00511899975879
            ],
            [
              -76.9805750002389,
              39.00673999973823
            ],
            [
              -76.98052800038323,
              39.00681100033255
            ],
            [
              -76.98046399991082,
              39.006902999718505
            ],
            [
              -76.98043499959851,
              39.006945999830585
            ],
            [
              -76.98026100041955,
              39.00720099973068
            ],
            [
              -76.97998000021217,
              39.007535999913294
            ],
            [
              -76.9798649996861,
              39.00766799991829
            ],
            [
              -76.97936099989596,
              39.0081329999251
            ],
            [
              -76.97809800004751,
              39.00980799989822
            ],
            [
              -76.97728600028579,
              39.01093800031455
            ],
            [
              -76.97727799988986,
              39.01094699981055
            ],
            [
              -76.97714200034574,
              39.01113100026814
            ],
            [
              -76.9762250001037,
              39.01240099982569
            ],
            [
              -76.97605699987422,
              39.012634000124464
            ],
            [
              -76.97592200015501,
              39.01282399965313
            ],
            [
              -76.97558400004621,
              39.01329700033664
            ],
            [
              -76.97456499969692,
              39.01471399975561
            ],
            [
              -76.97384800036976,
              39.015635000091585
            ],
            [
              -76.97377100037687,
              39.01571800027988
            ],
            [
              -76.97353399965209,
              39.01605599975464
            ],
            [
              -76.97217999956705,
              39.017989999858855
            ],
            [
              -76.97216100019878,
              39.01801699983888
            ],
            [
              -76.97209699972638,
              39.01810900000351
            ],
            [
              -76.97191699980131,
              39.01832099998791
            ],
            [
              -76.97189199968695,
              39.01835400004026
            ],
            [
              -76.97265900014116,
              39.01839899976955
            ],
            [
              -76.97347599992575,
              39.018488999840145
            ],
            [
              -76.976070000293,
              39.01895000002646
            ],
            [
              -76.9762450001952,
              39.018977000337806
            ],
            [
              -76.97656999988521,
              39.01902299981057
            ],
            [
              -76.97677599974955,
              39.01905899995363
            ],
            [
              -76.9772159999656,
              39.019142000310495
            ],
            [
              -76.97834400009481,
              39.019356000259904
            ],
            [
              -76.97900199987076,
              39.01948400000488
            ],
            [
              -76.97990300021925,
              39.0196060001241
            ],
            [
              -76.98154799965911,
              39.01976100012639
            ],
            [
              -76.98188599976791,
              39.01977999979261
            ],
            [
              -76.98270599992556,
              39.0197680003346
            ],
            [
              -76.98341599958005,
              39.01975799973785
            ],
            [
              -76.984369999632,
              39.0197209998206
            ],
            [
              -76.98523300034567,
              39.019621000004086
            ],
            [
              -76.98592799993155,
              39.01952399974681
            ],
            [
              -76.98666000022564,
              39.01938999996394
            ],
            [
              -76.98746600013958,
              39.01922700014618
            ],
            [
              -76.98902699991385,
              39.0188290003139
            ],
            [
              -76.98999000018662,
              39.01857999994244
            ],
            [
              -76.99182200012255,
              39.018097000261925
            ],
            [
              -76.99230699964613,
              39.017970999711636
            ],
            [
              -76.99301300000099,
              39.017791999690424
            ],
            [
              -76.9941059999701,
              39.017540000070134
            ],
            [
              -76.99423800021457,
              39.01750200022672
            ],
            [
              -76.99467099985961,
              39.01736500030944
            ],
            [
              -76.99523199955118,
              39.017200999845535
            ],
            [
              -76.99665400030659,
              39.01684300033721
            ],
            [
              -76.99924799977552,
              39.01616499995526
            ],
            [
              -77.00050599960109,
              39.015823999748
            ],
            [
              -77.000738000303,
              39.01574000019575
            ],
            [
              -77.0024770003525,
              39.015350999912805
            ],
            [
              -77.00407300028687,
              39.01514499987063
            ],
            [
              -77.0044840001906,
              39.015133000324035
            ],
            [
              -77.00452400037356,
              39.015132000129086
            ],
            [
              -77.00488400022368,
              39.01516800015927
            ],
            [
              -77.0051460001645,
              39.015189000052054
            ],
            [
              -77.0053849996408,
              39.01521999978269
            ],
            [
              -77.00587599991047,
              39.015302000265535
            ],
            [
              -77.00605800038366,
              39.01533599982497
            ],
            [
              -77.00626599989782,
              39.01539300028149
            ],
            [
              -77.00756499973126,
              39.01575200033728
            ],
            [
              -77.00780300028094,
              39.01581699984731
            ],
            [
              -77.00801099979509,
              39.015876000285
            ],
            [
              -77.00868299981474,
              39.01605100024089
            ],
            [
              -77.00923400035887,
              39.01619700013591
            ],
            [
              -77.0097859998296,
              39.01630499994079
            ],
            [
              -77.01051200027592,
              39.01637499982964
            ],
            [
              -77.01109300005896,
              39.0163989998952
            ],
            [
              -77.01169399993351,
              39.01637499982964
            ],
            [
              -77.01220799976942,
              39.01632799985208
            ],
            [
              -77.01290400007849,
              39.016225999763655
            ],
            [
              -77.0142699998591,
              39.016137999966055
            ],
            [
              -77.01481700020527,
              39.01604899987691
            ],
            [
              -77.01547199960817,
              39.01596399971072
            ],
            [
              -77.01614100015307,
              39.01592100019538
            ],
            [
              -77.01648299956152,
              39.01581699984731
            ],
            [
              -77.0167060000426,
              39.01580199985831
            ],
            [
              -77.01726900028231,
              39.01580800027303
            ],
            [
              -77.0176419996529,
              39.01581399998932
            ],
            [
              -77.01871999955341,
              39.015892999928816
            ],
            [
              -77.01936499980887,
              39.01595100011968
            ],
            [
              -77.01951799996975,
              39.015972999963054
            ],
            [
              -77.02063500022831,
              39.01615699990783
            ],
            [
              -77.02188399983305,
              39.01637499982964
            ],
            [
              -77.02270800018866,
              39.01652599993217
            ],
            [
              -77.02384899983835,
              39.01672100033631
            ],
            [
              -77.02443499964428,
              39.01678100019143
            ],
            [
              -77.02526900004564,
              39.01682799986789
            ],
            [
              -77.02620499965592,
              39.016823999881794
            ],
            [
              -77.02693199992714,
              39.01676999969834
            ],
            [
              -77.02758700022837,
              39.01668199987975
            ],
            [
              -77.02852600021168,
              39.01648800024181
            ],
            [
              -77.02935300004204,
              39.01626099975585
            ],
            [
              -77.02992700015241,
              39.016046000028766
            ],
            [
              -77.03043099994255,
              39.015848000000624
            ],
            [
              -77.03080400021146,
              39.01568000015532
            ],
            [
              -77.03140900028394,
              39.01537700001103
            ],
            [
              -77.03226299987847,
              39.01486200001676
            ],
            [
              -77.03266999958426,
              39.01459900029144
            ],
            [
              -77.03331700038785,
              39.01421599986573
            ],
            [
              -77.03385299996505,
              39.01393500020786
            ],
            [
              -77.03416699978443,
              39.01379000004456
            ],
            [
              -77.03442100022764,
              39.013684999836954
            ],
            [
              -77.03471900015347,
              39.01358000017146
            ],
            [
              -77.0350530000643,
              39.01349499982955
            ],
            [
              -77.03536799970857,
              39.01342700031999
            ],
            [
              -77.03583899988678,
              39.01334199979414
            ],
            [
              -77.03642700024082,
              39.01330500000962
            ],
            [
              -77.03698399973442,
              39.013284999778456
            ],
            [
              -77.03899099957253,
              39.01325900030709
            ],
            [
              -77.04119999997532,
              39.01328199981307
            ],
            [
              -77.04183099998708,
              39.0133099997175
            ],
            [
              -77.04198699962268,
              39.0133099997175
            ],
            [
              -77.0422269998222,
              39.01330799997398
            ],
            [
              -77.04257099977879,
              39.013319000307675
            ],
            [
              -77.04425799994975,
              39.013388999662304
            ],
            [
              -77.0446699996784,
              39.013395999803386
            ],
            [
              -77.04485399980142,
              39.01340499968456
            ],
            [
              -77.04496099993155,
              39.01340700012334
            ],
            [
              -77.04518799971225,
              39.01340700012334
            ],
            [
              -77.04655799969082,
              39.01343000027918
            ],
            [
              -77.04862999982625,
              39.013500000221995
            ],
            [
              -77.04956799998467,
              39.013532000212656
            ],
            [
              -77.05103599987251,
              39.01354800020256
            ],
            [
              -77.05253499972251,
              39.01357700021864
            ],
            [
              -77.05350200019326,
              39.01361600029371
            ],
            [
              -77.0543640001837,
              39.013657000081
            ],
            [
              -77.05462000027673,
              39.01366700014468
            ],
            [
              -77.05464399966787,
              39.01367100030936
            ],
            [
              -77.05477500008743,
              39.013684000319536
            ],
            [
              -77.0550689998153,
              39.013886000277395
            ],
            [
              -77.05520400043284,
              39.01397899974614
            ],
            [
              -77.05615199973869,
              39.01463000028076
            ],
            [
              -77.05621700003603,
              39.014675000286
            ],
            [
              -77.0565750002363,
              39.01489699998607
            ],
            [
              -77.05662899976467,
              39.01492799984471
            ],
            [
              -77.05684399984982,
              39.01460900022193
            ],
            [
              -77.05699199998783,
              39.01439000023426
            ],
            [
              -77.05717899958557,
              39.01421400014783
            ],
            [
              -77.0572079998979,
              39.01418800032001
            ],
            [
              -77.05742800000593,
              39.014130000079085
            ],
            [
              -77.0579820000248,
              39.01402000002097
            ],
            [
              -77.05817799984337,
              39.014038999833815
            ],
            [
              -77.05930599997261,
              39.014123000010706
            ],
            [
              -77.06015999956712,
              39.0141310002882
            ],
            [
              -77.06035799993383,
              39.01411700015096
            ],
            [
              -77.06075999961675,
              39.01405700012941
            ],
            [
              -77.06131799983358,
              39.01388800000457
            ],
            [
              -77.0618059997302,
              39.01364599979993
            ],
            [
              -77.06231600026645,
              39.01330900019479
            ],
            [
              -77.06273899986576,
              39.01292500023442
            ],
            [
              -77.06311799998245,
              39.01245400032057
            ],
            [
              -77.06346500031208,
              39.01185099973357
            ],
            [
              -77.06377999995634,
              39.011405000259714
            ]
          ]
        ]
      },
      "properties": {
        "geo_id": "2472450",
        "name": "Silver Spring CDP",
        "geography_type": "census_designated_place",
        "boundary_vintage": "2020-01-01",
        "metrics": {
          "population": 81015.0,
          "housing_units": 35150.0,
          "population_density": 10278.0
        },
        "evidence": [
          {
            "evidence_id": "census2020:2472450:population",
            "type": "structured_data",
            "title": "2020 Census POP100 — Silver Spring CDP",
            "source": "U.S. Census Bureau TIGERweb Census 2020",
            "url": "https://tigerweb.geo.census.gov/arcgis/rest/services/TIGERweb/tigerWMS_Census2020/MapServer/28/query?where=GEOID%3D%272472450%27&outFields=%2A&outSR=4326&returnGeometry=true&f=geojson",
            "date": "2020-04-01",
            "retrieved_at": "2026-09-18T23:29:36.065805+00:00",
            "geo_id": "2472450",
            "metric": "population",
            "value": 81015.0,
            "unit": "people",
            "excerpt": null,
            "page": null,
            "section": null,
            "page_label": null,
            "document_scope": null
          },
          {
            "evidence_id": "census2020:2472450:housing_units",
            "type": "structured_data",
            "title": "2020 Census HU100 — Silver Spring CDP",
            "source": "U.S. Census Bureau TIGERweb Census 2020",
            "url": "https://tigerweb.geo.census.gov/arcgis/rest/services/TIGERweb/tigerWMS_Census2020/MapServer/28/query?where=GEOID%3D%272472450%27&outFields=%2A&outSR=4326&returnGeometry=true&f=geojson",
            "date": "2020-04-01",
            "retrieved_at": "2026-09-18T23:29:36.065805+00:00",
            "geo_id": "2472450",
            "metric": "housing_units",
            "value": 35150.0,
            "unit": "units",
            "excerpt": null,
            "page": null,
            "section": null,
            "page_label": null,
            "document_scope": null
          },
          {
            "evidence_id": "census2020:2472450:population_density",
            "type": "structured_data",
            "title": "2020 Census Derived Density — Silver Spring CDP",
            "source": "U.S. Census Bureau TIGERweb Census 2020",
            "url": "https://tigerweb.geo.census.gov/arcgis/rest/services/TIGERweb/tigerWMS_Census2020/MapServer/28/query?where=GEOID%3D%272472450%27&outFields=%2A&outSR=4326&returnGeometry=true&f=geojson",
            "date": "2020-04-01",
            "retrieved_at": "2026-09-18T23:29:36.065805+00:00",
            "geo_id": "2472450",
            "metric": "population_density",
            "value": 10278.0,
            "unit": "people per sq mi",
            "excerpt": null,
            "page": null,
            "section": null,
            "page_label": null,
            "document_scope": null
          }
        ]
      }
    },
    {
      "type": "Feature",
      "id": "240317028002",
      "geometry": {
        "type": "Polygon",
        "coordinates": [
          [
            [
              -77.05477500008743,
              39.013684000319536
            ],
            [
              -77.05475499999595,
              39.01367000009374
            ],
            [
              -77.05470700031539,
              39.01363599973327
            ],
            [
              -77.05460299965998,
              39.013564999707974
            ],
            [
              -77.05426700009933,
              39.01323300012817
            ],
            [
              -77.05424199998495,
              39.01320399997103
            ],
            [
              -77.05393900003627,
              39.01285899993308
            ],
            [
              -77.05368799996609,
              39.012516000072075
            ],
            [
              -77.05335900007812,
              39.01194699980649
            ],
            [
              -77.05306199997722,
              39.011245000235675
            ],
            [
              -77.052702999952,
              39.010241999991955
            ],
            [
              -77.05248200001907,
              39.009696000252355
            ],
            [
              -77.0521690000246,
              39.008982999669804
            ],
            [
              -77.05200900019106,
              39.008670000078965
            ],
            [
              -77.05166400040954,
              39.00805600028378
            ],
            [
              -77.05128399956963,
              39.00738100033858
            ],
            [
              -77.05068699989306,
              39.00650999982087
            ],
            [
              -77.05065099990806,
              39.00645800007586
            ],
            [
              -77.0498580004129,
              39.00548899976711
            ],
            [
              -77.04933899965582,
              39.004924000173794
            ],
            [
              -77.04884300026158,
              39.00443599973352
            ],
            [
              -77.04836200003764,
              39.00401599966327
            ],
            [
              -77.04787400014102,
              39.00364600032782
            ],
            [
              -77.04724800015214,
              39.003227000119296
            ],
            [
              -77.04674500018689,
              39.00292200033954
            ],
            [
              -77.04610400012938,
              39.00258600027304
            ],
            [
              -77.04512599978797,
              39.002112999864444
            ],
            [
              -77.04497500017523,
              39.00204000007758
            ],
            [
              -77.04493900019023,
              39.00207099998671
            ],
            [
              -77.04476900031092,
              39.0022199998558
            ],
            [
              -77.0440439996895,
              39.00187599967923
            ],
            [
              -77.04305200000272,
              39.002693000247135
            ],
            [
              -77.04100699963146,
              39.00403199971166
            ],
            [
              -77.04042000000064,
              39.00440500016259
            ],
            [
              -77.04021300031141,
              39.00455999997557
            ],
            [
              -77.04002499999044,
              39.00468999996222
            ],
            [
              -77.0398540002862,
              39.004782000012426
            ],
            [
              -77.0397489998059,
              39.00481399975904
            ],
            [
              -77.03876399979181,
              39.005260000305256
            ],
            [
              -77.03853500036128,
              39.00540899974066
            ],
            [
              -77.03839899991884,
              39.005463999855834
            ],
            [
              -77.03828000009314,
              39.00551899992824
            ],
            [
              -77.03889000018852,
              39.00620900012257
            ],
            [
              -77.03914600028155,
              39.006580999947985
            ],
            [
              -77.039523999675,
              39.00721400023205
            ],
            [
              -77.03980999990527,
              39.0076099999147
            ],
            [
              -77.03987100000465,
              39.0077620001842
            ],
            [
              -77.03994700017263,
              39.00793800027192
            ],
            [
              -77.04025199977114,
              39.008636000106954
            ],
            [
              -77.04058800023012,
              39.00957399978814
            ],
            [
              -77.04085500019383,
              39.01031400012633
            ],
            [
              -77.04094899990514,
              39.01057699973248
            ],
            [
              -77.04115200029473,
              39.01114200024242
            ],
            [
              -77.04131299995322,
              39.011603999710424
            ],
            [
              -77.04145500024345,
              39.0119819998225
            ],
            [
              -77.04150299992402,
              39.01211299966873
            ],
            [
              -77.04161000005413,
              39.01244299985238
            ],
            [
              -77.04183900038299,
              39.0131260000429
            ],
            [
              -77.04183099998708,
              39.0133099997175
            ],
            [
              -77.04198699962268,
              39.0133099997175
            ],
            [
              -77.0422269998222,
              39.01330799997398
            ],
            [
              -77.04257099977879,
              39.013319000307675
            ],
            [
              -77.04425799994975,
              39.013388999662304
            ],
            [
              -77.0446699996784,
              39.013395999803386
            ],
            [
              -77.04485399980142,
              39.01340499968456
            ],
            [
              -77.04496099993155,
              39.01340700012334
            ],
            [
              -77.04518799971225,
              39.01340700012334
            ],
            [
              -77.04655799969082,
              39.01343000027918
            ],
            [
              -77.04862999982625,
              39.013500000221995
            ],
            [
              -77.04956799998467,
              39.013532000212656
            ],
            [
              -77.05103599987251,
              39.01354800020256
            ],
            [
              -77.05253499972251,
              39.01357700021864
            ],
            [
              -77.05350200019326,
              39.01361600029371
            ],
            [
              -77.0543640001837,
              39.013657000081
            ],
            [
              -77.05462000027673,
              39.01366700014468
            ],
            [
              -77.05464399966787,
              39.01367100030936
            ],
            [
              -77.05477500008743,
              39.013684000319536
            ]
          ]
        ]
      },
      "properties": {
        "geo_id": "240317028002",
        "name": "Block Group 2, Census Tract 7028.00",
        "geography_type": "block_group",
        "boundary_vintage": "Census 2020",
        "metrics": {
          "population": 2146.0,
          "housing_units": 777.0,
          "population_density": 4946.9
        },
        "evidence": [
          {
            "evidence_id": "census2020:240317028002:population",
            "type": "structured_data",
            "title": "2020 Census POP100 — Block Group 2, Census Tract 7028.00",
            "source": "U.S. Census Bureau TIGERweb Census 2020",
            "url": "https://tigerweb.geo.census.gov/arcgis/rest/services/TIGERweb/tigerWMS_Census2020/MapServer/8/query",
            "date": "2020-04-01",
            "retrieved_at": "2026-09-19T05:38:33.805674+00:00",
            "geo_id": "240317028002",
            "metric": "population",
            "value": 2146.0,
            "unit": "people",
            "excerpt": null,
            "page": null,
            "section": null,
            "page_label": null,
            "document_scope": null
          },
          {
            "evidence_id": "census2020:240317028002:housing_units",
            "type": "structured_data",
            "title": "2020 Census HU100 — Block Group 2, Census Tract 7028.00",
            "source": "U.S. Census Bureau TIGERweb Census 2020",
            "url": "https://tigerweb.geo.census.gov/arcgis/rest/services/TIGERweb/tigerWMS_Census2020/MapServer/8/query",
            "date": "2020-04-01",
            "retrieved_at": "2026-09-19T05:38:33.805674+00:00",
            "geo_id": "240317028002",
            "metric": "housing_units",
            "value": 777.0,
            "unit": "units",
            "excerpt": null,
            "page": null,
            "section": null,
            "page_label": null,
            "document_scope": null
          },
          {
            "evidence_id": "census2020:240317028002:population_density",
            "type": "structured_data",
            "title": "2020 Census Derived Density — Block Group 2, Census Tract 7028.00",
            "source": "U.S. Census Bureau TIGERweb Census 2020",
            "url": "https://tigerweb.geo.census.gov/arcgis/rest/services/TIGERweb/tigerWMS_Census2020/MapServer/8/query",
            "date": "2020-04-01",
            "retrieved_at": "2026-09-19T05:38:33.805674+00:00",
            "geo_id": "240317028002",
            "metric": "population_density",
            "value": 4946.9,
            "unit": "people per sq mi",
            "excerpt": null,
            "page": null,
            "section": null,
            "page_label": null,
            "document_scope": null
          }
        ]
      }
    },
    {
      "type": "Feature",
      "id": "240317051002",
      "geometry": {
        "type": "Polygon",
        "coordinates": [
          [
            [
              -77.07728700029641,
              38.996786999664984
            ],
            [
              -77.0772739998776,
              38.996146999883976
            ],
            [
              -77.07727700025065,
              38.994869999761455
            ],
            [
              -77.07727600042575,
              38.994645999769425
            ],
            [
              -77.07726999967966,
              38.99443000017784
            ],
            [
              -77.07726399983187,
              38.99417500032531
            ],
            [
              -77.07726899985474,
              38.99403799990742
            ],
            [
              -77.0772739998776,
              38.99390000012543
            ],
            [
              -77.07728200027353,
              38.993371000097426
            ],
            [
              -77.07728200027353,
              38.99334699989813
            ],
            [
              -77.0772799997254,
              38.993304999704286
            ],
            [
              -77.07726700020491,
              38.990522999685815
            ],
            [
              -77.07726399983187,
              38.990438000264845
            ],
            [
              -77.07726700020491,
              38.989040999928505
            ],
            [
              -77.07726200018206,
              38.987942999964254
            ],
            [
              -77.07716900029563,
              38.987944999726615
            ],
            [
              -77.07712999993755,
              38.987946000305975
            ],
            [
              -77.07668999972151,
              38.98795300017178
            ],
            [
              -77.07635400016085,
              38.98802900016672
            ],
            [
              -77.0751259995742,
              38.98836799985772
            ],
            [
              -77.07426399958375,
              38.988536000332566
            ],
            [
              -77.07354700025658,
              38.98865100027393
            ],
            [
              -77.0719370000785,
              38.98890599978103
            ],
            [
              -77.07067800042803,
              38.98911999974543
            ],
            [
              -77.07058399981837,
              38.98917099980136
            ],
            [
              -77.07031900040283,
              38.989311000149364
            ],
            [
              -77.07002700032479,
              38.989552999818535
            ],
            [
              -77.06975500033822,
              38.989933000162644
            ],
            [
              -77.06951900033667,
              38.990294999809386
            ],
            [
              -77.0691069997097,
              38.99095099966313
            ],
            [
              -77.06896199994475,
              38.99114200001357
            ],
            [
              -77.06893699983038,
              38.991162000221514
            ],
            [
              -77.06844300008598,
              38.99149700024599
            ],
            [
              -77.06651300024077,
              38.99258000020976
            ],
            [
              -77.06612300025343,
              38.99276299975441
            ],
            [
              -77.06562000028818,
              38.99295000016234
            ],
            [
              -77.06507100029218,
              38.99309499975768
            ],
            [
              -77.06438400020393,
              38.99319800019501
            ],
            [
              -77.06394099961483,
              38.993220999940064
            ],
            [
              -77.0635370002821,
              38.993209000165095
            ],
            [
              -77.06304900038546,
              38.993166999889354
            ],
            [
              -77.06212600029566,
              38.9929270003292
            ],
            [
              -77.06230899969545,
              38.99337299970638
            ],
            [
              -77.06246900042731,
              38.99362900015501
            ],
            [
              -77.06261400019228,
              38.9937209999264
            ],
            [
              -77.0629039997222,
              38.994071000118964
            ],
            [
              -77.06297999989019,
              38.99413999987685
            ],
            [
              -77.06307899962438,
              38.99419000001352
            ],
            [
              -77.06326199992249,
              38.99420900026565
            ],
            [
              -77.06336200037993,
              38.99428899969121
            ],
            [
              -77.06340699968744,
              38.99443400003403
            ],
            [
              -77.06337700044851,
              38.994476000255986
            ],
            [
              -77.06338499994614,
              38.994524999668926
            ],
            [
              -77.06343799964958,
              38.99465899978525
            ],
            [
              -77.06345100006837,
              38.99473600004467
            ],
            [
              -77.06320199964803,
              38.994897999972416
            ],
            [
              -77.06280699963781,
              38.99504400024469
            ],
            [
              -77.06264000013155,
              38.995206000165496
            ],
            [
              -77.06270299988074,
              38.99541600013151
            ],
            [
              -77.06282799955422,
              38.995675000185564
            ],
            [
              -77.06297300021748,
              38.99603099978835
            ],
            [
              -77.06299400013388,
              38.99624199986275
            ],
            [
              -77.06289000037681,
              38.996452000245185
            ],
            [
              -77.06272299997224,
              38.996598000103944
            ],
            [
              -77.06266100004795,
              38.99680800012801
            ],
            [
              -77.06266100004795,
              38.9970350002145
            ],
            [
              -77.06270299988074,
              38.99731000010034
            ],
            [
              -77.06269000036026,
              38.99771799977972
            ],
            [
              -77.06268699998722,
              38.9977490001862
            ],
            [
              -77.06281199966068,
              38.99817999965651
            ],
            [
              -77.06291100029321,
              38.99836699971314
            ],
            [
              -77.06301800042333,
              38.99851200007768
            ],
            [
              -77.06306399955577,
              38.99870300026814
            ],
            [
              -77.0629949999588,
              38.99878999969052
            ],
            [
              -77.06285000019385,
              38.99888199973367
            ],
            [
              -77.06278900009447,
              38.998957999861254
            ],
            [
              -77.06275899995724,
              38.9991529998335
            ],
            [
              -77.06277400002585,
              38.99938900034495
            ],
            [
              -77.06275099956133,
              38.99952999974536
            ],
            [
              -77.06269000036026,
              38.999637000152475
            ],
            [
              -77.06259900012367,
              38.99974399969969
            ],
            [
              -77.06247699992493,
              38.999850999783185
            ],
            [
              -77.0623699997948,
              38.999918999778274
            ],
            [
              -77.06228600012922,
              39.00010600012591
            ],
            [
              -77.06228600012922,
              39.00030799976692
            ],
            [
              -77.06221699963393,
              39.00051099993107
            ],
            [
              -77.06204199973176,
              39.00065199988805
            ],
            [
              -77.06182800036983,
              39.000765999989454
            ],
            [
              -77.06173200011035,
              39.00085199996893
            ],
            [
              -77.06156100040613,
              39.001006999887046
            ],
            [
              -77.06146199977361,
              39.001128999768454
            ],
            [
              -77.06140099967425,
              39.00128900033552
            ],
            [
              -77.06130199994004,
              39.0013269998149
            ],
            [
              -77.0612709999779,
              39.00140700026885
            ],
            [
              -77.06122499994714,
              39.00144499968485
            ],
            [
              -77.06112600021295,
              39.00148699993421
            ],
            [
              -77.0610580004409,
              39.00156000029166
            ],
            [
              -77.06083599978473,
              39.001598000323604
            ],
            [
              -77.06075999961675,
              39.00157099966
            ],
            [
              -77.06062999992041,
              39.00140700026885
            ],
            [
              -77.06058499971455,
              39.00137300029639
            ],
            [
              -77.06047799958444,
              39.00134200008143
            ],
            [
              -77.06044699962229,
              39.00135800003644
            ],
            [
              -77.06039399991884,
              39.00144899984264
            ],
            [
              -77.06037100035263,
              39.001605000235415
            ],
            [
              -77.0602719997201,
              39.001833999660796
            ],
            [
              -77.06022599968935,
              39.00191799967272
            ],
            [
              -77.06011899955922,
              39.00204000007758
            ],
            [
              -77.05964599973122,
              39.00242199974417
            ],
            [
              -77.05920399986533,
              39.002623999753915
            ],
            [
              -77.05904300020686,
              39.002742000253036
            ],
            [
              -77.05895899964295,
              39.002834000044196
            ],
            [
              -77.05895199997028,
              39.00310100030098
            ],
            [
              -77.05877600024317,
              39.003424999878995
            ],
            [
              -77.05873799971,
              39.00367700023129
            ],
            [
              -77.05877600024317,
              39.0037610001493
            ],
            [
              -77.05884499984013,
              39.00384499996751
            ],
            [
              -77.05892900040405,
              39.00402799969986
            ],
            [
              -77.05901999974233,
              39.00415399996141
            ],
            [
              -77.05903599963585,
              39.00424099966198
            ],
            [
              -77.05908199966662,
              39.004325000306395
            ],
            [
              -77.05908900023762,
              39.0044700003282
            ],
            [
              -77.05934100013269,
              39.00485600010256
            ],
            [
              -77.0594480002628,
              39.004932000095735
            ],
            [
              -77.059623000165,
              39.005015999919706
            ],
            [
              -77.05980599956479,
              39.005160999921294
            ],
            [
              -77.05984400009793,
              39.00517200012593
            ],
            [
              -77.05992100009082,
              39.00514199981765
            ],
            [
              -77.0600659998558,
              39.00490100004407
            ],
            [
              -77.06011899955922,
              39.00485600010256
            ],
            [
              -77.06037899985023,
              39.004729999695215
            ],
            [
              -77.06050100004897,
              39.00470300022697
            ],
            [
              -77.06062999992041,
              39.00470300022697
            ],
            [
              -77.06074500044645,
              39.00476000017822
            ],
            [
              -77.06084400018065,
              39.004836999917
            ],
            [
              -77.06087400031787,
              39.00492800013488
            ],
            [
              -77.06085900024927,
              39.0051229997089
            ],
            [
              -77.06086699974686,
              39.00555800025827
            ],
            [
              -77.06075200011914,
              39.00584700020833
            ],
            [
              -77.06081300021852,
              39.00599999970389
            ],
            [
              -77.06088199981548,
              39.00607599986413
            ],
            [
              -77.0608969998841,
              39.006125999943414
            ],
            [
              -77.06118700031232,
              39.00619499981323
            ],
            [
              -77.06121800027447,
              39.00621400033213
            ],
            [
              -77.06125599990928,
              39.00625199995845
            ],
            [
              -77.06130199994004,
              39.006358999972285
            ],
            [
              -77.06137100043534,
              39.006421999800395
            ],
            [
              -77.06145400027602,
              39.006491999698696
            ],
            [
              -77.0619120000354,
              39.00659500018092
            ],
            [
              -77.06196499973885,
              39.00671300033901
            ],
            [
              -77.06204199973176,
              39.006790000046195
            ],
            [
              -77.06209500033353,
              39.00704099996922
            ],
            [
              -77.06216399993049,
              39.007182999784334
            ],
            [
              -77.06217099960318,
              39.00736200013314
            ],
            [
              -77.06216399993049,
              39.00739200019801
            ],
            [
              -77.0620109997696,
              39.00752599968078
            ],
            [
              -77.06200400009692,
              39.00758300014955
            ],
            [
              -77.06204199973176,
              39.007727999775724
            ],
            [
              -77.06227100006062,
              39.008082999868385
            ],
            [
              -77.06229399962683,
              39.008186000128106
            ],
            [
              -77.06232399976406,
              39.008486999790335
            ],
            [
              -77.06231600026645,
              39.00868200002418
            ],
            [
              -77.0623699997948,
              39.0092199997788
            ],
            [
              -77.06241599982555,
              39.0093489999992
            ],
            [
              -77.06238499986343,
              39.00947100015353
            ],
            [
              -77.0624610000314,
              39.00956699996679
            ],
            [
              -77.06266000022303,
              39.01002099990709
            ],
            [
              -77.0627279999951,
              39.01029500001072
            ],
            [
              -77.06277400002585,
              39.01039799984139
            ],
            [
              -77.06286600008737,
              39.01053600025367
            ],
            [
              -77.06295700032396,
              39.01060399975083
            ],
            [
              -77.06300099980658,
              39.01063899973343
            ],
            [
              -77.06300300035471,
              39.01060399975083
            ],
            [
              -77.06321699971664,
              39.009838000321686
            ],
            [
              -77.06324699985386,
              39.00963900009027
            ],
            [
              -77.06324699985386,
              39.009239000183186
            ],
            [
              -77.06301099985232,
              39.00806399985152
            ],
            [
              -77.06285000019385,
              39.00706099987196
            ],
            [
              -77.06284299962283,
              39.006855000114506
            ],
            [
              -77.06288899965358,
              39.00662600018831
            ],
            [
              -77.0629880002861,
              39.00629000026244
            ],
            [
              -77.06324000018118,
              39.0055609998532
            ],
            [
              -77.06328500038701,
              39.00544699979941
            ],
            [
              -77.06338499994614,
              39.004660999792556
            ],
            [
              -77.06358300031285,
              39.00341699978659
            ],
            [
              -77.0636360000163,
              39.00324199998299
            ],
            [
              -77.06393399994212,
              39.00249800025786
            ],
            [
              -77.064163000271,
              39.00215899983489
            ],
            [
              -77.06440699977013,
              39.001864999660185
            ],
            [
              -77.06455200043341,
              39.001688999821106
            ],
            [
              -77.06465899966521,
              39.0015020001668
            ],
            [
              -77.06474999990182,
              39.00138799985509
            ],
            [
              -77.06501000019281,
              39.00092599998123
            ],
            [
              -77.06505500039867,
              39.00088100030373
            ],
            [
              -77.06542899959416,
              39.00022100011666
            ],
            [
              -77.06565799992302,
              38.999617999961536
            ],
            [
              -77.06589499974947,
              38.998667999964766
            ],
            [
              -77.06593300028263,
              38.99839700010184
            ],
            [
              -77.06679500027307,
              38.99844700002325
            ],
            [
              -77.06752699966884,
              38.9985270002429
            ],
            [
              -77.06822899982573,
              38.99861099999221
            ],
            [
              -77.06866400001893,
              38.9986640003479
            ],
            [
              -77.06961800007086,
              38.9987750002792
            ],
            [
              -77.06992299966939,
              38.99880499979677
            ],
            [
              -77.0708459997592,
              38.99892799971041
            ],
            [
              -77.07099899992009,
              38.99895900028493
            ],
            [
              -77.07142599971733,
              38.99904600009069
            ],
            [
              -77.07198300010927,
              38.99917900030113
            ],
            [
              -77.072654000304,
              38.99928599984281
            ],
            [
              -77.07435599964526,
              38.99951100022377
            ],
            [
              -77.07537199962148,
              38.99961899967772
            ],
            [
              -77.07685299992812,
              38.9998180001727
            ],
            [
              -77.07704299989894,
              38.99984299998482
            ],
            [
              -77.07704500044707,
              38.99960099989654
            ],
            [
              -77.0770620001655,
              38.999469999915995
            ],
            [
              -77.07717099994545,
              38.99845200008327
            ],
            [
              -77.07725100031139,
              38.9975699999489
            ],
            [
              -77.07728700029641,
              38.996786999664984
            ]
          ]
        ]
      },
      "properties": {
        "geo_id": "240317051002",
        "name": "Block Group 2, Census Tract 7051.00",
        "geography_type": "block_group",
        "boundary_vintage": "Census 2020",
        "metrics": {
          "population": 2254.0,
          "housing_units": 1131.0,
          "population_density": 3950.7
        },
        "evidence": [
          {
            "evidence_id": "census2020:240317051002:population",
            "type": "structured_data",
            "title": "2020 Census POP100 — Block Group 2, Census Tract 7051.00",
            "source": "U.S. Census Bureau TIGERweb Census 2020",
            "url": "https://tigerweb.geo.census.gov/arcgis/rest/services/TIGERweb/tigerWMS_Census2020/MapServer/8/query",
            "date": "2020-04-01",
            "retrieved_at": "2026-09-19T05:38:33.805674+00:00",
            "geo_id": "240317051002",
            "metric": "population",
            "value": 2254.0,
            "unit": "people",
            "excerpt": null,
            "page": null,
            "section": null,
            "page_label": null,
            "document_scope": null
          },
          {
            "evidence_id": "census2020:240317051002:housing_units",
            "type": "structured_data",
            "title": "2020 Census HU100 — Block Group 2, Census Tract 7051.00",
            "source": "U.S. Census Bureau TIGERweb Census 2020",
            "url": "https://tigerweb.geo.census.gov/arcgis/rest/services/TIGERweb/tigerWMS_Census2020/MapServer/8/query",
            "date": "2020-04-01",
            "retrieved_at": "2026-09-19T05:38:33.805674+00:00",
            "geo_id": "240317051002",
            "metric": "housing_units",
            "value": 1131.0,
            "unit": "units",
            "excerpt": null,
            "page": null,
            "section": null,
            "page_label": null,
            "document_scope": null
          },
          {
            "evidence_id": "census2020:240317051002:population_density",
            "type": "structured_data",
            "title": "2020 Census Derived Density — Block Group 2, Census Tract 7051.00",
            "source": "U.S. Census Bureau TIGERweb Census 2020",
            "url": "https://tigerweb.geo.census.gov/arcgis/rest/services/TIGERweb/tigerWMS_Census2020/MapServer/8/query",
            "date": "2020-04-01",
            "retrieved_at": "2026-09-19T05:38:33.805674+00:00",
            "geo_id": "240317051002",
            "metric": "population_density",
            "value": 3950.7,
            "unit": "people per sq mi",
            "excerpt": null,
            "page": null,
            "section": null,
            "page_label": null,
            "document_scope": null
          }
        ]
      }
    },
    {
      "type": "Feature",
      "id": "240317020003",
      "geometry": {
        "type": "Polygon",
        "coordinates": [
          [
            [
              -76.99894700037495,
              38.99480000023282
            ],
            [
              -76.99896999994118,
              38.994709000253415
            ],
            [
              -76.99885500031344,
              38.994403000269806
            ],
            [
              -76.99869499958156,
              38.994234999757225
            ],
            [
              -76.99861099991597,
              38.99411699973231
            ],
            [
              -76.99856499988522,
              38.99390000012543
            ],
            [
              -76.99851899985447,
              38.99376200007433
            ],
            [
              -76.99850399978585,
              38.99364399995889
            ],
            [
              -76.99854999981662,
              38.99332800011271
            ],
            [
              -76.99865699994675,
              38.99299599980612
            ],
            [
              -76.99868000041127,
              38.99267500008967
            ],
            [
              -76.99875599968092,
              38.992553000294116
            ],
            [
              -76.99886299981105,
              38.992473000302574
            ],
            [
              -76.99887000038207,
              38.99237000020647
            ],
            [
              -76.9987029999775,
              38.99200400000799
            ],
            [
              -76.99847399964862,
              38.99182499990087
            ],
            [
              -76.99828299985293,
              38.991621999953175
            ],
            [
              -76.99821400025596,
              38.99158000013205
            ],
            [
              -76.99806199991998,
              38.99153100007652
            ],
            [
              -76.9980009998206,
              38.9914890002014
            ],
            [
              -76.99796999985847,
              38.99140499967818
            ],
            [
              -76.99803099995785,
              38.991274999719174
            ],
            [
              -76.99803900035376,
              38.99105399972973
            ],
            [
              -76.9980850003845,
              38.99098200024127
            ],
            [
              -76.9981759997228,
              38.99092799987859
            ],
            [
              -76.99816800022519,
              38.99084800014491
            ],
            [
              -76.99812999969205,
              38.990778999970246
            ],
            [
              -76.99805400042237,
              38.99069199977562
            ],
            [
              -76.997993000323,
              38.99064600003079
            ],
            [
              -76.99785600005565,
              38.990584999806934
            ],
            [
              -76.99779499995628,
              38.99053099983965
            ],
            [
              -76.99775599959823,
              38.9904779996765
            ],
            [
              -76.99774899992553,
              38.99042100008912
            ],
            [
              -76.99777900006276,
              38.990252999898985
            ],
            [
              -76.99772600035931,
              38.99014599996487
            ],
            [
              -76.99766500025994,
              38.98985200014829
            ],
            [
              -76.99757300019844,
              38.98967700030942
            ],
            [
              -76.99745900039564,
              38.98921900023116
            ],
            [
              -76.99735200026551,
              38.98900599973397
            ],
            [
              -76.99723000006678,
              38.988849000324144
            ],
            [
              -76.99717700036332,
              38.98881900007708
            ],
            [
              -76.9970769999059,
              38.98879200012311
            ],
            [
              -76.99693999963854,
              38.98865100027393
            ],
            [
              -76.99689399960779,
              38.98857799986526
            ],
            [
              -76.99664300043594,
              38.98839099977589
            ],
            [
              -76.99648199987914,
              38.98831500016961
            ],
            [
              -76.99611600018125,
              38.98809800022924
            ],
            [
              -76.99536100032093,
              38.98771600004032
            ],
            [
              -76.9952390001222,
              38.98763600016741
            ],
            [
              -76.9950709998927,
              38.987487000311496
            ],
            [
              -76.99491799973183,
              38.9874339999638
            ],
            [
              -76.99441499976656,
              38.98788399996792
            ],
            [
              -76.9941629998715,
              38.98813200029604
            ],
            [
              -76.99407099980999,
              38.98825900011355
            ],
            [
              -76.99390599995354,
              38.9885499999468
            ],
            [
              -76.99383399998352,
              38.9887309996979
            ],
            [
              -76.99373600007424,
              38.98901699965736
            ],
            [
              -76.99354500027853,
              38.98983899994769
            ],
            [
              -76.99304200031328,
              38.992156000293505
            ],
            [
              -76.99298100021393,
              38.992436999892824
            ],
            [
              -76.99273699981644,
              38.993488999969856
            ],
            [
              -76.99262600038668,
              38.993969000050036
            ],
            [
              -76.9925860002037,
              38.994307999916764
            ],
            [
              -76.99268499993791,
              38.994570999685365
            ],
            [
              -76.99278500039533,
              38.99483600013869
            ],
            [
              -76.99280200011377,
              38.99487999968848
            ],
            [
              -76.99307599975016,
              38.99584600007905
            ],
            [
              -76.99307999994812,
              38.995863000348024
            ],
            [
              -76.99322399988816,
              38.996353999865
            ],
            [
              -76.99334699991181,
              38.99669199971966
            ],
            [
              -76.99348099980612,
              38.996971999706815
            ],
            [
              -76.99365499988339,
              38.99728599984064
            ],
            [
              -76.99371400033294,
              38.997340000239035
            ],
            [
              -76.99453299976736,
              38.99833400010864
            ],
            [
              -76.99461399995822,
              38.998416999655745
            ],
            [
              -76.9947830000126,
              38.99863199991396
            ],
            [
              -76.99499899992267,
              38.998970000057625
            ],
            [
              -76.99521499983274,
              38.999407000180064
            ],
            [
              -76.99530199987139,
              38.99964599969
            ],
            [
              -76.99546900027596,
              38.999600000180045
            ],
            [
              -76.99691000039962,
              38.99921000006759
            ],
            [
              -76.99735200026551,
              38.99908799966977
            ],
            [
              -76.99822900032457,
              38.998863000038135
            ],
            [
              -76.99812300001935,
              38.99857999996337
            ],
            [
              -76.99811499962343,
              38.99847000015675
            ],
            [
              -76.99821400025596,
              38.998279000035495
            ],
            [
              -76.99821400025596,
              38.998244999956206
            ],
            [
              -76.99809999955481,
              38.99810700000051
            ],
            [
              -76.99806899959268,
              38.998035000007874
            ],
            [
              -76.99810700012583,
              38.99785200013309
            ],
            [
              -76.99803099995785,
              38.99758500031377
            ],
            [
              -76.99800800039162,
              38.99733700029553
            ],
            [
              -76.99796999985847,
              38.997176999867584
            ],
            [
              -76.99797800025439,
              38.997058000108815
            ],
            [
              -76.99805400042237,
              38.99682899988676
            ],
            [
              -76.99806399956981,
              38.996754000021795
            ],
            [
              -76.99815300015658,
              38.996490000227865
            ],
            [
              -76.99819099979142,
              38.99632199978272
            ],
            [
              -76.99856499988522,
              38.99566600014293
            ],
            [
              -76.99875599968092,
              38.99518499992518
            ],
            [
              -76.99880199971167,
              38.99501399983074
            ],
            [
              -76.99886299981105,
              38.994903000283216
            ],
            [
              -76.99894700037495,
              38.99480000023282
            ]
          ]
        ]
      },
      "properties": {
        "geo_id": "240317020003",
        "name": "Block Group 3, Census Tract 7020.00",
        "geography_type": "block_group",
        "boundary_vintage": "Census 2020",
        "metrics": {
          "population": 1942.0,
          "housing_units": 581.0,
          "population_density": 9794.2
        },
        "evidence": [
          {
            "evidence_id": "census2020:240317020003:population",
            "type": "structured_data",
            "title": "2020 Census POP100 — Block Group 3, Census Tract 7020.00",
            "source": "U.S. Census Bureau TIGERweb Census 2020",
            "url": "https://tigerweb.geo.census.gov/arcgis/rest/services/TIGERweb/tigerWMS_Census2020/MapServer/8/query",
            "date": "2020-04-01",
            "retrieved_at": "2026-09-19T05:38:33.805674+00:00",
            "geo_id": "240317020003",
            "metric": "population",
            "value": 1942.0,
            "unit": "people",
            "excerpt": null,
            "page": null,
            "section": null,
            "page_label": null,
            "document_scope": null
          },
          {
            "evidence_id": "census2020:240317020003:housing_units",
            "type": "structured_data",
            "title": "2020 Census HU100 — Block Group 3, Census Tract 7020.00",
            "source": "U.S. Census Bureau TIGERweb Census 2020",
            "url": "https://tigerweb.geo.census.gov/arcgis/rest/services/TIGERweb/tigerWMS_Census2020/MapServer/8/query",
            "date": "2020-04-01",
            "retrieved_at": "2026-09-19T05:38:33.805674+00:00",
            "geo_id": "240317020003",
            "metric": "housing_units",
            "value": 581.0,
            "unit": "units",
            "excerpt": null,
            "page": null,
            "section": null,
            "page_label": null,
            "document_scope": null
          },
          {
            "evidence_id": "census2020:240317020003:population_density",
            "type": "structured_data",
            "title": "2020 Census Derived Density — Block Group 3, Census Tract 7020.00",
            "source": "U.S. Census Bureau TIGERweb Census 2020",
            "url": "https://tigerweb.geo.census.gov/arcgis/rest/services/TIGERweb/tigerWMS_Census2020/MapServer/8/query",
            "date": "2020-04-01",
            "retrieved_at": "2026-09-19T05:38:33.805674+00:00",
            "geo_id": "240317020003",
            "metric": "population_density",
            "value": 9794.2,
            "unit": "people per sq mi",
            "excerpt": null,
            "page": null,
            "section": null,
            "page_label": null,
            "document_scope": null
          }
        ]
      }
    },
    {
      "type": "Feature",
      "id": "240317021013",
      "geometry": {
        "type": "Polygon",
        "coordinates": [
          [
            [
              -76.9911009996991,
              39.00029799990883
            ],
            [
              -76.99123100029375,
              38.9998479999462
            ],
            [
              -76.99108800017862,
              38.99987400015844
            ],
            [
              -76.99072199958243,
              38.99998800011712
            ],
            [
              -76.99021699996736,
              39.00021999971079
            ],
            [
              -76.98980600006361,
              39.00049800029224
            ],
            [
              -76.9897340000936,
              39.00054199981208
            ],
            [
              -76.98930399992328,
              39.00076300019126
            ],
            [
              -76.98902000024115,
              39.00090500004219
            ],
            [
              -76.98872700033817,
              39.00102299991783
            ],
            [
              -76.98849200016154,
              39.00108999978921
            ],
            [
              -76.98829200014501,
              39.00113999990192
            ],
            [
              -76.98802400035642,
              39.00118999997935
            ],
            [
              -76.9877139998367,
              39.00122300034618
            ],
            [
              -76.98742099993375,
              39.00125699969259
            ],
            [
              -76.98693600041015,
              39.001290000028156
            ],
            [
              -76.9866519998297,
              39.001290000028156
            ],
            [
              -76.9864259998739,
              39.00127400005776
            ],
            [
              -76.98609100013816,
              39.0012400000214
            ],
            [
              -76.98586500018236,
              39.00121500000482
            ],
            [
              -76.9856309998306,
              39.00119800032354
            ],
            [
              -76.98538800015638,
              39.00120699966251
            ],
            [
              -76.98517399989612,
              39.00121000014005
            ],
            [
              -76.98486099990167,
              39.00124799966186
            ],
            [
              -76.98458499971716,
              39.00130699968729
            ],
            [
              -76.98415000042228,
              39.001437999757215
            ],
            [
              -76.98367000002325,
              39.00220099966038
            ],
            [
              -76.98370000016048,
              39.00223900004611
            ],
            [
              -76.98379600041996,
              39.00219999998061
            ],
            [
              -76.98698300026582,
              39.00408500019503
            ],
            [
              -76.98807399968682,
              39.00425499965994
            ],
            [
              -76.98953699955177,
              39.00454600003796
            ],
            [
              -76.98987300001076,
              39.00461300006343
            ],
            [
              -76.99006800000444,
              39.004611999719664
            ],
            [
              -76.9902069999216,
              39.00386100005458
            ],
            [
              -76.99063100024414,
              39.002154000036825
            ],
            [
              -76.99071900010767,
              39.00180499971662
            ],
            [
              -76.9908899998119,
              39.001130999856315
            ],
            [
              -76.9911009996991,
              39.00029799990883
            ]
          ]
        ]
      },
      "properties": {
        "geo_id": "240317021013",
        "name": "Block Group 3, Census Tract 7021.01",
        "geography_type": "block_group",
        "boundary_vintage": "Census 2020",
        "metrics": {
          "population": 1938.0,
          "housing_units": 572.0,
          "population_density": 27996.1
        },
        "evidence": [
          {
            "evidence_id": "census2020:240317021013:population",
            "type": "structured_data",
            "title": "2020 Census POP100 — Block Group 3, Census Tract 7021.01",
            "source": "U.S. Census Bureau TIGERweb Census 2020",
            "url": "https://tigerweb.geo.census.gov/arcgis/rest/services/TIGERweb/tigerWMS_Census2020/MapServer/8/query",
            "date": "2020-04-01",
            "retrieved_at": "2026-09-19T05:38:33.805674+00:00",
            "geo_id": "240317021013",
            "metric": "population",
            "value": 1938.0,
            "unit": "people",
            "excerpt": null,
            "page": null,
            "section": null,
            "page_label": null,
            "document_scope": null
          },
          {
            "evidence_id": "census2020:240317021013:housing_units",
            "type": "structured_data",
            "title": "2020 Census HU100 — Block Group 3, Census Tract 7021.01",
            "source": "U.S. Census Bureau TIGERweb Census 2020",
            "url": "https://tigerweb.geo.census.gov/arcgis/rest/services/TIGERweb/tigerWMS_Census2020/MapServer/8/query",
            "date": "2020-04-01",
            "retrieved_at": "2026-09-19T05:38:33.805674+00:00",
            "geo_id": "240317021013",
            "metric": "housing_units",
            "value": 572.0,
            "unit": "units",
            "excerpt": null,
            "page": null,
            "section": null,
            "page_label": null,
            "document_scope": null
          },
          {
            "evidence_id": "census2020:240317021013:population_density",
            "type": "structured_data",
            "title": "2020 Census Derived Density — Block Group 3, Census Tract 7021.01",
            "source": "U.S. Census Bureau TIGERweb Census 2020",
            "url": "https://tigerweb.geo.census.gov/arcgis/rest/services/TIGERweb/tigerWMS_Census2020/MapServer/8/query",
            "date": "2020-04-01",
            "retrieved_at": "2026-09-19T05:38:33.805674+00:00",
            "geo_id": "240317021013",
            "metric": "population_density",
            "value": 27996.1,
            "unit": "people per sq mi",
            "excerpt": null,
            "page": null,
            "section": null,
            "page_label": null,
            "document_scope": null
          }
        ]
      }
    },
    {
      "type": "Feature",
      "id": "240317021014",
      "geometry": {
        "type": "Polygon",
        "coordinates": [
          [
            [
              -77.00488400022368,
              39.01516800015927
            ],
            [
              -77.00473899956043,
              39.01499600000489
            ],
            [
              -77.0046180000849,
              39.01486799981331
            ],
            [
              -77.00426200043276,
              39.01435300030004
            ],
            [
              -77.00364999978926,
              39.013574000265635
            ],
            [
              -77.00360999960628,
              39.01351900017455
            ],
            [
              -77.00264300003386,
              39.01222199966494
            ],
            [
              -77.00183799994481,
              39.0125730000096
            ],
            [
              -77.00157099998113,
              39.0127329998213
            ],
            [
              -77.00038099992761,
              39.013262999796844
            ],
            [
              -76.99986200006884,
              39.01341199982406
            ],
            [
              -76.99954200040172,
              39.01347299991326
            ],
            [
              -76.99892399991042,
              39.013500000221995
            ],
            [
              -76.99859599984737,
              39.01348400022123
            ],
            [
              -76.9975499997339,
              39.01343099980025
            ],
            [
              -76.99765699986403,
              39.012260000251686
            ],
            [
              -76.99768000032856,
              39.01214899983974
            ],
            [
              -76.99776399999413,
              39.01198499984299
            ],
            [
              -76.99786299972835,
              39.01186700010378
            ],
            [
              -76.99800800039162,
              39.01176799989271
            ],
            [
              -76.99886299981105,
              39.011366999911594
            ],
            [
              -76.99860300041837,
              39.01099699993674
            ],
            [
              -76.99857999995383,
              39.01094399974598
            ],
            [
              -76.99857300028114,
              39.01083300006072
            ],
            [
              -76.99858800034976,
              39.0107300001655
            ],
            [
              -76.99866399961942,
              39.01061600006591
            ],
            [
              -76.99897699961387,
              39.01036799965546
            ],
            [
              -76.99825199989078,
              39.00967699997073
            ],
            [
              -76.99732200012828,
              39.01000499981729
            ],
            [
              -76.9975279999926,
              39.01038699975145
            ],
            [
              -76.9975499997339,
              39.010517000197744
            ],
            [
              -76.99749700003045,
              39.01069200015268
            ],
            [
              -76.99737499983173,
              39.01084100001241
            ],
            [
              -76.99723000006678,
              39.01092499979961
            ],
            [
              -76.99596399984527,
              39.01136300031462
            ],
            [
              -76.99582599975302,
              39.01140200021464
            ],
            [
              -76.995613000216,
              39.01141300014672
            ],
            [
              -76.99533000035878,
              39.01137100020637
            ],
            [
              -76.99512399959613,
              39.01128299995133
            ],
            [
              -76.99479600043139,
              39.01105100034045
            ],
            [
              -76.99464400009542,
              39.01092100017764
            ],
            [
              -76.99257600015795,
              39.011618999891894
            ],
            [
              -76.99247700042376,
              39.01163799965182
            ],
            [
              -76.99226300016352,
              39.011623000172406
            ],
            [
              -76.99210300032993,
              39.011546999690005
            ],
            [
              -76.99202700016197,
              39.011492999664995
            ],
            [
              -76.99194299959807,
              39.01138299969328
            ],
            [
              -76.99182799997033,
              39.011020000178334
            ],
            [
              -76.99180600022902,
              39.01092900011938
            ],
            [
              -76.99181299990174,
              39.01083300006072
            ],
            [
              -76.99187400000109,
              39.01050499986587
            ],
            [
              -76.99194299959807,
              39.010336999892004
            ],
            [
              -76.99203399983466,
              39.01023099987775
            ],
            [
              -76.99220200006414,
              39.010119999771476
            ],
            [
              -76.99233199976048,
              39.01006299995108
            ],
            [
              -76.99424700043541,
              39.00940699997293
            ],
            [
              -76.9943539996672,
              39.0093489999992
            ],
            [
              -76.99449900033046,
              39.009234999767834
            ],
            [
              -76.99454399963801,
              39.009169999792476
            ],
            [
              -76.99446099979733,
              39.00911700032673
            ],
            [
              -76.99405599974138,
              39.008968000325375
            ],
            [
              -76.99367499997487,
              39.008849999740804
            ],
            [
              -76.99321700021547,
              39.00880399993283
            ],
            [
              -76.9923469998291,
              39.008807999674566
            ],
            [
              -76.99223999969898,
              39.00878500010969
            ],
            [
              -76.99208800026135,
              39.008705000320546
            ],
            [
              -76.99201200009335,
              39.008636000106954
            ],
            [
              -76.99201899976603,
              39.00858300024109
            ],
            [
              -76.99262999968632,
              39.00808999983659
            ],
            [
              -76.99200399969745,
              39.007648000187224
            ],
            [
              -76.99181299990174,
              39.00753700021567
            ],
            [
              -76.99139399960205,
              39.00741099969732
            ],
            [
              -76.99132400018019,
              39.00692000012309
            ],
            [
              -76.991289999845,
              39.00668100005534
            ],
            [
              -76.99245300013432,
              39.00598900032608
            ],
            [
              -76.9909950002922,
              39.00492000021244
            ],
            [
              -76.99057400034272,
              39.004611000074014
            ],
            [
              -76.99006800000444,
              39.004611999719664
            ],
            [
              -76.98987300001076,
              39.00461300006343
            ],
            [
              -76.98953699955177,
              39.00454600003796
            ],
            [
              -76.98807399968682,
              39.00425499965994
            ],
            [
              -76.98698300026582,
              39.00408500019503
            ],
            [
              -76.98379600041996,
              39.00219999998061
            ],
            [
              -76.98370000016048,
              39.00223900004611
            ],
            [
              -76.98367000002325,
              39.00220099966038
            ],
            [
              -76.98362900001537,
              39.00226700013362
            ],
            [
              -76.98375399968886,
              39.00241800033951
            ],
            [
              -76.98430199985994,
              39.00290499967225
            ],
            [
              -76.98437600037809,
              39.002963000043096
            ],
            [
              -76.98564800044737,
              39.0039170003307
            ],
            [
              -76.98635399990387,
              39.00440999980157
            ],
            [
              -76.98644000011761,
              39.004459000014386
            ],
            [
              -76.98685199984625,
              39.004691000304824
            ],
            [
              -76.98747299981227,
              39.004990999841205
            ],
            [
              -76.98803199985403,
              39.00519900011326
            ],
            [
              -76.98859799956844,
              39.00532699965449
            ],
            [
              -76.98891200028612,
              39.00545000009708
            ],
            [
              -76.9890799996173,
              39.00555400033281
            ],
            [
              -76.98916500000612,
              39.00565700008669
            ],
            [
              -76.98925000039492,
              39.00579499997594
            ],
            [
              -76.98929600042567,
              39.0059560000882
            ],
            [
              -76.98932800021272,
              39.00627799991148
            ],
            [
              -76.98930700029632,
              39.00674100005185
            ],
            [
              -76.9893330002356,
              39.007403999661925
            ],
            [
              -76.98944899968824,
              39.00787299980268
            ],
            [
              -76.9894670001299,
              39.00818999990473
            ],
            [
              -76.98941500025137,
              39.00865399968356
            ],
            [
              -76.98947200015277,
              39.00928999970033
            ],
            [
              -76.98936599984756,
              39.00958500000452
            ],
            [
              -76.98912300017332,
              39.01000900018909
            ],
            [
              -76.98896300033975,
              39.01018899993347
            ],
            [
              -76.98892800017965,
              39.010280999812075
            ],
            [
              -76.9888489996386,
              39.010487000062284
            ],
            [
              -76.98884100014101,
              39.010609000347685
            ],
            [
              -76.98895800031687,
              39.010916000300874
            ],
            [
              -76.98907299994461,
              39.01111599998323
            ],
            [
              -76.9890300002869,
              39.011648000000946
            ],
            [
              -76.98908399981526,
              39.011987999863386
            ],
            [
              -76.98917699970167,
              39.01226399979793
            ],
            [
              -76.98933099968747,
              39.01255200003795
            ],
            [
              -76.98944700003841,
              39.012690999966836
            ],
            [
              -76.9897070003294,
              39.01288999998708
            ],
            [
              -76.9903750001511,
              39.01325900030709
            ],
            [
              -76.99146399992226,
              39.01392900033215
            ],
            [
              -76.99207700039068,
              39.01438700031579
            ],
            [
              -76.99231599986696,
              39.01460900022193
            ],
            [
              -76.99303300009245,
              39.01548299999029
            ],
            [
              -76.99322300006325,
              39.015714999719776
            ],
            [
              -76.99330000005614,
              39.01585200004193
            ],
            [
              -76.99355500032426,
              39.016608000296486
            ],
            [
              -76.9940919997264,
              39.01751900017755
            ],
            [
              -76.9941059999701,
              39.017540000070134
            ],
            [
              -76.99423800021457,
              39.01750200022672
            ],
            [
              -76.99467099985961,
              39.01736500030944
            ],
            [
              -76.99523199955118,
              39.017200999845535
            ],
            [
              -76.99665400030659,
              39.01684300033721
            ],
            [
              -76.99924799977552,
              39.01616499995526
            ],
            [
              -77.00050599960109,
              39.015823999748
            ],
            [
              -77.000738000303,
              39.01574000019575
            ],
            [
              -77.0024770003525,
              39.015350999912805
            ],
            [
              -77.00407300028687,
              39.01514499987063
            ],
            [
              -77.0044840001906,
              39.015133000324035
            ],
            [
              -77.00452400037356,
              39.015132000129086
            ],
            [
              -77.00488400022368,
              39.01516800015927
            ]
          ]
        ]
      },
      "properties": {
        "geo_id": "240317021014",
        "name": "Block Group 4, Census Tract 7021.01",
        "geography_type": "block_group",
        "boundary_vintage": "Census 2020",
        "metrics": {
          "population": 1291.0,
          "housing_units": 327.0,
          "population_density": 4553.7
        },
        "evidence": [
          {
            "evidence_id": "census2020:240317021014:population",
            "type": "structured_data",
            "title": "2020 Census POP100 — Block Group 4, Census Tract 7021.01",
            "source": "U.S. Census Bureau TIGERweb Census 2020",
            "url": "https://tigerweb.geo.census.gov/arcgis/rest/services/TIGERweb/tigerWMS_Census2020/MapServer/8/query",
            "date": "2020-04-01",
            "retrieved_at": "2026-09-19T05:38:33.805674+00:00",
            "geo_id": "240317021014",
            "metric": "population",
            "value": 1291.0,
            "unit": "people",
            "excerpt": null,
            "page": null,
            "section": null,
            "page_label": null,
            "document_scope": null
          },
          {
            "evidence_id": "census2020:240317021014:housing_units",
            "type": "structured_data",
            "title": "2020 Census HU100 — Block Group 4, Census Tract 7021.01",
            "source": "U.S. Census Bureau TIGERweb Census 2020",
            "url": "https://tigerweb.geo.census.gov/arcgis/rest/services/TIGERweb/tigerWMS_Census2020/MapServer/8/query",
            "date": "2020-04-01",
            "retrieved_at": "2026-09-19T05:38:33.805674+00:00",
            "geo_id": "240317021014",
            "metric": "housing_units",
            "value": 327.0,
            "unit": "units",
            "excerpt": null,
            "page": null,
            "section": null,
            "page_label": null,
            "document_scope": null
          },
          {
            "evidence_id": "census2020:240317021014:population_density",
            "type": "structured_data",
            "title": "2020 Census Derived Density — Block Group 4, Census Tract 7021.01",
            "source": "U.S. Census Bureau TIGERweb Census 2020",
            "url": "https://tigerweb.geo.census.gov/arcgis/rest/services/TIGERweb/tigerWMS_Census2020/MapServer/8/query",
            "date": "2020-04-01",
            "retrieved_at": "2026-09-19T05:38:33.805674+00:00",
            "geo_id": "240317021014",
            "metric": "population_density",
            "value": 4553.7,
            "unit": "people per sq mi",
            "excerpt": null,
            "page": null,
            "section": null,
            "page_label": null,
            "document_scope": null
          }
        ]
      }
    },
    {
      "type": "Feature",
      "id": "240317041003",
      "geometry": {
        "type": "Polygon",
        "coordinates": [
          [
            [
              -77.09106400007488,
              39.01188599979709
            ],
            [
              -77.09111000010563,
              39.011721999888486
            ],
            [
              -77.09105599967897,
              39.01172600016312
            ],
            [
              -77.09090400024131,
              39.01177500019419
            ],
            [
              -77.09070500004968,
              39.011752999742846
            ],
            [
              -77.09067499991247,
              39.01173700004487
            ],
            [
              -77.09067499991247,
              39.011714000036434
            ],
            [
              -77.09072799961591,
              39.01169200026409
            ],
            [
              -77.0907130004456,
              39.011672000274785
            ],
            [
              -77.09030099981865,
              39.01157700007388
            ],
            [
              -77.08990400015861,
              39.01122599967214
            ],
            [
              -77.08909599969653,
              39.01084500033694
            ],
            [
              -77.08849300017218,
              39.010635000095284
            ],
            [
              -77.0882489997747,
              39.01051299985467
            ],
            [
              -77.0878820002519,
              39.01042100027784
            ],
            [
              -77.0876229997858,
              39.01040200019097
            ],
            [
              -77.08757699975504,
              39.010383000099054
            ],
            [
              -77.08738699978426,
              39.01016199975673
            ],
            [
              -77.0872420000193,
              39.00987199971597
            ],
            [
              -77.08717300042233,
              39.009642999784724
            ],
            [
              -77.08714199956187,
              39.00960100018932
            ],
            [
              -77.08708100036083,
              39.009570999665335
            ],
            [
              -77.0870589997212,
              39.009525000326256
            ],
            [
              -77.08692099962893,
              39.00941800021534
            ],
            [
              -77.08665399966524,
              39.009322999778924
            ],
            [
              -77.08636400013532,
              39.009287999843146
            ],
            [
              -77.08624199993658,
              39.00923100005029
            ],
            [
              -77.08605100014088,
              39.009097999889626
            ],
            [
              -77.08599800043744,
              39.00907799986479
            ],
            [
              -77.08583000020795,
              39.00887999987262
            ],
            [
              -77.08578400017718,
              39.00873499981581
            ],
            [
              -77.08577699960618,
              39.00860900003538
            ],
            [
              -77.08573899997134,
              39.00857500003399
            ],
            [
              -77.08567799987198,
              39.00847200034073
            ],
            [
              -77.0855170002135,
              39.008380000203275
            ],
            [
              -77.08541099990828,
              39.00836100026618
            ],
            [
              -77.08533399991539,
              39.00836500003291
            ],
            [
              -77.08515099961728,
              39.00843399981287
            ],
            [
              -77.08511299998247,
              39.008426000286924
            ],
            [
              -77.08508299984523,
              39.00831899990953
            ],
            [
              -77.08508299984523,
              39.00826200003386
            ],
            [
              -77.08509799991386,
              39.0081740000988
            ],
            [
              -77.08518199957943,
              39.00794900004468
            ],
            [
              -77.08518199957943,
              39.007853999729406
            ],
            [
              -77.08515900001322,
              39.007758999984596
            ],
            [
              -77.085060000279,
              39.00763299986165
            ],
            [
              -77.08479999998801,
              39.007433999708965
            ],
            [
              -77.08458699955267,
              39.00736599995637
            ],
            [
              -77.08450999955978,
              39.0073580003097
            ],
            [
              -77.08443400029012,
              39.0073580003097
            ],
            [
              -77.08424299959609,
              39.00742299985607
            ],
            [
              -77.08420499996126,
              39.00746100022905
            ],
            [
              -77.08395300006617,
              39.008002999983326
            ],
            [
              -77.08383900026337,
              39.0081740000988
            ],
            [
              -77.08364799956935,
              39.00838799973437
            ],
            [
              -77.0835110002003,
              39.00846400012108
            ],
            [
              -77.08318999980993,
              39.008556000149284
            ],
            [
              -77.08306099993852,
              39.008532999804466
            ],
            [
              -77.082968999877,
              39.00847200034073
            ],
            [
              -77.08274799994408,
              39.00810599966153
            ],
            [
              -77.08275600033998,
              39.008013999746034
            ],
            [
              -77.08274000044646,
              39.007849999933775
            ],
            [
              -77.0827710004086,
              39.0078009999757
            ],
            [
              -77.08274000044646,
              39.00769799985337
            ],
            [
              -77.0826950002406,
              39.00765900000513
            ],
            [
              -77.08227500011604,
              39.00745299989501
            ],
            [
              -77.08193199998438,
              39.00709499990303
            ],
            [
              -77.08182499985426,
              39.00705300019079
            ],
            [
              -77.08159600042372,
              39.007026000212974
            ],
            [
              -77.08138200016346,
              39.00693499990181
            ],
            [
              -77.0811529998346,
              39.0067930002869
            ],
            [
              -77.08099300000104,
              39.0066599997304
            ],
            [
              -77.08083300016747,
              39.00647699982604
            ],
            [
              -77.08066300028815,
              39.00634299975219
            ],
            [
              -77.08042899993642,
              39.00630900005774
            ],
            [
              -77.08010800044437,
              39.00634000019041
            ],
            [
              -77.07948300028039,
              39.00664899975714
            ],
            [
              -77.07938299982297,
              39.00671000009491
            ],
            [
              -77.07932699974647,
              39.00680299992503
            ],
            [
              -77.07926900002015,
              39.0068960003309
            ],
            [
              -77.07923700023309,
              39.00693800013635
            ],
            [
              -77.07909300029306,
              39.00713700028834
            ],
            [
              -77.07900999955405,
              39.00729300000554
            ],
            [
              -77.07894099995708,
              39.00751100002738
            ],
            [
              -77.07896400042162,
              39.00759799978767
            ],
            [
              -77.07903200019369,
              39.00768599974128
            ],
            [
              -77.07910099979067,
              39.00782000006316
            ],
            [
              -77.07910099979067,
              39.007865000213336
            ],
            [
              -77.0790549997599,
              39.007933999782985
            ],
            [
              -77.07894099995708,
              39.00794200006258
            ],
            [
              -77.07876500022999,
              39.00792300000784
            ],
            [
              -77.07842999959593,
              39.00780799997176
            ],
            [
              -77.07836900039487,
              39.00782300026023
            ],
            [
              -77.07832300036412,
              39.00785800022287
            ],
            [
              -77.07826899993746,
              39.00792300000784
            ],
            [
              -77.07823899980022,
              39.00800999995945
            ],
            [
              -77.0782239997316,
              39.00811700010622
            ],
            [
              -77.07823100030261,
              39.00816700013891
            ],
            [
              -77.07863600035857,
              39.00846400012108
            ],
            [
              -77.078689000062,
              39.008544000182745
            ],
            [
              -77.07868099966609,
              39.008636000106954
            ],
            [
              -77.07819299976947,
              39.008837999824145
            ],
            [
              -77.07804800000451,
              39.00893399979851
            ],
            [
              -77.07794099987439,
              39.0090670002676
            ],
            [
              -77.07775799957628,
              39.0091510000676
            ],
            [
              -77.07762899970486,
              39.009169999792476
            ],
            [
              -77.07743000041152,
              39.009166000071204
            ],
            [
              -77.07730800021281,
              39.00914700034531
            ],
            [
              -77.0771170004171,
              39.00908200028903
            ],
            [
              -77.07692700044628,
              39.008968000325375
            ],
            [
              -77.07680500024755,
              39.008776999925445
            ],
            [
              -77.0765909999873,
              39.00869299968124
            ],
            [
              -77.07601100002917,
              39.008651000219785
            ],
            [
              -77.07573599966956,
              39.00868899993305
            ],
            [
              -77.07548499959938,
              39.00875399965244
            ],
            [
              -77.0751409996428,
              39.00880000019092
            ],
            [
              -77.0750190003424,
              39.00880000019092
            ],
            [
              -77.07472899991416,
              39.00870799978204
            ],
            [
              -77.0741880003141,
              39.0084409997463
            ],
            [
              -77.07392800002309,
              39.008426000286924
            ],
            [
              -77.07364599999077,
              39.0083379998579
            ],
            [
              -77.07344000012645,
              39.00822400009119
            ],
            [
              -77.07322599986621,
              39.00815500010638
            ],
            [
              -77.07279200039626,
              39.00794200006258
            ],
            [
              -77.07225000007294,
              39.00758300014955
            ],
            [
              -77.07189100004774,
              39.00743800022619
            ],
            [
              -77.07176899984903,
              39.007415000215836
            ],
            [
              -77.07157100038062,
              39.00741099969732
            ],
            [
              -77.07124999999024,
              39.00732399970698
            ],
            [
              -77.07067800042803,
              39.007209000093184
            ],
            [
              -77.070198000029,
              39.00714399965211
            ],
            [
              -77.06976299983583,
              39.00714399965211
            ],
            [
              -77.06954899957559,
              39.0071289999177
            ],
            [
              -77.06901499964819,
              39.007148000185715
            ],
            [
              -77.06880100028627,
              39.007182999784334
            ],
            [
              -77.0685719999574,
              39.00728200013071
            ],
            [
              -77.06816799972637,
              39.007548999655036
            ],
            [
              -77.06800000039519,
              39.007704999859676
            ],
            [
              -77.06788599969406,
              39.00784299994182
            ],
            [
              -77.06748900003403,
              39.008426000286924
            ],
            [
              -77.0671919999331,
              39.00878899985245
            ],
            [
              -77.06686399987004,
              39.00928099999355
            ],
            [
              -77.06657400034014,
              39.009589999975425
            ],
            [
              -77.06611599968241,
              39.010032000053954
            ],
            [
              -77.06580299968797,
              39.01039799984139
            ],
            [
              -77.06565799992302,
              39.0107300001655
            ],
            [
              -77.06551300015805,
              39.01084799970768
            ],
            [
              -77.06547499962491,
              39.010982000321384
            ],
            [
              -77.0653829995634,
              39.011081000236686
            ],
            [
              -77.06501699986552,
              39.011351999676734
            ],
            [
              -77.06457499999964,
              39.01161100002818
            ],
            [
              -77.0644679998695,
              39.01163100003475
            ],
            [
              -77.06433800017317,
              39.01161100002818
            ],
            [
              -77.06417999998943,
              39.01151299970491
            ],
            [
              -77.06413200030885,
              39.01148100019669
            ],
            [
              -77.06411600041532,
              39.01147000027519
            ],
            [
              -77.06386399962192,
              39.011300000001164
            ],
            [
              -77.06377999995634,
              39.011405000259714
            ],
            [
              -77.06346500031208,
              39.01185099973357
            ],
            [
              -77.06365799975761,
              39.01211399990643
            ],
            [
              -77.06369700011567,
              39.0121680001553
            ],
            [
              -77.06375099964401,
              39.01225199976248
            ],
            [
              -77.06379599984987,
              39.01236300001271
            ],
            [
              -77.06383500020792,
              39.01261499993415
            ],
            [
              -77.06404899956986,
              39.012568999782815
            ],
            [
              -77.06500500016995,
              39.01241599983811
            ],
            [
              -77.06513499986629,
              39.01240600029549
            ],
            [
              -77.06545399970851,
              39.012481999854806
            ],
            [
              -77.06648999977624,
              39.01281499969797
            ],
            [
              -77.0666420001122,
              39.01283999980316
            ],
            [
              -77.06682299986217,
              39.01285499972247
            ],
            [
              -77.06699299974147,
              39.01284400001461
            ],
            [
              -77.06715299957506,
              39.012817999683165
            ],
            [
              -77.06732300035267,
              39.0127639999306
            ],
            [
              -77.06752199964599,
              39.01266599980897
            ],
            [
              -77.06767800017991,
              39.01256100002657
            ],
            [
              -77.06780500040152,
              39.01240600029549
            ],
            [
              -77.06787300017359,
              39.012310999684495
            ],
            [
              -77.06795699983917,
              39.011813000323095
            ],
            [
              -77.06799600019724,
              39.01078200026009
            ],
            [
              -77.06798899962622,
              39.01034400033518
            ],
            [
              -77.06791599983129,
              39.00988900010496
            ],
            [
              -77.06785899992987,
              39.00943399973988
            ],
            [
              -77.06785899992987,
              39.009212999922475
            ],
            [
              -77.06790400013573,
              39.008911000274594
            ],
            [
              -77.06802399978633,
              39.008690000219175
            ],
            [
              -77.06822800000081,
              39.00850800027093
            ],
            [
              -77.06842700019246,
              39.00837700002982
            ],
            [
              -77.06875100005756,
              39.008251999903926
            ],
            [
              -77.06933699986348,
              39.00811500021587
            ],
            [
              -77.06983700035397,
              39.008110000140746
            ],
            [
              -77.07049099993198,
              39.00812099988681
            ],
            [
              -77.07097600035388,
              39.008251999903926
            ],
            [
              -77.0718440001921,
              39.00874900032048
            ],
            [
              -77.07234999963207,
              39.00909999975219
            ],
            [
              -77.07257399993806,
              39.00926700029218
            ],
            [
              -77.07287699988674,
              39.00953400000204
            ],
            [
              -77.07300999995614,
              39.00964799975149
            ],
            [
              -77.07325900037648,
              39.00983399994021
            ],
            [
              -77.07338900007282,
              39.00991899979609
            ],
            [
              -77.07349399965481,
              39.00996899995098
            ],
            [
              -77.07351600029445,
              39.009980000105976
            ],
            [
              -77.0735699998228,
              39.01000499981729
            ],
            [
              -77.07386699992372,
              39.010116000103984
            ],
            [
              -77.07392300000022,
              39.010240999727834
            ],
            [
              -77.07395599961217,
              39.01031299986318
            ],
            [
              -77.0739210003504,
              39.01074400027527
            ],
            [
              -77.07379099975574,
              39.011298999752015
            ],
            [
              -77.07378300025813,
              39.011496999952634
            ],
            [
              -77.07382199971786,
              39.01176799989271
            ],
            [
              -77.07392800002309,
              39.01200100018287
            ],
            [
              -77.07411100032118,
              39.01225199976248
            ],
            [
              -77.07436300021627,
              39.01245400032057
            ],
            [
              -77.07557599983599,
              39.01327800032439
            ],
            [
              -77.07588899983044,
              39.01355700006439
            ],
            [
              -77.07612599965691,
              39.013831999944365
            ],
            [
              -77.0763009995591,
              39.01409499973017
            ],
            [
              -77.07644600022235,
              39.0144270001491
            ],
            [
              -77.07653800028388,
              39.01473599998377
            ],
            [
              -77.07659900038324,
              39.0151710000446
            ],
            [
              -77.07752199957473,
              39.01528899985482
            ],
            [
              -77.07757400035158,
              39.01529800019312
            ],
            [
              -77.07778100004082,
              39.015324999805074
            ],
            [
              -77.07864999970394,
              39.01544599992997
            ],
            [
              -77.07876199985695,
              39.01544800031102
            ],
            [
              -77.07891500001782,
              39.015454000057844
            ],
            [
              -77.08037600023297,
              39.01557399977332
            ],
            [
              -77.08216799998593,
              39.01568599988247
            ],
            [
              -77.08306099993852,
              39.01575400001169
            ],
            [
              -77.0840750002649,
              39.0159299997552
            ],
            [
              -77.0854410000455,
              39.01617800020488
            ],
            [
              -77.08712700039158,
              39.01651299974652
            ],
            [
              -77.08793599978026,
              39.01665799991019
            ],
            [
              -77.08814199964458,
              39.016299999746686
            ],
            [
              -77.08844700014141,
              39.015883999666244
            ],
            [
              -77.0889889995664,
              39.015154999723904
            ],
            [
              -77.08964499969251,
              39.014269999905615
            ],
            [
              -77.09065200034624,
              39.01290499989579
            ],
            [
              -77.0907820000426,
              39.01268699974673
            ],
            [
              -77.09081600037777,
              39.012610000177084
            ],
            [
              -77.09091900030992,
              39.0123780000332
            ],
            [
              -77.09106400007488,
              39.01188599979709
            ]
          ]
        ]
      },
      "properties": {
        "geo_id": "240317041003",
        "name": "Block Group 3, Census Tract 7041.00",
        "geography_type": "block_group",
        "boundary_vintage": "Census 2020",
        "metrics": {
          "population": 1335.0,
          "housing_units": 450.0,
          "population_density": 2926.9
        },
        "evidence": [
          {
            "evidence_id": "census2020:240317041003:population",
            "type": "structured_data",
            "title": "2020 Census POP100 — Block Group 3, Census Tract 7041.00",
            "source": "U.S. Census Bureau TIGERweb Census 2020",
            "url": "https://tigerweb.geo.census.gov/arcgis/rest/services/TIGERweb/tigerWMS_Census2020/MapServer/8/query",
            "date": "2020-04-01",
            "retrieved_at": "2026-09-19T05:38:33.805674+00:00",
            "geo_id": "240317041003",
            "metric": "population",
            "value": 1335.0,
            "unit": "people",
            "excerpt": null,
            "page": null,
            "section": null,
            "page_label": null,
            "document_scope": null
          },
          {
            "evidence_id": "census2020:240317041003:housing_units",
            "type": "structured_data",
            "title": "2020 Census HU100 — Block Group 3, Census Tract 7041.00",
            "source": "U.S. Census Bureau TIGERweb Census 2020",
            "url": "https://tigerweb.geo.census.gov/arcgis/rest/services/TIGERweb/tigerWMS_Census2020/MapServer/8/query",
            "date": "2020-04-01",
            "retrieved_at": "2026-09-19T05:38:33.805674+00:00",
            "geo_id": "240317041003",
            "metric": "housing_units",
            "value": 450.0,
            "unit": "units",
            "excerpt": null,
            "page": null,
            "section": null,
            "page_label": null,
            "document_scope": null
          },
          {
            "evidence_id": "census2020:240317041003:population_density",
            "type": "structured_data",
            "title": "2020 Census Derived Density — Block Group 3, Census Tract 7041.00",
            "source": "U.S. Census Bureau TIGERweb Census 2020",
            "url": "https://tigerweb.geo.census.gov/arcgis/rest/services/TIGERweb/tigerWMS_Census2020/MapServer/8/query",
            "date": "2020-04-01",
            "retrieved_at": "2026-09-19T05:38:33.805674+00:00",
            "geo_id": "240317041003",
            "metric": "population_density",
            "value": 2926.9,
            "unit": "people per sq mi",
            "excerpt": null,
            "page": null,
            "section": null,
            "page_label": null,
            "document_scope": null
          }
        ]
      }
    },
    {
      "type": "Feature",
      "id": "240317023022",
      "geometry": {
        "type": "Polygon",
        "coordinates": [
          [
            [
              -77.03226299987847,
              39.01486200001676
            ],
            [
              -77.03225600020578,
              39.01483699992838
            ],
            [
              -77.03222100004568,
              39.01470500004097
            ],
            [
              -77.03223399956616,
              39.01445299988906
            ],
            [
              -77.03219699975624,
              39.01438700031579
            ],
            [
              -77.03213499983195,
              39.01434699976181
            ],
            [
              -77.03202799970182,
              39.01429299978079
            ],
            [
              -77.0319130000741,
              39.01425899971985
            ],
            [
              -77.03181699981464,
              39.01425199966424
            ],
            [
              -77.03171499970738,
              39.01424400009837
            ],
            [
              -77.03163900043774,
              39.0142129999399
            ],
            [
              -77.03157800033836,
              39.014137000146775
            ],
            [
              -77.03147799988092,
              39.013869999665964
            ],
            [
              -77.03138699964433,
              39.01374800011981
            ],
            [
              -77.03119599984862,
              39.013552999893264
            ],
            [
              -77.03105899958126,
              39.01324799996413
            ],
            [
              -77.03095999984706,
              39.01311400015371
            ],
            [
              -77.03073600043939,
              39.01271000013679
            ],
            [
              -77.03028899965233,
              39.01223399970548
            ],
            [
              -77.0303639999954,
              39.01213800002213
            ],
            [
              -77.03022000005537,
              39.0118479997074
            ],
            [
              -77.03019699959083,
              39.01174499989431
            ],
            [
              -77.02995300009167,
              39.011546999690005
            ],
            [
              -77.02976899996865,
              39.011290999852115
            ],
            [
              -77.02951000040088,
              39.01106200032712
            ],
            [
              -77.02940300027075,
              39.011001000252435
            ],
            [
              -77.02928899956963,
              39.01098599993991
            ],
            [
              -77.02896800007757,
              39.010993000318834
            ],
            [
              -77.02830500027876,
              39.01091699985742
            ],
            [
              -77.02812100015574,
              39.01084500033694
            ],
            [
              -77.0278929996518,
              39.01071100016164
            ],
            [
              -77.02780899998622,
              39.010714999795496
            ],
            [
              -77.02774799988684,
              39.010757000125395
            ],
            [
              -77.02767900028988,
              39.010839000199084
            ],
            [
              -77.0276180001905,
              39.01087500032055
            ],
            [
              -77.02729699980014,
              39.01086799992999
            ],
            [
              -77.02688500007147,
              39.010828999735516
            ],
            [
              -77.02634399957309,
              39.010714999795496
            ],
            [
              -77.0259999996165,
              39.01060399975083
            ],
            [
              -77.02567999994938,
              39.01047499972532
            ],
            [
              -77.02543700027513,
              39.01032299970167
            ],
            [
              -77.02522200018997,
              39.01018899993347
            ],
            [
              -77.02509999999123,
              39.01013899993411
            ],
            [
              -77.02472099987456,
              39.01017700024398
            ],
            [
              -77.02397900043303,
              39.010269000138194
            ],
            [
              -77.02366600043857,
              39.01028800026073
            ],
            [
              -77.02335300044413,
              39.01018500026987
            ],
            [
              -77.0230630000159,
              39.010017000234
            ],
            [
              -77.02295599988578,
              39.009983000211385
            ],
            [
              -77.02280400044813,
              39.00994799990422
            ],
            [
              -77.02268200024939,
              39.009944000226945
            ],
            [
              -77.02238400032357,
              39.00985300017966
            ],
            [
              -77.0223459997904,
              39.00985300017966
            ],
            [
              -77.02225399972892,
              39.0099020001123
            ],
            [
              -77.02226200012483,
              39.009776999889326
            ],
            [
              -77.02218599995685,
              39.00969300013473
            ],
            [
              -77.02195699962799,
              39.009520999927076
            ],
            [
              -77.02178099990088,
              39.00941399981011
            ],
            [
              -77.02168999966428,
              39.00933000032245
            ],
            [
              -77.02157500003656,
              39.00919700034789
            ],
            [
              -77.02146100023376,
              39.00876600028139
            ],
            [
              -77.02143000027161,
              39.00856699982599
            ],
            [
              -77.02136199960123,
              39.0084069996642
            ],
            [
              -77.02128600033157,
              39.008284999768804
            ],
            [
              -77.02103400043649,
              39.008070999821605
            ],
            [
              -77.02065199994675,
              39.0078009999757
            ],
            [
              -77.02054499981664,
              39.00763699966954
            ],
            [
              -77.0204720000217,
              39.00756599990431
            ],
            [
              -77.0204080004476,
              39.00750299969904
            ],
            [
              -77.0203670004397,
              39.007463999743244
            ],
            [
              -77.02010799997363,
              39.0076230003409
            ],
            [
              -77.01982799959114,
              39.00780400017353
            ],
            [
              -77.01882099983574,
              39.00845299973031
            ],
            [
              -77.01841300030505,
              39.008721000006425
            ],
            [
              -77.01823099983186,
              39.00887100011362
            ],
            [
              -77.01802599979244,
              39.009084999734526
            ],
            [
              -77.01797100043918,
              39.00914799992685
            ],
            [
              -77.01787500017971,
              39.009320999922664
            ],
            [
              -77.01740800019947,
              39.01060500000982
            ],
            [
              -77.01726799955908,
              39.0110340002307
            ],
            [
              -77.0169739998312,
              39.01182299994951
            ],
            [
              -77.0168950001885,
              39.01208900024257
            ],
            [
              -77.0167820002106,
              39.0125260002971
            ],
            [
              -77.0167610002942,
              39.01264499986498
            ],
            [
              -77.01670000019483,
              39.0129729999072
            ],
            [
              -77.01669299962381,
              39.01314099990155
            ],
            [
              -77.01667799955518,
              39.01327899984761
            ],
            [
              -77.01667000005759,
              39.01334700019741
            ],
            [
              -77.01667000005759,
              39.0136030002711
            ],
            [
              -77.01671600008834,
              39.014002999926944
            ],
            [
              -77.01672299976104,
              39.01406000006192
            ],
            [
              -77.01672500030918,
              39.014564000174644
            ],
            [
              -77.01664699959306,
              39.01510700013615
            ],
            [
              -77.01655700007969,
              39.01558999999921
            ],
            [
              -77.01648299956152,
              39.01581699984731
            ],
            [
              -77.0167060000426,
              39.01580199985831
            ],
            [
              -77.01726900028231,
              39.01580800027303
            ],
            [
              -77.0176419996529,
              39.01581399998932
            ],
            [
              -77.01871999955341,
              39.015892999928816
            ],
            [
              -77.01936499980887,
              39.01595100011968
            ],
            [
              -77.01951799996975,
              39.015972999963054
            ],
            [
              -77.02063500022831,
              39.01615699990783
            ],
            [
              -77.02188399983305,
              39.01637499982964
            ],
            [
              -77.02270800018866,
              39.01652599993217
            ],
            [
              -77.02384899983835,
              39.01672100033631
            ],
            [
              -77.02443499964428,
              39.01678100019143
            ],
            [
              -77.02526900004564,
              39.01682799986789
            ],
            [
              -77.02620499965592,
              39.016823999881794
            ],
            [
              -77.02693199992714,
              39.01676999969834
            ],
            [
              -77.02758700022837,
              39.01668199987975
            ],
            [
              -77.02852600021168,
              39.01648800024181
            ],
            [
              -77.02935300004204,
              39.01626099975585
            ],
            [
              -77.02992700015241,
              39.016046000028766
            ],
            [
              -77.03043099994255,
              39.015848000000624
            ],
            [
              -77.03080400021146,
              39.01568000015532
            ],
            [
              -77.03140900028394,
              39.01537700001103
            ],
            [
              -77.03226299987847,
              39.01486200001676
            ]
          ]
        ]
      },
      "properties": {
        "geo_id": "240317023022",
        "name": "Block Group 2, Census Tract 7023.02",
        "geography_type": "block_group",
        "boundary_vintage": "Census 2020",
        "metrics": {
          "population": 985.0,
          "housing_units": 358.0,
          "population_density": 2905.3
        },
        "evidence": [
          {
            "evidence_id": "census2020:240317023022:population",
            "type": "structured_data",
            "title": "2020 Census POP100 — Block Group 2, Census Tract 7023.02",
            "source": "U.S. Census Bureau TIGERweb Census 2020",
            "url": "https://tigerweb.geo.census.gov/arcgis/rest/services/TIGERweb/tigerWMS_Census2020/MapServer/8/query",
            "date": "2020-04-01",
            "retrieved_at": "2026-09-19T05:38:33.805674+00:00",
            "geo_id": "240317023022",
            "metric": "population",
            "value": 985.0,
            "unit": "people",
            "excerpt": null,
            "page": null,
            "section": null,
            "page_label": null,
            "document_scope": null
          },
          {
            "evidence_id": "census2020:240317023022:housing_units",
            "type": "structured_data",
            "title": "2020 Census HU100 — Block Group 2, Census Tract 7023.02",
            "source": "U.S. Census Bureau TIGERweb Census 2020",
            "url": "https://tigerweb.geo.census.gov/arcgis/rest/services/TIGERweb/tigerWMS_Census2020/MapServer/8/query",
            "date": "2020-04-01",
            "retrieved_at": "2026-09-19T05:38:33.805674+00:00",
            "geo_id": "240317023022",
            "metric": "housing_units",
            "value": 358.0,
            "unit": "units",
            "excerpt": null,
            "page": null,
            "section": null,
            "page_label": null,
            "document_scope": null
          },
          {
            "evidence_id": "census2020:240317023022:population_density",
            "type": "structured_data",
            "title": "2020 Census Derived Density — Block Group 2, Census Tract 7023.02",
            "source": "U.S. Census Bureau TIGERweb Census 2020",
            "url": "https://tigerweb.geo.census.gov/arcgis/rest/services/TIGERweb/tigerWMS_Census2020/MapServer/8/query",
            "date": "2020-04-01",
            "retrieved_at": "2026-09-19T05:38:33.805674+00:00",
            "geo_id": "240317023022",
            "metric": "population_density",
            "value": 2905.3,
            "unit": "people per sq mi",
            "excerpt": null,
            "page": null,
            "section": null,
            "page_label": null,
            "document_scope": null
          }
        ]
      }
    },
    {
      "type": "Feature",
      "id": "240317023012",
      "geometry": {
        "type": "Polygon",
        "coordinates": [
          [
            [
              -77.00545199958795,
              39.002965999748056
            ],
            [
              -77.00505800030096,
              39.0023230002753
            ],
            [
              -77.00470000010066,
              39.001699999867505
            ],
            [
              -77.00444300018272,
              39.001258000083745
            ],
            [
              -77.00427999997612,
              39.00078900006727
            ],
            [
              -77.00412799964015,
              39.00009299971454
            ],
            [
              -77.00392599997377,
              38.9994250000106
            ],
            [
              -77.00381800001874,
              38.9990389999257
            ],
            [
              -77.00364499976638,
              38.99822499965554
            ],
            [
              -77.00353400033661,
              38.998260000178036
            ],
            [
              -77.00332799957397,
              38.99829200008207
            ],
            [
              -77.00231900016875,
              38.9983440002443
            ],
            [
              -77.00111599969647,
              38.99841899982026
            ],
            [
              -77.00105200012236,
              38.99842399988227
            ],
            [
              -77.00054900015712,
              38.99846599983054
            ],
            [
              -76.9998160000381,
              38.998558000294956
            ],
            [
              -76.99876400007686,
              38.9987409997401
            ],
            [
              -76.99822900032457,
              38.998863000038135
            ],
            [
              -76.99942000020297,
              39.002704000137435
            ],
            [
              -76.99938900024084,
              39.00280699985229
            ],
            [
              -76.99931999974555,
              39.002914000190245
            ],
            [
              -76.99922100001135,
              39.00300900015898
            ],
            [
              -76.9991830003765,
              39.00309700023659
            ],
            [
              -76.99922900040725,
              39.0031770000853
            ],
            [
              -76.99935900010361,
              39.00326499995395
            ],
            [
              -76.99934300021009,
              39.00335600009966
            ],
            [
              -76.99942699987568,
              39.00344799979045
            ],
            [
              -76.99945000034022,
              39.00351999985959
            ],
            [
              -76.99937400017222,
              39.003738000339546
            ],
            [
              -76.99942000020297,
              39.00389799989295
            ],
            [
              -76.99935900010361,
              39.004000999963694
            ],
            [
              -76.99936900014934,
              39.004270999654274
            ],
            [
              -76.99937400017222,
              39.0043830002112
            ],
            [
              -76.99936599977632,
              39.00455799998465
            ],
            [
              -76.99938900024084,
              39.00463099996565
            ],
            [
              -76.99941199980707,
              39.00465299983997
            ],
            [
              -76.99959799957989,
              39.00468299965755
            ],
            [
              -76.99965600020451,
              39.0046919999494
            ],
            [
              -76.9997320003725,
              39.004740999966884
            ],
            [
              -76.99978599990087,
              39.00492800013488
            ],
            [
              -77.0000910003977,
              39.00482100005073
            ],
            [
              -77.00040400039217,
              39.004664999768565
            ],
            [
              -77.0018079998076,
              39.00386399972141
            ],
            [
              -77.0021819999014,
              39.003700000060874
            ],
            [
              -77.00230400010012,
              39.00367300019947
            ],
            [
              -77.00337199995491,
              39.003558999895525
            ],
            [
              -77.00383700028532,
              39.00347099969449
            ],
            [
              -77.00433299967955,
              39.00333700020932
            ],
            [
              -77.00545199958795,
              39.002965999748056
            ]
          ]
        ]
      },
      "properties": {
        "geo_id": "240317023012",
        "name": "Block Group 2, Census Tract 7023.01",
        "geography_type": "block_group",
        "boundary_vintage": "Census 2020",
        "metrics": {
          "population": 1572.0,
          "housing_units": 477.0,
          "population_density": 13866.7
        },
        "evidence": [
          {
            "evidence_id": "census2020:240317023012:population",
            "type": "structured_data",
            "title": "2020 Census POP100 — Block Group 2, Census Tract 7023.01",
            "source": "U.S. Census Bureau TIGERweb Census 2020",
            "url": "https://tigerweb.geo.census.gov/arcgis/rest/services/TIGERweb/tigerWMS_Census2020/MapServer/8/query",
            "date": "2020-04-01",
            "retrieved_at": "2026-09-19T05:38:33.805674+00:00",
            "geo_id": "240317023012",
            "metric": "population",
            "value": 1572.0,
            "unit": "people",
            "excerpt": null,
            "page": null,
            "section": null,
            "page_label": null,
            "document_scope": null
          },
          {
            "evidence_id": "census2020:240317023012:housing_units",
            "type": "structured_data",
            "title": "2020 Census HU100 — Block Group 2, Census Tract 7023.01",
            "source": "U.S. Census Bureau TIGERweb Census 2020",
            "url": "https://tigerweb.geo.census.gov/arcgis/rest/services/TIGERweb/tigerWMS_Census2020/MapServer/8/query",
            "date": "2020-04-01",
            "retrieved_at": "2026-09-19T05:38:33.805674+00:00",
            "geo_id": "240317023012",
            "metric": "housing_units",
            "value": 477.0,
            "unit": "units",
            "excerpt": null,
            "page": null,
            "section": null,
            "page_label": null,
            "document_scope": null
          },
          {
            "evidence_id": "census2020:240317023012:population_density",
            "type": "structured_data",
            "title": "2020 Census Derived Density — Block Group 2, Census Tract 7023.01",
            "source": "U.S. Census Bureau TIGERweb Census 2020",
            "url": "https://tigerweb.geo.census.gov/arcgis/rest/services/TIGERweb/tigerWMS_Census2020/MapServer/8/query",
            "date": "2020-04-01",
            "retrieved_at": "2026-09-19T05:38:33.805674+00:00",
            "geo_id": "240317023012",
            "metric": "population_density",
            "value": 13866.7,
            "unit": "people per sq mi",
            "excerpt": null,
            "page": null,
            "section": null,
            "page_label": null,
            "document_scope": null
          }
        ]
      }
    },
    {
      "type": "Feature",
      "id": "240317026021",
      "geometry": {
        "type": "Polygon",
        "coordinates": [
          [
            [
              -77.05181800039534,
              38.99385399967283
            ],
            [
              -77.05197099965791,
              38.99377800034705
            ],
            [
              -77.05180699962636,
              38.99367800015435
            ],
            [
              -77.0510330003978,
              38.993209000165095
            ],
            [
              -77.05036100037815,
              38.99280500026986
            ],
            [
              -77.04955200009115,
              38.992366000233574
            ],
            [
              -77.04873199993351,
              38.99198099986748
            ],
            [
              -77.04786599974508,
              38.991621999953175
            ],
            [
              -77.04720999961897,
              38.99136299972829
            ],
            [
              -77.04670900020187,
              38.991166000262396
            ],
            [
              -77.04651300038329,
              38.991323999952
            ],
            [
              -77.04608099966484,
              38.991621999953175
            ],
            [
              -77.04543899978242,
              38.992066000228206
            ],
            [
              -77.04486300002225,
              38.99250999981245
            ],
            [
              -77.04420199987327,
              38.99301900031497
            ],
            [
              -77.04391900001605,
              38.99323700033504
            ],
            [
              -77.04255599971017,
              38.99428700010809
            ],
            [
              -77.04233300012741,
              38.99447700004489
            ],
            [
              -77.0418469998806,
              38.99492900021801
            ],
            [
              -77.04173599955251,
              38.99503299986164
            ],
            [
              -77.04137499987749,
              38.995361999661185
            ],
            [
              -77.04088199995799,
              38.99584500030949
            ],
            [
              -77.03794100015942,
              38.993565000304194
            ],
            [
              -77.03752600005774,
              38.99325300002821
            ],
            [
              -77.03719100032198,
              38.9929919998686
            ],
            [
              -77.03682499972578,
              38.9927050000987
            ],
            [
              -77.03650099986066,
              38.992421000015185
            ],
            [
              -77.03649599983781,
              38.99245400028253
            ],
            [
              -77.03648400014222,
              38.992528000000995
            ],
            [
              -77.03643399991351,
              38.9927109996801
            ],
            [
              -77.0363829998599,
              38.99299899993359
            ],
            [
              -77.03639299990564,
              38.99361299984861
            ],
            [
              -77.03640999962408,
              38.99453300006852
            ],
            [
              -77.03678700009094,
              38.9945629999882
            ],
            [
              -77.03720800004041,
              38.9946670001697
            ],
            [
              -77.03743200034639,
              38.994775000035325
            ],
            [
              -77.03776200005927,
              38.99495599992538
            ],
            [
              -77.03807300040391,
              38.995147999719315
            ],
            [
              -77.0385500004299,
              38.99544299965308
            ],
            [
              -77.0391639998249,
              38.99581800024318
            ],
            [
              -77.03943900018452,
              38.9959559997758
            ],
            [
              -77.0397489998059,
              38.99605799977345
            ],
            [
              -77.04007699986896,
              38.99613199991239
            ],
            [
              -77.0402979998019,
              38.99614999987788
            ],
            [
              -77.04041400015285,
              38.99616000032219
            ],
            [
              -77.04062000001717,
              38.99615100034129
            ],
            [
              -77.0408610000416,
              38.9961220001623
            ],
            [
              -77.04117599968588,
              38.99603000002147
            ],
            [
              -77.04142599993112,
              38.99592299974509
            ],
            [
              -77.04173700027576,
              38.995772000339144
            ],
            [
              -77.04223699986794,
              38.99550900014679
            ],
            [
              -77.04263899955086,
              38.99530499981819
            ],
            [
              -77.04325799986705,
              38.99499099997026
            ],
            [
              -77.0436779999916,
              38.99481199973802
            ],
            [
              -77.04403600019191,
              38.99473099972207
            ],
            [
              -77.0443109996532,
              38.99471600014858
            ],
            [
              -77.0446699996784,
              38.994753999667104
            ],
            [
              -77.0456000003392,
              38.994964000276255
            ],
            [
              -77.04670699965374,
              38.99520399991016
            ],
            [
              -77.04705800018131,
              38.99525399999326
            ],
            [
              -77.0474849999786,
              38.995272999959724
            ],
            [
              -77.04790400027825,
              38.99526900015096
            ],
            [
              -77.04832400040281,
              38.995235000021694
            ],
            [
              -77.04884300026158,
              38.995162000120274
            ],
            [
              -77.04953000034983,
              38.995063000267486
            ],
            [
              -77.0498729995832,
              38.99499799983753
            ],
            [
              -77.0501549996155,
              38.994903000283216
            ],
            [
              -77.0505060001431,
              38.994719999988604
            ],
            [
              -77.05085699977238,
              38.99448700002743
            ],
            [
              -77.05092700009257,
              38.99443600031114
            ],
            [
              -77.05127699989696,
              38.99418600014355
            ],
            [
              -77.05181800039534,
              38.99385399967283
            ]
          ]
        ]
      },
      "properties": {
        "geo_id": "240317026021",
        "name": "Block Group 1, Census Tract 7026.02",
        "geography_type": "block_group",
        "boundary_vintage": "Census 2020",
        "metrics": {
          "population": 1310.0,
          "housing_units": 846.0,
          "population_density": 11838.9
        },
        "evidence": [
          {
            "evidence_id": "census2020:240317026021:population",
            "type": "structured_data",
            "title": "2020 Census POP100 — Block Group 1, Census Tract 7026.02",
            "source": "U.S. Census Bureau TIGERweb Census 2020",
            "url": "https://tigerweb.geo.census.gov/arcgis/rest/services/TIGERweb/tigerWMS_Census2020/MapServer/8/query",
            "date": "2020-04-01",
            "retrieved_at": "2026-09-19T05:38:33.805674+00:00",
            "geo_id": "240317026021",
            "metric": "population",
            "value": 1310.0,
            "unit": "people",
            "excerpt": null,
            "page": null,
            "section": null,
            "page_label": null,
            "document_scope": null
          },
          {
            "evidence_id": "census2020:240317026021:housing_units",
            "type": "structured_data",
            "title": "2020 Census HU100 — Block Group 1, Census Tract 7026.02",
            "source": "U.S. Census Bureau TIGERweb Census 2020",
            "url": "https://tigerweb.geo.census.gov/arcgis/rest/services/TIGERweb/tigerWMS_Census2020/MapServer/8/query",
            "date": "2020-04-01",
            "retrieved_at": "2026-09-19T05:38:33.805674+00:00",
            "geo_id": "240317026021",
            "metric": "housing_units",
            "value": 846.0,
            "unit": "units",
            "excerpt": null,
            "page": null,
            "section": null,
            "page_label": null,
            "document_scope": null
          },
          {
            "evidence_id": "census2020:240317026021:population_density",
            "type": "structured_data",
            "title": "2020 Census Derived Density — Block Group 1, Census Tract 7026.02",
            "source": "U.S. Census Bureau TIGERweb Census 2020",
            "url": "https://tigerweb.geo.census.gov/arcgis/rest/services/TIGERweb/tigerWMS_Census2020/MapServer/8/query",
            "date": "2020-04-01",
            "retrieved_at": "2026-09-19T05:38:33.805674+00:00",
            "geo_id": "240317026021",
            "metric": "population_density",
            "value": 11838.9,
            "unit": "people per sq mi",
            "excerpt": null,
            "page": null,
            "section": null,
            "page_label": null,
            "document_scope": null
          }
        ]
      }
    },
    {
      "type": "Feature",
      "id": "240338059061",
      "geometry": {
        "type": "Polygon",
        "coordinates": [
          [
            [
              -76.98043499959851,
              39.006945999830585
            ],
            [
              -76.98046399991082,
              39.006902999718505
            ],
            [
              -76.980350000108,
              39.006887999933
            ],
            [
              -76.98037600004729,
              39.0067930002869
            ],
            [
              -76.98020299979491,
              39.00677500023673
            ],
            [
              -76.97910999982578,
              39.00633499998982
            ],
            [
              -76.97783299973365,
              39.00676100003942
            ],
            [
              -76.97773900002232,
              39.006748999768305
            ],
            [
              -76.97760599995293,
              39.00674400029469
            ],
            [
              -76.97736400010359,
              39.006759000110726
            ],
            [
              -76.97691800003975,
              39.00683300022691
            ],
            [
              -76.97635800017311,
              39.00691899981199
            ],
            [
              -76.97603000011004,
              39.00695899968075
            ],
            [
              -76.97571999959034,
              39.00698899991648
            ],
            [
              -76.9754350000833,
              39.00701599990836
            ],
            [
              -76.97527000022684,
              39.00702199967245
            ],
            [
              -76.97507000021031,
              39.00701599990836
            ],
            [
              -76.97492399972212,
              39.00699599999294
            ],
            [
              -76.97478200033022,
              39.00697200022655
            ],
            [
              -76.97465699975844,
              39.0069419999836
            ],
            [
              -76.97450600014571,
              39.00689399970796
            ],
            [
              -76.9744219995818,
              39.00685599972849
            ],
            [
              -76.97431299980184,
              39.00680099999753
            ],
            [
              -76.97424500002978,
              39.006748999768305
            ],
            [
              -76.974203000197,
              39.00671300033901
            ],
            [
              -76.97415299996828,
              39.00665300031875
            ],
            [
              -76.97411799980817,
              39.00659399986523
            ],
            [
              -76.97409799971669,
              39.006531999808914
            ],
            [
              -76.97408000017334,
              39.00647299995249
            ],
            [
              -76.97407699980029,
              39.00639799983925
            ],
            [
              -76.97412700002901,
              39.00611299994016
            ],
            [
              -76.97422999996118,
              39.00567299976388
            ],
            [
              -76.97427599999193,
              39.00548400020439
            ],
            [
              -76.97445900029004,
              39.00452299978539
            ],
            [
              -76.97449399955181,
              39.004365999895
            ],
            [
              -76.97451700001633,
              39.0042859999947
            ],
            [
              -76.97453999958256,
              39.00422899966147
            ],
            [
              -76.97458399996349,
              39.004151999959014
            ],
            [
              -76.97464900026083,
              39.004085999848115
            ],
            [
              -76.97474799999503,
              39.003970000202145
            ],
            [
              -76.97480599972135,
              39.00388399982429
            ],
            [
              -76.97484099988145,
              39.00382200018512
            ],
            [
              -76.97490899965351,
              39.00359500023179
            ],
            [
              -76.97435100033499,
              39.00353699968099
            ],
            [
              -76.97190299955761,
              39.00321600031032
            ],
            [
              -76.97166200043151,
              39.0036550000535
            ],
            [
              -76.971386000247,
              39.00407799983051
            ],
            [
              -76.97120299994887,
              39.00435999990558
            ],
            [
              -76.97109699964366,
              39.00451400017013
            ],
            [
              -76.97101700017603,
              39.00463400029798
            ],
            [
              -76.97092199974149,
              39.004658000159516
            ],
            [
              -76.97070199963346,
              39.00468999996222
            ],
            [
              -76.97020600023923,
              39.00475800019296
            ],
            [
              -76.97000500039778,
              39.00478099967104
            ],
            [
              -76.96930900008869,
              39.004864000032235
            ],
            [
              -76.96917400036946,
              39.0048819998706
            ],
            [
              -76.96904499959972,
              39.004912000289146
            ],
            [
              -76.96892999997199,
              39.00495300023559
            ],
            [
              -76.96881399962103,
              39.005006000028956
            ],
            [
              -76.96919399956262,
              39.00529799974603
            ],
            [
              -76.96931699958628,
              39.00540800010622
            ],
            [
              -76.96948499981578,
              39.0055689997031
            ],
            [
              -76.96961799988516,
              39.00571500029554
            ],
            [
              -76.96978299974161,
              39.00592200020774
            ],
            [
              -76.96999199997897,
              39.00609999993452
            ],
            [
              -76.97016100003337,
              39.00624499980841
            ],
            [
              -76.97049300029438,
              39.00650099976033
            ],
            [
              -76.97058199998285,
              39.00659900004757
            ],
            [
              -76.9708039997407,
              39.00674800015286
            ],
            [
              -76.97194000026586,
              39.00751200033011
            ],
            [
              -76.97210400029738,
              39.007376000211515
            ],
            [
              -76.97221300007732,
              39.00731299983698
            ],
            [
              -76.97231000016171,
              39.0072769999967
            ],
            [
              -76.9724010003983,
              39.0072620002905
            ],
            [
              -76.97249199973658,
              39.007253999934
            ],
            [
              -76.97258399979809,
              39.00725700015502
            ],
            [
              -76.97274700000472,
              39.007278999910746
            ],
            [
              -76.9733029996734,
              39.00734899965899
            ],
            [
              -76.97467699984992,
              39.00751800005214
            ],
            [
              -76.9755129999011,
              39.00763400016269
            ],
            [
              -76.97689499957522,
              39.00781300006829
            ],
            [
              -76.97705000028424,
              39.00784200034183
            ],
            [
              -76.97723400040725,
              39.007893999767504
            ],
            [
              -76.9773859998449,
              39.007961999710524
            ],
            [
              -76.97748899977707,
              39.00802399990956
            ],
            [
              -76.97759199970922,
              39.008098999694916
            ],
            [
              -76.97767000042535,
              39.008167999734354
            ],
            [
              -76.97783699993161,
              39.00836699991619
            ],
            [
              -76.97800000013822,
              39.00827599993409
            ],
            [
              -76.97811899996391,
              39.00821299966309
            ],
            [
              -76.97830599956166,
              39.008143999667595
            ],
            [
              -76.97847499961607,
              39.00809800009854
            ],
            [
              -76.97861699990628,
              39.008075999899496
            ],
            [
              -76.97878900033373,
              39.008075999899496
            ],
            [
              -76.97910900000089,
              39.008105000065214
            ],
            [
              -76.97936099989596,
              39.0081329999251
            ],
            [
              -76.9798649996861,
              39.00766799991829
            ],
            [
              -76.97998000021217,
              39.007535999913294
            ],
            [
              -76.98026100041955,
              39.00720099973068
            ],
            [
              -76.98043499959851,
              39.006945999830585
            ]
          ]
        ]
      },
      "properties": {
        "geo_id": "240338059061",
        "name": "Block Group 1, Census Tract 8059.06",
        "geography_type": "block_group",
        "boundary_vintage": "Census 2020",
        "metrics": {
          "population": 2354.0,
          "housing_units": 982.0,
          "population_density": 29172.3
        },
        "evidence": [
          {
            "evidence_id": "census2020:240338059061:population",
            "type": "structured_data",
            "title": "2020 Census POP100 — Block Group 1, Census Tract 8059.06",
            "source": "U.S. Census Bureau TIGERweb Census 2020",
            "url": "https://tigerweb.geo.census.gov/arcgis/rest/services/TIGERweb/tigerWMS_Census2020/MapServer/8/query",
            "date": "2020-04-01",
            "retrieved_at": "2026-09-19T05:38:33.805674+00:00",
            "geo_id": "240338059061",
            "metric": "population",
            "value": 2354.0,
            "unit": "people",
            "excerpt": null,
            "page": null,
            "section": null,
            "page_label": null,
            "document_scope": null
          },
          {
            "evidence_id": "census2020:240338059061:housing_units",
            "type": "structured_data",
            "title": "2020 Census HU100 — Block Group 1, Census Tract 8059.06",
            "source": "U.S. Census Bureau TIGERweb Census 2020",
            "url": "https://tigerweb.geo.census.gov/arcgis/rest/services/TIGERweb/tigerWMS_Census2020/MapServer/8/query",
            "date": "2020-04-01",
            "retrieved_at": "2026-09-19T05:38:33.805674+00:00",
            "geo_id": "240338059061",
            "metric": "housing_units",
            "value": 982.0,
            "unit": "units",
            "excerpt": null,
            "page": null,
            "section": null,
            "page_label": null,
            "document_scope": null
          },
          {
            "evidence_id": "census2020:240338059061:population_density",
            "type": "structured_data",
            "title": "2020 Census Derived Density — Block Group 1, Census Tract 8059.06",
            "source": "U.S. Census Bureau TIGERweb Census 2020",
            "url": "https://tigerweb.geo.census.gov/arcgis/rest/services/TIGERweb/tigerWMS_Census2020/MapServer/8/query",
            "date": "2020-04-01",
            "retrieved_at": "2026-09-19T05:38:33.805674+00:00",
            "geo_id": "240338059061",
            "metric": "population_density",
            "value": 29172.3,
            "unit": "people per sq mi",
            "excerpt": null,
            "page": null,
            "section": null,
            "page_label": null,
            "document_scope": null
          }
        ]
      }
    },
    {
      "type": "Feature",
      "id": "240317025032",
      "geometry": {
        "type": "Polygon",
        "coordinates": [
          [
            [
              -77.03427700028757,
              38.996279999958205
            ],
            [
              -77.03451499993896,
              38.996134999906985
            ],
            [
              -77.03362199998638,
              38.995460000018866
            ],
            [
              -77.03336000004555,
              38.995574999880766
            ],
            [
              -77.03330999981684,
              38.995596999778435
            ],
            [
              -77.03313400008975,
              38.99567399971541
            ],
            [
              -77.03205799983907,
              38.9960360000191
            ],
            [
              -77.03195900010486,
              38.99608199975148
            ],
            [
              -77.03124199987937,
              38.996336999714025
            ],
            [
              -77.03097499991568,
              38.99645599998714
            ],
            [
              -77.0308219997548,
              38.99655100024924
            ],
            [
              -77.03052499965388,
              38.996779999974684
            ],
            [
              -77.02984000011375,
              38.99745499983837
            ],
            [
              -77.0297449996792,
              38.99754899971196
            ],
            [
              -77.03056499983686,
              38.998311999665646
            ],
            [
              -77.03067199996697,
              38.998229999731244
            ],
            [
              -77.03178400020266,
              38.99738299988041
            ],
            [
              -77.03205799983907,
              38.99712699974689
            ],
            [
              -77.03234800026729,
              38.996894000031205
            ],
            [
              -77.03249300003225,
              38.99683300030551
            ],
            [
              -77.03275199960001,
              38.996810000338066
            ],
            [
              -77.03289700026328,
              38.99678399969803
            ],
            [
              -77.0332710003571,
              38.99666200000441
            ],
            [
              -77.03412599977653,
              38.99637199977406
            ],
            [
              -77.03423700010461,
              38.99630399986099
            ],
            [
              -77.03427700028757,
              38.996279999958205
            ]
          ]
        ]
      },
      "properties": {
        "geo_id": "240317025032",
        "name": "Block Group 2, Census Tract 7025.03",
        "geography_type": "block_group",
        "boundary_vintage": "Census 2020",
        "metrics": {
          "population": 875.0,
          "housing_units": 773.0,
          "population_density": 48690.3
        },
        "evidence": [
          {
            "evidence_id": "census2020:240317025032:population",
            "type": "structured_data",
            "title": "2020 Census POP100 — Block Group 2, Census Tract 7025.03",
            "source": "U.S. Census Bureau TIGERweb Census 2020",
            "url": "https://tigerweb.geo.census.gov/arcgis/rest/services/TIGERweb/tigerWMS_Census2020/MapServer/8/query",
            "date": "2020-04-01",
            "retrieved_at": "2026-09-19T05:38:33.805674+00:00",
            "geo_id": "240317025032",
            "metric": "population",
            "value": 875.0,
            "unit": "people",
            "excerpt": null,
            "page": null,
            "section": null,
            "page_label": null,
            "document_scope": null
          },
          {
            "evidence_id": "census2020:240317025032:housing_units",
            "type": "structured_data",
            "title": "2020 Census HU100 — Block Group 2, Census Tract 7025.03",
            "source": "U.S. Census Bureau TIGERweb Census 2020",
            "url": "https://tigerweb.geo.census.gov/arcgis/rest/services/TIGERweb/tigerWMS_Census2020/MapServer/8/query",
            "date": "2020-04-01",
            "retrieved_at": "2026-09-19T05:38:33.805674+00:00",
            "geo_id": "240317025032",
            "metric": "housing_units",
            "value": 773.0,
            "unit": "units",
            "excerpt": null,
            "page": null,
            "section": null,
            "page_label": null,
            "document_scope": null
          },
          {
            "evidence_id": "census2020:240317025032:population_density",
            "type": "structured_data",
            "title": "2020 Census Derived Density — Block Group 2, Census Tract 7025.03",
            "source": "U.S. Census Bureau TIGERweb Census 2020",
            "url": "https://tigerweb.geo.census.gov/arcgis/rest/services/TIGERweb/tigerWMS_Census2020/MapServer/8/query",
            "date": "2020-04-01",
            "retrieved_at": "2026-09-19T05:38:33.805674+00:00",
            "geo_id": "240317025032",
            "metric": "population_density",
            "value": 48690.3,
            "unit": "people per sq mi",
            "excerpt": null,
            "page": null,
            "section": null,
            "page_label": null,
            "document_scope": null
          }
        ]
      }
    },
    {
      "type": "Feature",
      "id": "240317022002",
      "geometry": {
        "type": "Polygon",
        "coordinates": [
          [
            [
              -77.00967399967662,
              39.008997999709045
            ],
            [
              -77.00973499977599,
              39.00869299968124
            ],
            [
              -77.00948299988092,
              39.0081740000988
            ],
            [
              -77.00905600008363,
              39.00738100033858
            ],
            [
              -77.00862799956316,
              39.006641000029376
            ],
            [
              -77.00726299960748,
              39.00423400001098
            ],
            [
              -77.00635499958626,
              39.00265100001566
            ],
            [
              -77.00545199958795,
              39.002965999748056
            ],
            [
              -77.00433299967955,
              39.00333700020932
            ],
            [
              -77.00383700028532,
              39.00347099969449
            ],
            [
              -77.00337199995491,
              39.003558999895525
            ],
            [
              -77.00357000032163,
              39.00385999970017
            ],
            [
              -77.00369199962205,
              39.00407700017731
            ],
            [
              -77.00402800008104,
              39.00490100004407
            ],
            [
              -77.00421899987674,
              39.005283000318215
            ],
            [
              -77.00426400008257,
              39.005339999802196
            ],
            [
              -77.00413500021116,
              39.005381999833425
            ],
            [
              -77.00326499982478,
              39.00551600033154
            ],
            [
              -77.00232599984145,
              39.00567600005201
            ],
            [
              -77.00248700039823,
              39.00594699995716
            ],
            [
              -77.00326499982478,
              39.00709899974135
            ],
            [
              -77.00340200009214,
              39.007335000273336
            ],
            [
              -77.00347900008502,
              39.007484000224444
            ],
            [
              -77.00377600018595,
              39.00827400004824
            ],
            [
              -77.0038070001481,
              39.00832299967864
            ],
            [
              -77.0039209999509,
              39.008495000007386
            ],
            [
              -77.00434100007546,
              39.008982999669804
            ],
            [
              -77.0046380001764,
              39.009234999767834
            ],
            [
              -77.00471400034438,
              39.00920400020585
            ],
            [
              -77.00553799980167,
              39.008705000320546
            ],
            [
              -77.00588900032928,
              39.00854799993914
            ],
            [
              -77.00608799962258,
              39.008483000030495
            ],
            [
              -77.00631699995145,
              39.0084069996642
            ],
            [
              -77.00659099958783,
              39.00834200032399
            ],
            [
              -77.00717899994189,
              39.008270000276354
            ],
            [
              -77.00823000007821,
              39.00822700027108
            ],
            [
              -77.00825299964443,
              39.008980000219985
            ],
            [
              -77.00824500014683,
              39.01034699972716
            ],
            [
              -77.00907299980209,
              39.01020800007755
            ],
            [
              -77.00946000031469,
              39.01012799980382
            ],
            [
              -77.00967399967662,
              39.008997999709045
            ]
          ]
        ]
      },
      "properties": {
        "geo_id": "240317022002",
        "name": "Block Group 2, Census Tract 7022.00",
        "geography_type": "block_group",
        "boundary_vintage": "Census 2020",
        "metrics": {
          "population": 785.0,
          "housing_units": 278.0,
          "population_density": 7522.3
        },
        "evidence": [
          {
            "evidence_id": "census2020:240317022002:population",
            "type": "structured_data",
            "title": "2020 Census POP100 — Block Group 2, Census Tract 7022.00",
            "source": "U.S. Census Bureau TIGERweb Census 2020",
            "url": "https://tigerweb.geo.census.gov/arcgis/rest/services/TIGERweb/tigerWMS_Census2020/MapServer/8/query",
            "date": "2020-04-01",
            "retrieved_at": "2026-09-19T05:38:33.805674+00:00",
            "geo_id": "240317022002",
            "metric": "population",
            "value": 785.0,
            "unit": "people",
            "excerpt": null,
            "page": null,
            "section": null,
            "page_label": null,
            "document_scope": null
          },
          {
            "evidence_id": "census2020:240317022002:housing_units",
            "type": "structured_data",
            "title": "2020 Census HU100 — Block Group 2, Census Tract 7022.00",
            "source": "U.S. Census Bureau TIGERweb Census 2020",
            "url": "https://tigerweb.geo.census.gov/arcgis/rest/services/TIGERweb/tigerWMS_Census2020/MapServer/8/query",
            "date": "2020-04-01",
            "retrieved_at": "2026-09-19T05:38:33.805674+00:00",
            "geo_id": "240317022002",
            "metric": "housing_units",
            "value": 278.0,
            "unit": "units",
            "excerpt": null,
            "page": null,
            "section": null,
            "page_label": null,
            "document_scope": null
          },
          {
            "evidence_id": "census2020:240317022002:population_density",
            "type": "structured_data",
            "title": "2020 Census Derived Density — Block Group 2, Census Tract 7022.00",
            "source": "U.S. Census Bureau TIGERweb Census 2020",
            "url": "https://tigerweb.geo.census.gov/arcgis/rest/services/TIGERweb/tigerWMS_Census2020/MapServer/8/query",
            "date": "2020-04-01",
            "retrieved_at": "2026-09-19T05:38:33.805674+00:00",
            "geo_id": "240317022002",
            "metric": "population_density",
            "value": 7522.3,
            "unit": "people per sq mi",
            "excerpt": null,
            "page": null,
            "section": null,
            "page_label": null,
            "document_scope": null
          }
        ]
      }
    },
    {
      "type": "Feature",
      "id": "240317016022",
      "geometry": {
        "type": "Polygon",
        "coordinates": [
          [
            [
              -76.98456499962566,
              39.00635100021172
            ],
            [
              -76.9845880000902,
              39.006187000034124
            ],
            [
              -76.98419899992778,
              39.00612200005008
            ],
            [
              -76.98409199979766,
              39.00612200005008
            ],
            [
              -76.9833140003711,
              39.00612200005008
            ],
            [
              -76.98293299970628,
              39.00607199996796
            ],
            [
              -76.98264999984906,
              39.0059699997468
            ],
            [
              -76.98254600009199,
              39.00586299984259
            ],
            [
              -76.98243099956595,
              39.005781000282695
            ],
            [
              -76.9822430001433,
              39.005579000212336
            ],
            [
              -76.98217299982308,
              39.005471999716704
            ],
            [
              -76.98212099994456,
              39.0053649997573
            ],
            [
              -76.98207699956363,
              39.00523200000621
            ],
            [
              -76.98207300026398,
              39.005102999956314
            ],
            [
              -76.98207300026398,
              39.004965999753935
            ],
            [
              -76.982109000249,
              39.0047890003073
            ],
            [
              -76.98215500027975,
              39.00457500025471
            ],
            [
              -76.98224700034125,
              39.004240000011045
            ],
            [
              -76.98202100038546,
              39.004571000273664
            ],
            [
              -76.98165499978923,
              39.00511899975879
            ],
            [
              -76.9805750002389,
              39.00673999973823
            ],
            [
              -76.98052800038323,
              39.00681100033255
            ],
            [
              -76.98046399991082,
              39.006902999718505
            ],
            [
              -76.98043499959851,
              39.006945999830585
            ],
            [
              -76.98053500005594,
              39.00699700030295
            ],
            [
              -76.98053599988083,
              39.00710199996895
            ],
            [
              -76.98053500005594,
              39.00798000015669
            ],
            [
              -76.98052699966001,
              39.007999999793945
            ],
            [
              -76.98051400013952,
              39.00802300031212
            ],
            [
              -76.9805049999187,
              39.00846900017123
            ],
            [
              -76.9804830001774,
              39.00874400029011
            ],
            [
              -76.98030800027522,
              39.009642999784724
            ],
            [
              -76.98172699975926,
              39.01040599984235
            ],
            [
              -76.98242899991612,
              39.010714999795496
            ],
            [
              -76.98278000044373,
              39.01084799970768
            ],
            [
              -76.9832299998072,
              39.01094800006469
            ],
            [
              -76.98354299980164,
              39.01086799992999
            ],
            [
              -76.98365699960446,
              39.01079500010329
            ],
            [
              -76.9837570000619,
              39.01064999978418
            ],
            [
              -76.98387900026063,
              39.010413999842335
            ],
            [
              -76.98419899992778,
              39.008739000259446
            ],
            [
              -76.98421399999637,
              39.00857899978862
            ],
            [
              -76.98432899962413,
              39.00802899999081
            ],
            [
              -76.98445099982284,
              39.007839000145566
            ],
            [
              -76.98406900023143,
              39.00762099973852
            ],
            [
              -76.98393199996408,
              39.007560000186345
            ],
            [
              -76.9840459997669,
              39.00741099969732
            ],
            [
              -76.98442800025661,
              39.00674400029469
            ],
            [
              -76.98456499962566,
              39.00635100021172
            ]
          ]
        ]
      },
      "properties": {
        "geo_id": "240317016022",
        "name": "Block Group 2, Census Tract 7016.02",
        "geography_type": "block_group",
        "boundary_vintage": "Census 2020",
        "metrics": {
          "population": 1796.0,
          "housing_units": 480.0,
          "population_density": 28022.0
        },
        "evidence": [
          {
            "evidence_id": "census2020:240317016022:population",
            "type": "structured_data",
            "title": "2020 Census POP100 — Block Group 2, Census Tract 7016.02",
            "source": "U.S. Census Bureau TIGERweb Census 2020",
            "url": "https://tigerweb.geo.census.gov/arcgis/rest/services/TIGERweb/tigerWMS_Census2020/MapServer/8/query",
            "date": "2020-04-01",
            "retrieved_at": "2026-09-19T05:38:33.805674+00:00",
            "geo_id": "240317016022",
            "metric": "population",
            "value": 1796.0,
            "unit": "people",
            "excerpt": null,
            "page": null,
            "section": null,
            "page_label": null,
            "document_scope": null
          },
          {
            "evidence_id": "census2020:240317016022:housing_units",
            "type": "structured_data",
            "title": "2020 Census HU100 — Block Group 2, Census Tract 7016.02",
            "source": "U.S. Census Bureau TIGERweb Census 2020",
            "url": "https://tigerweb.geo.census.gov/arcgis/rest/services/TIGERweb/tigerWMS_Census2020/MapServer/8/query",
            "date": "2020-04-01",
            "retrieved_at": "2026-09-19T05:38:33.805674+00:00",
            "geo_id": "240317016022",
            "metric": "housing_units",
            "value": 480.0,
            "unit": "units",
            "excerpt": null,
            "page": null,
            "section": null,
            "page_label": null,
            "document_scope": null
          },
          {
            "evidence_id": "census2020:240317016022:population_density",
            "type": "structured_data",
            "title": "2020 Census Derived Density — Block Group 2, Census Tract 7016.02",
            "source": "U.S. Census Bureau TIGERweb Census 2020",
            "url": "https://tigerweb.geo.census.gov/arcgis/rest/services/TIGERweb/tigerWMS_Census2020/MapServer/8/query",
            "date": "2020-04-01",
            "retrieved_at": "2026-09-19T05:38:33.805674+00:00",
            "geo_id": "240317016022",
            "metric": "population_density",
            "value": 28022.0,
            "unit": "people per sq mi",
            "excerpt": null,
            "page": null,
            "section": null,
            "page_label": null,
            "document_scope": null
          }
        ]
      }
    },
    {
      "type": "Feature",
      "id": "240317015091",
      "geometry": {
        "type": "Polygon",
        "coordinates": [
          [
            [
              -76.98386400019201,
              39.03027999973073
            ],
            [
              -76.98375899971171,
              39.030031999897936
            ],
            [
              -76.98365199958158,
              39.029701000166675
            ],
            [
              -76.9835250002583,
              39.02924800026312
            ],
            [
              -76.98328800043184,
              39.02866599991069
            ],
            [
              -76.9831879999744,
              39.028472999664984
            ],
            [
              -76.98301600044529,
              39.028198000201535
            ],
            [
              -76.98258499955175,
              39.02762899981531
            ],
            [
              -76.9821300001654,
              39.02714699986982
            ],
            [
              -76.98065899990449,
              39.025595999885944
            ],
            [
              -76.97953499997324,
              39.024464999841356
            ],
            [
              -76.97882699996856,
              39.02366800030518
            ],
            [
              -76.97776199958854,
              39.0225380002124
            ],
            [
              -76.97751700026446,
              39.02219599993672
            ],
            [
              -76.9770340003907,
              39.02127100017744
            ],
            [
              -76.9770059999033,
              39.02121099994488
            ],
            [
              -76.97674899998535,
              39.02028499973886
            ],
            [
              -76.97672800006895,
              39.01990900029322
            ],
            [
              -76.97673599956657,
              39.019604999992374
            ],
            [
              -76.97674800016044,
              39.019274999729085
            ],
            [
              -76.97677599974955,
              39.01905899995363
            ],
            [
              -76.97656999988521,
              39.01902299981057
            ],
            [
              -76.9762450001952,
              39.018977000337806
            ],
            [
              -76.976070000293,
              39.01895000002646
            ],
            [
              -76.97347599992575,
              39.018488999840145
            ],
            [
              -76.97265900014116,
              39.01839899976955
            ],
            [
              -76.97189199968695,
              39.01835400004026
            ],
            [
              -76.97172299963256,
              39.01855599991917
            ],
            [
              -76.97170599991412,
              39.01857600005545
            ],
            [
              -76.97163599959391,
              39.01865900028138
            ],
            [
              -76.9711000000167,
              39.01930500032421
            ],
            [
              -76.9709999995593,
              39.01945800002092
            ],
            [
              -76.96976500019825,
              39.02134800008726
            ],
            [
              -76.9697479995815,
              39.02134300024976
            ],
            [
              -76.96849200030407,
              39.02282799995803
            ],
            [
              -76.96831200037902,
              39.02308000027267
            ],
            [
              -76.9673320003878,
              39.02466200010527
            ],
            [
              -76.96631899988631,
              39.02602499988594
            ],
            [
              -76.96618599981691,
              39.0262039999994
            ],
            [
              -76.9663120002136,
              39.02614499980547
            ],
            [
              -76.96673599963782,
              39.026019000338216
            ],
            [
              -76.96746499955887,
              39.02575300010505
            ],
            [
              -76.96749700024424,
              39.02601700025624
            ],
            [
              -76.96772700039801,
              39.02911700006098
            ],
            [
              -76.96777300042876,
              39.029581999994086
            ],
            [
              -76.96804000039245,
              39.03234800001911
            ],
            [
              -76.97237200008598,
              39.03186900002958
            ],
            [
              -76.97530500038695,
              39.03128800029164
            ],
            [
              -76.97540900014403,
              39.03126700029572
            ],
            [
              -76.9765620003876,
              39.031039999808954
            ],
            [
              -76.97779000007594,
              39.030718999659065
            ],
            [
              -76.97893200044888,
              39.03059000004253
            ],
            [
              -76.98001500037225,
              39.030410999870774
            ],
            [
              -76.9803290001916,
              39.03085700018911
            ],
            [
              -76.98038299971995,
              39.030945999781224
            ],
            [
              -76.98040000033672,
              39.03094099992473
            ],
            [
              -76.98281600042874,
              39.03026200007602
            ],
            [
              -76.98289199969841,
              39.03041699974356
            ],
            [
              -76.98292600003359,
              39.03048199972806
            ],
            [
              -76.98367000002325,
              39.03032600022307
            ],
            [
              -76.98371400040419,
              39.03032000034257
            ],
            [
              -76.98386400019201,
              39.03027999973073
            ]
          ]
        ]
      },
      "properties": {
        "geo_id": "240317015091",
        "name": "Block Group 1, Census Tract 7015.09",
        "geography_type": "block_group",
        "boundary_vintage": "Census 2020",
        "metrics": {
          "population": 1495.0,
          "housing_units": 502.0,
          "population_density": 2733.9
        },
        "evidence": [
          {
            "evidence_id": "census2020:240317015091:population",
            "type": "structured_data",
            "title": "2020 Census POP100 — Block Group 1, Census Tract 7015.09",
            "source": "U.S. Census Bureau TIGERweb Census 2020",
            "url": "https://tigerweb.geo.census.gov/arcgis/rest/services/TIGERweb/tigerWMS_Census2020/MapServer/8/query",
            "date": "2020-04-01",
            "retrieved_at": "2026-09-19T05:38:33.805674+00:00",
            "geo_id": "240317015091",
            "metric": "population",
            "value": 1495.0,
            "unit": "people",
            "excerpt": null,
            "page": null,
            "section": null,
            "page_label": null,
            "document_scope": null
          },
          {
            "evidence_id": "census2020:240317015091:housing_units",
            "type": "structured_data",
            "title": "2020 Census HU100 — Block Group 1, Census Tract 7015.09",
            "source": "U.S. Census Bureau TIGERweb Census 2020",
            "url": "https://tigerweb.geo.census.gov/arcgis/rest/services/TIGERweb/tigerWMS_Census2020/MapServer/8/query",
            "date": "2020-04-01",
            "retrieved_at": "2026-09-19T05:38:33.805674+00:00",
            "geo_id": "240317015091",
            "metric": "housing_units",
            "value": 502.0,
            "unit": "units",
            "excerpt": null,
            "page": null,
            "section": null,
            "page_label": null,
            "document_scope": null
          },
          {
            "evidence_id": "census2020:240317015091:population_density",
            "type": "structured_data",
            "title": "2020 Census Derived Density — Block Group 1, Census Tract 7015.09",
            "source": "U.S. Census Bureau TIGERweb Census 2020",
            "url": "https://tigerweb.geo.census.gov/arcgis/rest/services/TIGERweb/tigerWMS_Census2020/MapServer/8/query",
            "date": "2020-04-01",
            "retrieved_at": "2026-09-19T05:38:33.805674+00:00",
            "geo_id": "240317015091",
            "metric": "population_density",
            "value": 2733.9,
            "unit": "people per sq mi",
            "excerpt": null,
            "page": null,
            "section": null,
            "page_label": null,
            "document_scope": null
          }
        ]
      }
    },
    {
      "type": "Feature",
      "id": "240317024011",
      "geometry": {
        "type": "Polygon",
        "coordinates": [
          [
            [
              -77.02187299996238,
              38.99716500006525
            ],
            [
              -77.02155300029526,
              38.9969519997445
            ],
            [
              -77.02034700034824,
              38.99621899970321
            ],
            [
              -77.02027799985292,
              38.996417000224724
            ],
            [
              -77.01996599968341,
              38.99663899998139
            ],
            [
              -77.01961500005412,
              38.99683700002587
            ],
            [
              -77.01882099983574,
              38.99719999971575
            ],
            [
              -77.01727199975704,
              38.997912999678526
            ],
            [
              -77.01720399998499,
              38.99796599985889
            ],
            [
              -77.01706599989271,
              38.99768400012897
            ],
            [
              -77.01684499995979,
              38.99736699972467
            ],
            [
              -77.0166850001262,
              38.997176999867584
            ],
            [
              -77.01644800029975,
              38.996905999879445
            ],
            [
              -77.01627300039756,
              38.996748999841785
            ],
            [
              -77.01609799959706,
              38.99662299965741
            ],
            [
              -77.01586900016652,
              38.99649399996762
            ],
            [
              -77.01557100024068,
              38.99637600021865
            ],
            [
              -77.01540300001119,
              38.996336999714025
            ],
            [
              -77.0151360000475,
              38.99631500004642
            ],
            [
              -77.01480100031175,
              38.99631800003325
            ],
            [
              -77.0144880003173,
              38.99637900020284
            ],
            [
              -77.01423600042223,
              38.996452000245185
            ],
            [
              -77.01380899972665,
              38.99653599966512
            ],
            [
              -77.01355699983156,
              38.99655100024924
            ],
            [
              -77.01332800040103,
              38.99653599966512
            ],
            [
              -77.01304600036872,
              38.99648599978972
            ],
            [
              -77.01280899964394,
              38.996417000224724
            ],
            [
              -77.01221399961719,
              38.99628800015939
            ],
            [
              -77.0119619997221,
              38.996276000206294
            ],
            [
              -77.01158900035153,
              38.99631500004642
            ],
            [
              -77.01106999959444,
              38.996341000160605
            ],
            [
              -77.01094800029401,
              38.99631800003325
            ],
            [
              -77.01051999977354,
              38.996230999665976
            ],
            [
              -77.01004000027282,
              38.99606300000223
            ],
            [
              -77.00991800007408,
              38.99600600002575
            ],
            [
              -77.00948999955361,
              38.995783999679524
            ],
            [
              -77.00922299958991,
              38.995586000179514
            ],
            [
              -77.00915499981784,
              38.995528999818816
            ],
            [
              -77.00898699958836,
              38.995319000188076
            ],
            [
              -77.0089339998849,
              38.995226999701416
            ],
            [
              -77.00891100031868,
              38.99512400012264
            ],
            [
              -77.00891799999138,
              38.99487999968848
            ],
            [
              -77.00904799968772,
              38.9943730002823
            ],
            [
              -77.0092080004196,
              38.99385399967283
            ],
            [
              -77.00920099984859,
              38.99375999977818
            ],
            [
              -77.00907700000003,
              38.993713000133155
            ],
            [
              -77.0091720004346,
              38.99359100003236
            ],
            [
              -77.00926600014593,
              38.993439000036055
            ],
            [
              -77.00945100009386,
              38.99310899986659
            ],
            [
              -77.00955900004888,
              38.99285899989858
            ],
            [
              -77.01014700040294,
              38.99156700024886
            ],
            [
              -77.0096650003541,
              38.99159799985897
            ],
            [
              -77.00924600005445,
              38.991675999786295
            ],
            [
              -77.00881099986127,
              38.99196199971541
            ],
            [
              -77.00858300025564,
              38.99216800024701
            ],
            [
              -77.00851399976034,
              38.992362000260506
            ],
            [
              -77.00805600000095,
              38.99337700032051
            ],
            [
              -77.00805600000095,
              38.9934420001448
            ],
            [
              -77.00786500020523,
              38.993475999739104
            ],
            [
              -77.00677399988592,
              38.9935340001593
            ],
            [
              -77.00655299995299,
              38.993563999804266
            ],
            [
              -77.00655299995299,
              38.99364399995889
            ],
            [
              -77.00662900012097,
              38.99393000031339
            ],
            [
              -77.00671299978656,
              38.99407499999544
            ],
            [
              -77.00678200028185,
              38.99412500017804
            ],
            [
              -77.0068700001454,
              38.994193000090426
            ],
            [
              -77.00696700022978,
              38.99423300017263
            ],
            [
              -77.00715899985039,
              38.99427700009733
            ],
            [
              -77.00782400019733,
              38.99426000014554
            ],
            [
              -77.00791899973359,
              38.99427600030561
            ],
            [
              -77.00811299990235,
              38.994351000004166
            ],
            [
              -77.00832100031482,
              38.994476000255986
            ],
            [
              -77.00792899977932,
              38.99473200020555
            ],
            [
              -77.00628599998929,
              38.99563800023584
            ],
            [
              -77.00613500037656,
              38.995736999982356
            ],
            [
              -77.00595000042863,
              38.99586400011728
            ],
            [
              -77.00640800018803,
              38.99597500025195
            ],
            [
              -77.00668299964933,
              38.99602100002399
            ],
            [
              -77.00823199972804,
              38.996146999883976
            ],
            [
              -77.00841500002615,
              38.996185000030394
            ],
            [
              -77.00865100002768,
              38.99626500001481
            ],
            [
              -77.00887199996063,
              38.99639799986725
            ],
            [
              -77.00905600008363,
              38.99654300007773
            ],
            [
              -77.00917800028238,
              38.996676999863645
            ],
            [
              -77.00924600005445,
              38.996810000338066
            ],
            [
              -77.00929200008521,
              38.99694800003058
            ],
            [
              -77.0094750003833,
              38.99784400010873
            ],
            [
              -77.00954399998028,
              38.99811900034125
            ],
            [
              -77.00960500007963,
              38.9982559998399
            ],
            [
              -77.00968899974522,
              38.998394000203156
            ],
            [
              -77.00988000043925,
              38.99863799969097
            ],
            [
              -77.01034499987135,
              38.9991529998335
            ],
            [
              -77.01043699993285,
              38.99929000012267
            ],
            [
              -77.01056599980429,
              38.99957599999892
            ],
            [
              -77.01061199983505,
              38.99963299989224
            ],
            [
              -77.01092499982948,
              38.99973200033268
            ],
            [
              -77.01098599992885,
              38.99975900030183
            ],
            [
              -77.01164200005498,
              39.00000000013886
            ],
            [
              -77.01190099962275,
              39.00004899991549
            ],
            [
              -77.0121230002789,
              39.000063999754886
            ],
            [
              -77.01294699973622,
              38.9998930002807
            ],
            [
              -77.01332800040103,
              38.99988100024082
            ],
            [
              -77.01409099975895,
              38.999835000185506
            ],
            [
              -77.0144110003244,
              38.999767000109735
            ],
            [
              -77.01477799984721,
              38.99963299989224
            ],
            [
              -77.01511299958297,
              38.99946900019764
            ],
            [
              -77.01537299987396,
              38.99939299992083
            ],
            [
              -77.01560899987552,
              38.9993589996787
            ],
            [
              -77.01624200043543,
              38.99933200025505
            ],
            [
              -77.01697499965611,
              38.999323999699875
            ],
            [
              -77.01746299955275,
              38.99930099984396
            ],
            [
              -77.01768400038401,
              38.99928599984281
            ],
            [
              -77.01811899967886,
              38.99922500008479
            ],
            [
              -77.01898099966932,
              38.999041999797036
            ],
            [
              -77.01978999995632,
              38.998873999825754
            ],
            [
              -77.02019500001227,
              38.998706000153675
            ],
            [
              -77.0204159999452,
              38.998558000294956
            ],
            [
              -77.02084299974246,
              38.99803899966031
            ],
            [
              -77.02105700000271,
              38.997806000154995
            ],
            [
              -77.02187299996238,
              38.99716500006525
            ]
          ]
        ]
      },
      "properties": {
        "geo_id": "240317024011",
        "name": "Block Group 1, Census Tract 7024.01",
        "geography_type": "block_group",
        "boundary_vintage": "Census 2020",
        "metrics": {
          "population": 931.0,
          "housing_units": 346.0,
          "population_density": 6283.6
        },
        "evidence": [
          {
            "evidence_id": "census2020:240317024011:population",
            "type": "structured_data",
            "title": "2020 Census POP100 — Block Group 1, Census Tract 7024.01",
            "source": "U.S. Census Bureau TIGERweb Census 2020",
            "url": "https://tigerweb.geo.census.gov/arcgis/rest/services/TIGERweb/tigerWMS_Census2020/MapServer/8/query",
            "date": "2020-04-01",
            "retrieved_at": "2026-09-19T05:38:33.805674+00:00",
            "geo_id": "240317024011",
            "metric": "population",
            "value": 931.0,
            "unit": "people",
            "excerpt": null,
            "page": null,
            "section": null,
            "page_label": null,
            "document_scope": null
          },
          {
            "evidence_id": "census2020:240317024011:housing_units",
            "type": "structured_data",
            "title": "2020 Census HU100 — Block Group 1, Census Tract 7024.01",
            "source": "U.S. Census Bureau TIGERweb Census 2020",
            "url": "https://tigerweb.geo.census.gov/arcgis/rest/services/TIGERweb/tigerWMS_Census2020/MapServer/8/query",
            "date": "2020-04-01",
            "retrieved_at": "2026-09-19T05:38:33.805674+00:00",
            "geo_id": "240317024011",
            "metric": "housing_units",
            "value": 346.0,
            "unit": "units",
            "excerpt": null,
            "page": null,
            "section": null,
            "page_label": null,
            "document_scope": null
          },
          {
            "evidence_id": "census2020:240317024011:population_density",
            "type": "structured_data",
            "title": "2020 Census Derived Density — Block Group 1, Census Tract 7024.01",
            "source": "U.S. Census Bureau TIGERweb Census 2020",
            "url": "https://tigerweb.geo.census.gov/arcgis/rest/services/TIGERweb/tigerWMS_Census2020/MapServer/8/query",
            "date": "2020-04-01",
            "retrieved_at": "2026-09-19T05:38:33.805674+00:00",
            "geo_id": "240317024011",
            "metric": "population_density",
            "value": 6283.6,
            "unit": "people per sq mi",
            "excerpt": null,
            "page": null,
            "section": null,
            "page_label": null,
            "document_scope": null
          }
        ]
      }
    },
    {
      "type": "Feature",
      "id": "240317024012",
      "geometry": {
        "type": "Polygon",
        "coordinates": [
          [
            [
              -77.01998900014793,
              38.988712000069846
            ],
            [
              -77.02034700034824,
              38.98821599981599
            ],
            [
              -77.01867600007078,
              38.98715200016023
            ],
            [
              -77.01860800029871,
              38.98714000005456
            ],
            [
              -77.01789799974594,
              38.986693999803826
            ],
            [
              -77.01720399998499,
              38.98614799987628
            ],
            [
              -77.01661599963093,
              38.98572499974595
            ],
            [
              -77.0165019998281,
              38.98567100026048
            ],
            [
              -77.0164259996601,
              38.98576700024828
            ],
            [
              -77.01575399964048,
              38.9864150002519
            ],
            [
              -77.01490000004596,
              38.98589300020924
            ],
            [
              -77.0143960002558,
              38.98559499982869
            ],
            [
              -77.01421299995768,
              38.98548500008827
            ],
            [
              -77.0138470002598,
              38.98599200032047
            ],
            [
              -77.01317500024015,
              38.98692300000333
            ],
            [
              -77.01232300029545,
              38.98812899996221
            ],
            [
              -77.01172599972057,
              38.988987000179684
            ],
            [
              -77.0116439997048,
              38.98908000026457
            ],
            [
              -77.01158000013069,
              38.98893400025686
            ],
            [
              -77.01125399971747,
              38.98867199966018
            ],
            [
              -77.01079000011028,
              38.98825400003158
            ],
            [
              -77.01014599967972,
              38.98796500013969
            ],
            [
              -77.00917800028238,
              38.98734599995751
            ],
            [
              -77.00620200032371,
              38.98741499998755
            ],
            [
              -77.00542399999884,
              38.9871479998925
            ],
            [
              -77.00508500006515,
              38.98713699967867
            ],
            [
              -77.0050750000194,
              38.98720300023766
            ],
            [
              -77.00505999995079,
              38.98724900012533
            ],
            [
              -77.00503499983644,
              38.98729499998311
            ],
            [
              -77.00500100039955,
              38.98736599984158
            ],
            [
              -77.00496899971418,
              38.987448999684155
            ],
            [
              -77.00495299982066,
              38.98748800019912
            ],
            [
              -77.00492299968343,
              38.9875700000122
            ],
            [
              -77.00490699978991,
              38.987644999834714
            ],
            [
              -77.00489599991926,
              38.987720000276006
            ],
            [
              -77.00490000011722,
              38.98776800029327
            ],
            [
              -77.00491400036091,
              38.98783199980018
            ],
            [
              -77.00494199995,
              38.98789500006566
            ],
            [
              -77.00497200008725,
              38.987925000006086
            ],
            [
              -77.00500100039955,
              38.987950999711444
            ],
            [
              -77.00502200031595,
              38.98796000003695
            ],
            [
              -77.0051110000044,
              38.98799699981129
            ],
            [
              -77.00516299988294,
              38.988009999651936
            ],
            [
              -77.00517799995156,
              38.988009999651936
            ],
            [
              -77.00526699964001,
              38.988007999891465
            ],
            [
              -77.00540200025755,
              38.988016000329566
            ],
            [
              -77.00549799961871,
              38.98803199980655
            ],
            [
              -77.0055889998553,
              38.988035000144436
            ],
            [
              -77.00562200036556,
              38.9880420000015
            ],
            [
              -77.00565699962735,
              38.98805999992991
            ],
            [
              -77.00567500006902,
              38.98807500021587
            ],
            [
              -77.00578899987183,
              38.98817400006845
            ],
            [
              -77.00580899996332,
              38.98820499976814
            ],
            [
              -77.0058490001463,
              38.98824299998963
            ],
            [
              -77.00588000010843,
              38.988299000058355
            ],
            [
              -77.00594000038288,
              38.98837000030627
            ],
            [
              -77.00601300017783,
              38.98842899989752
            ],
            [
              -77.0061100002622,
              38.98848100032488
            ],
            [
              -77.00614600024721,
              38.98850500007959
            ],
            [
              -77.00626599989782,
              38.988636999981374
            ],
            [
              -77.00642800027953,
              38.98885600010066
            ],
            [
              -77.00653799988437,
              38.988998999972296
            ],
            [
              -77.00684400020612,
              38.98933700004381
            ],
            [
              -77.00686099992456,
              38.98943399980761
            ],
            [
              -77.00685500007678,
              38.989600000131496
            ],
            [
              -77.00678700030473,
              38.98968300014745
            ],
            [
              -77.00678200028185,
              38.98972299998577
            ],
            [
              -77.00675200014462,
              38.989814000092366
            ],
            [
              -77.00643900015017,
              38.9899670000462
            ],
            [
              -77.0061720001865,
              38.99018399984255
            ],
            [
              -77.0061029996912,
              38.990271999811675
            ],
            [
              -77.00606500005637,
              38.99043199979259
            ],
            [
              -77.00605699966044,
              38.99061199977518
            ],
            [
              -77.00609500019358,
              38.990778999970246
            ],
            [
              -77.00616399979057,
              38.99093199993276
            ],
            [
              -77.0063849997235,
              38.99120699979594
            ],
            [
              -77.00641599968563,
              38.991310000188165
            ],
            [
              -77.00635499958626,
              38.99147399994072
            ],
            [
              -77.00634700008867,
              38.99172499974144
            ],
            [
              -77.00613399965333,
              38.991947000253134
            ],
            [
              -77.00604199959183,
              38.99206899969693
            ],
            [
              -77.00581399998619,
              38.9922909998278
            ],
            [
              -77.00557700015972,
              38.99259500023598
            ],
            [
              -77.0054700000296,
              38.99269800000464
            ],
            [
              -77.00521800013453,
              38.992832000089365
            ],
            [
              -77.00518700017238,
              38.992888999829674
            ],
            [
              -77.00524099970075,
              38.99314100000542
            ],
            [
              -77.00538600036401,
              38.99354100017067
            ],
            [
              -77.00538600036401,
              38.993616999751026
            ],
            [
              -77.00538600036401,
              38.993713000133155
            ],
            [
              -77.00541599960293,
              38.99384299980304
            ],
            [
              -77.00540899993024,
              38.99395299982055
            ],
            [
              -77.00536299989949,
              38.99410999977791
            ],
            [
              -77.00529400030251,
              38.99419399988327
            ],
            [
              -77.00516500043109,
              38.99427000015875
            ],
            [
              -77.00508099986719,
              38.99426600029324
            ],
            [
              -77.00478799996421,
              38.99430899970798
            ],
            [
              -77.00431799961093,
              38.99440700012751
            ],
            [
              -77.0042570004099,
              38.994440999956396
            ],
            [
              -77.00422600044774,
              38.994524999668926
            ],
            [
              -77.00424900001396,
              38.99462100021566
            ],
            [
              -77.0043710002127,
              38.994777000302804
            ],
            [
              -77.00479800000997,
              38.99510899993422
            ],
            [
              -77.00522599963215,
              38.99547500013284
            ],
            [
              -77.00537100029541,
              38.995559000014396
            ],
            [
              -77.0055539996952,
              38.995613000334394
            ],
            [
              -77.00571400042708,
              38.995613000334394
            ],
            [
              -77.00585900019203,
              38.99552100022994
            ],
            [
              -77.00594299985762,
              38.995506000125665
            ],
            [
              -77.00601900002562,
              38.9955099999211
            ],
            [
              -77.00626300042308,
              38.995623999929066
            ],
            [
              -77.00628599998929,
              38.99563800023584
            ],
            [
              -77.00792899977932,
              38.99473200020555
            ],
            [
              -77.00832100031482,
              38.994476000255986
            ],
            [
              -77.00811299990235,
              38.994351000004166
            ],
            [
              -77.00791899973359,
              38.99427600030561
            ],
            [
              -77.00782400019733,
              38.99426000014554
            ],
            [
              -77.00715899985039,
              38.99427700009733
            ],
            [
              -77.00696700022978,
              38.99423300017263
            ],
            [
              -77.0068700001454,
              38.994193000090426
            ],
            [
              -77.00678200028185,
              38.99412500017804
            ],
            [
              -77.00671299978656,
              38.99407499999544
            ],
            [
              -77.00662900012097,
              38.99393000031339
            ],
            [
              -77.00655299995299,
              38.99364399995889
            ],
            [
              -77.00655299995299,
              38.993563999804266
            ],
            [
              -77.00677399988592,
              38.9935340001593
            ],
            [
              -77.00786500020523,
              38.993475999739104
            ],
            [
              -77.00805600000095,
              38.9934420001448
            ],
            [
              -77.00805600000095,
              38.99337700032051
            ],
            [
              -77.00851399976034,
              38.992362000260506
            ],
            [
              -77.00858300025564,
              38.99216800024701
            ],
            [
              -77.00881099986127,
              38.99196199971541
            ],
            [
              -77.00924600005445,
              38.991675999786295
            ],
            [
              -77.0096650003541,
              38.99159799985897
            ],
            [
              -77.01014700040294,
              38.99156700024886
            ],
            [
              -77.01027999957402,
              38.99147399994072
            ],
            [
              -77.01044100013081,
              38.99144499993978
            ],
            [
              -77.01079599995806,
              38.991428000005875
            ],
            [
              -77.01107499961732,
              38.99141400026265
            ],
            [
              -77.01158599997848,
              38.99138900026541
            ],
            [
              -77.01222899968582,
              38.9913520001695
            ],
            [
              -77.01338100010447,
              38.991294000055746
            ],
            [
              -77.01426599966115,
              38.99117600001457
            ],
            [
              -77.01523499978171,
              38.99104999968246
            ],
            [
              -77.01573899957187,
              38.99095099966313
            ],
            [
              -77.01653199996534,
              38.99074499977852
            ],
            [
              -77.01737899988716,
              38.99052800030573
            ],
            [
              -77.01882099983574,
              38.99017300010053
            ],
            [
              -77.01913399983019,
              38.99011899981891
            ],
            [
              -77.01911100026398,
              38.98990599993543
            ],
            [
              -77.01926400042485,
              38.98972299998577
            ],
            [
              -77.0195229999926,
              38.98935600020239
            ],
            [
              -77.01998900014793,
              38.988712000069846
            ]
          ]
        ]
      },
      "properties": {
        "geo_id": "240317024012",
        "name": "Block Group 2, Census Tract 7024.01",
        "geography_type": "block_group",
        "boundary_vintage": "Census 2020",
        "metrics": {
          "population": 1791.0,
          "housing_units": 716.0,
          "population_density": 7431.2
        },
        "evidence": [
          {
            "evidence_id": "census2020:240317024012:population",
            "type": "structured_data",
            "title": "2020 Census POP100 — Block Group 2, Census Tract 7024.01",
            "source": "U.S. Census Bureau TIGERweb Census 2020",
            "url": "https://tigerweb.geo.census.gov/arcgis/rest/services/TIGERweb/tigerWMS_Census2020/MapServer/8/query",
            "date": "2020-04-01",
            "retrieved_at": "2026-09-19T05:38:33.805674+00:00",
            "geo_id": "240317024012",
            "metric": "population",
            "value": 1791.0,
            "unit": "people",
            "excerpt": null,
            "page": null,
            "section": null,
            "page_label": null,
            "document_scope": null
          },
          {
            "evidence_id": "census2020:240317024012:housing_units",
            "type": "structured_data",
            "title": "2020 Census HU100 — Block Group 2, Census Tract 7024.01",
            "source": "U.S. Census Bureau TIGERweb Census 2020",
            "url": "https://tigerweb.geo.census.gov/arcgis/rest/services/TIGERweb/tigerWMS_Census2020/MapServer/8/query",
            "date": "2020-04-01",
            "retrieved_at": "2026-09-19T05:38:33.805674+00:00",
            "geo_id": "240317024012",
            "metric": "housing_units",
            "value": 716.0,
            "unit": "units",
            "excerpt": null,
            "page": null,
            "section": null,
            "page_label": null,
            "document_scope": null
          },
          {
            "evidence_id": "census2020:240317024012:population_density",
            "type": "structured_data",
            "title": "2020 Census Derived Density — Block Group 2, Census Tract 7024.01",
            "source": "U.S. Census Bureau TIGERweb Census 2020",
            "url": "https://tigerweb.geo.census.gov/arcgis/rest/services/TIGERweb/tigerWMS_Census2020/MapServer/8/query",
            "date": "2020-04-01",
            "retrieved_at": "2026-09-19T05:38:33.805674+00:00",
            "geo_id": "240317024012",
            "metric": "population_density",
            "value": 7431.2,
            "unit": "people per sq mi",
            "excerpt": null,
            "page": null,
            "section": null,
            "page_label": null,
            "document_scope": null
          }
        ]
      }
    },
    {
      "type": "Feature",
      "id": "240317024022",
      "geometry": {
        "type": "Polygon",
        "coordinates": [
          [
            [
              -77.0244210002989,
              38.9953989997552
            ],
            [
              -77.02422299993218,
              38.9948949999254
            ],
            [
              -77.0241619998328,
              38.99462100021566
            ],
            [
              -77.02413900026657,
              38.99441499984231
            ],
            [
              -77.02411599980205,
              38.993987999663304
            ],
            [
              -77.0241049999314,
              38.993669999658096
            ],
            [
              -77.02408499983991,
              38.993041000309034
            ],
            [
              -77.02201000022976,
              38.99310999967481
            ],
            [
              -77.02014899998152,
              38.993166999889354
            ],
            [
              -77.02020199968496,
              38.99411299985815
            ],
            [
              -77.01943900032703,
              38.99414399974943
            ],
            [
              -77.01821099974038,
              38.99416699988524
            ],
            [
              -77.01803500001328,
              38.99419000001352
            ],
            [
              -77.0178600001111,
              38.994254999789305
            ],
            [
              -77.01772299984374,
              38.99434599965437
            ],
            [
              -77.01756999968286,
              38.9944909998804
            ],
            [
              -77.01803500001328,
              38.99481499978857
            ],
            [
              -77.0183250004415,
              38.99499799983753
            ],
            [
              -77.01973700025285,
              38.99585299986174
            ],
            [
              -77.02034700034824,
              38.99621899970321
            ],
            [
              -77.02155300029526,
              38.9969519997445
            ],
            [
              -77.02187299996238,
              38.99716500006525
            ],
            [
              -77.02295599988578,
              38.99632199978272
            ],
            [
              -77.02339899957656,
              38.99600200025836
            ],
            [
              -77.02375000010417,
              38.995773000109736
            ],
            [
              -77.0244210002989,
              38.9953989997552
            ]
          ]
        ]
      },
      "properties": {
        "geo_id": "240317024022",
        "name": "Block Group 2, Census Tract 7024.02",
        "geography_type": "block_group",
        "boundary_vintage": "Census 2020",
        "metrics": {
          "population": 888.0,
          "housing_units": 555.0,
          "population_density": 14638.0
        },
        "evidence": [
          {
            "evidence_id": "census2020:240317024022:population",
            "type": "structured_data",
            "title": "2020 Census POP100 — Block Group 2, Census Tract 7024.02",
            "source": "U.S. Census Bureau TIGERweb Census 2020",
            "url": "https://tigerweb.geo.census.gov/arcgis/rest/services/TIGERweb/tigerWMS_Census2020/MapServer/8/query",
            "date": "2020-04-01",
            "retrieved_at": "2026-09-19T05:38:33.805674+00:00",
            "geo_id": "240317024022",
            "metric": "population",
            "value": 888.0,
            "unit": "people",
            "excerpt": null,
            "page": null,
            "section": null,
            "page_label": null,
            "document_scope": null
          },
          {
            "evidence_id": "census2020:240317024022:housing_units",
            "type": "structured_data",
            "title": "2020 Census HU100 — Block Group 2, Census Tract 7024.02",
            "source": "U.S. Census Bureau TIGERweb Census 2020",
            "url": "https://tigerweb.geo.census.gov/arcgis/rest/services/TIGERweb/tigerWMS_Census2020/MapServer/8/query",
            "date": "2020-04-01",
            "retrieved_at": "2026-09-19T05:38:33.805674+00:00",
            "geo_id": "240317024022",
            "metric": "housing_units",
            "value": 555.0,
            "unit": "units",
            "excerpt": null,
            "page": null,
            "section": null,
            "page_label": null,
            "document_scope": null
          },
          {
            "evidence_id": "census2020:240317024022:population_density",
            "type": "structured_data",
            "title": "2020 Census Derived Density — Block Group 2, Census Tract 7024.02",
            "source": "U.S. Census Bureau TIGERweb Census 2020",
            "url": "https://tigerweb.geo.census.gov/arcgis/rest/services/TIGERweb/tigerWMS_Census2020/MapServer/8/query",
            "date": "2020-04-01",
            "retrieved_at": "2026-09-19T05:38:33.805674+00:00",
            "geo_id": "240317024022",
            "metric": "population_density",
            "value": 14638.0,
            "unit": "people per sq mi",
            "excerpt": null,
            "page": null,
            "section": null,
            "page_label": null,
            "document_scope": null
          }
        ]
      }
    },
    {
      "type": "Feature",
      "id": "240317024023",
      "geometry": {
        "type": "Polygon",
        "coordinates": [
          [
            [
              -77.02408499983991,
              38.993041000309034
            ],
            [
              -77.02403600033442,
              38.99161499975199
            ],
            [
              -77.02395599996848,
              38.990202999773715
            ],
            [
              -77.02392500000634,
              38.98951700001822
            ],
            [
              -77.02393199967904,
              38.989196999747286
            ],
            [
              -77.02388800019642,
              38.988824000119145
            ],
            [
              -77.02377900041647,
              38.98841000018835
            ],
            [
              -77.02361100018699,
              38.98787000022196
            ],
            [
              -77.02358400042282,
              38.987790999708146
            ],
            [
              -77.02342600023906,
              38.98723299977311
            ],
            [
              -77.02329300016966,
              38.98684399982914
            ],
            [
              -77.02305299997016,
              38.98620400020591
            ],
            [
              -77.022950000038,
              38.9859299996675
            ],
            [
              -77.02292400009873,
              38.98574099974075
            ],
            [
              -77.02294599984005,
              38.98555000017772
            ],
            [
              -77.02296799958134,
              38.98536500030342
            ],
            [
              -77.02297500015234,
              38.98519099976531
            ],
            [
              -77.02293499996938,
              38.985034000273096
            ],
            [
              -77.0228169999686,
              38.984795000293225
            ],
            [
              -77.02233800029282,
              38.98548099972627
            ],
            [
              -77.02191099959722,
              38.98606399999705
            ],
            [
              -77.02146899973135,
              38.98667100003248
            ],
            [
              -77.02103400043649,
              38.987276999860164
            ],
            [
              -77.02076699957448,
              38.98763199992703
            ],
            [
              -77.02034700034824,
              38.98821599981599
            ],
            [
              -77.01998900014793,
              38.988712000069846
            ],
            [
              -77.0195229999926,
              38.98935600020239
            ],
            [
              -77.01926400042485,
              38.98972299998577
            ],
            [
              -77.01911100026398,
              38.98990599993543
            ],
            [
              -77.01913399983019,
              38.99011899981891
            ],
            [
              -77.01882099983574,
              38.99017300010053
            ],
            [
              -77.01737899988716,
              38.99052800030573
            ],
            [
              -77.01653199996534,
              38.99074499977852
            ],
            [
              -77.01573899957187,
              38.99095099966313
            ],
            [
              -77.01523499978171,
              38.99104999968246
            ],
            [
              -77.01426599966115,
              38.99117600001457
            ],
            [
              -77.01338100010447,
              38.991294000055746
            ],
            [
              -77.01222899968582,
              38.9913520001695
            ],
            [
              -77.01158599997848,
              38.99138900026541
            ],
            [
              -77.01107499961732,
              38.99141400026265
            ],
            [
              -77.01079599995806,
              38.991428000005875
            ],
            [
              -77.01044100013081,
              38.99144499993978
            ],
            [
              -77.01027999957402,
              38.99147399994072
            ],
            [
              -77.01014700040294,
              38.99156700024886
            ],
            [
              -77.00955900004888,
              38.99285899989858
            ],
            [
              -77.00945100009386,
              38.99310899986659
            ],
            [
              -77.00926600014593,
              38.993439000036055
            ],
            [
              -77.0091720004346,
              38.99359100003236
            ],
            [
              -77.00907700000003,
              38.993713000133155
            ],
            [
              -77.00920099984859,
              38.99375999977818
            ],
            [
              -77.0092080004196,
              38.99385399967283
            ],
            [
              -77.00904799968772,
              38.9943730002823
            ],
            [
              -77.01007000041005,
              38.994448999667355
            ],
            [
              -77.01025299980985,
              38.99441499984231
            ],
            [
              -77.0103909999021,
              38.99434599965437
            ],
            [
              -77.01048200013871,
              38.99427700009733
            ],
            [
              -77.01068800000301,
              38.994071000118964
            ],
            [
              -77.01079500013314,
              38.993999000208795
            ],
            [
              -77.01091700033187,
              38.99394199996616
            ],
            [
              -77.01109300005896,
              38.99389199965422
            ],
            [
              -77.0115580003894,
              38.99382700024322
            ],
            [
              -77.01316000017154,
              38.993598000038155
            ],
            [
              -77.01540300001119,
              38.9936140003479
            ],
            [
              -77.015853000273,
              38.99360199994136
            ],
            [
              -77.01609799959706,
              38.993563999804266
            ],
            [
              -77.01697499965611,
              38.99334699989813
            ],
            [
              -77.01753200004804,
              38.99326300018372
            ],
            [
              -77.02014899998152,
              38.993166999889354
            ],
            [
              -77.02201000022976,
              38.99310999967481
            ],
            [
              -77.02408499983991,
              38.993041000309034
            ]
          ]
        ]
      },
      "properties": {
        "geo_id": "240317024023",
        "name": "Block Group 3, Census Tract 7024.02",
        "geography_type": "block_group",
        "boundary_vintage": "Census 2020",
        "metrics": {
          "population": 2515.0,
          "housing_units": 983.0,
          "population_density": 12664.2
        },
        "evidence": [
          {
            "evidence_id": "census2020:240317024023:population",
            "type": "structured_data",
            "title": "2020 Census POP100 — Block Group 3, Census Tract 7024.02",
            "source": "U.S. Census Bureau TIGERweb Census 2020",
            "url": "https://tigerweb.geo.census.gov/arcgis/rest/services/TIGERweb/tigerWMS_Census2020/MapServer/8/query",
            "date": "2020-04-01",
            "retrieved_at": "2026-09-19T05:38:33.805674+00:00",
            "geo_id": "240317024023",
            "metric": "population",
            "value": 2515.0,
            "unit": "people",
            "excerpt": null,
            "page": null,
            "section": null,
            "page_label": null,
            "document_scope": null
          },
          {
            "evidence_id": "census2020:240317024023:housing_units",
            "type": "structured_data",
            "title": "2020 Census HU100 — Block Group 3, Census Tract 7024.02",
            "source": "U.S. Census Bureau TIGERweb Census 2020",
            "url": "https://tigerweb.geo.census.gov/arcgis/rest/services/TIGERweb/tigerWMS_Census2020/MapServer/8/query",
            "date": "2020-04-01",
            "retrieved_at": "2026-09-19T05:38:33.805674+00:00",
            "geo_id": "240317024023",
            "metric": "housing_units",
            "value": 983.0,
            "unit": "units",
            "excerpt": null,
            "page": null,
            "section": null,
            "page_label": null,
            "document_scope": null
          },
          {
            "evidence_id": "census2020:240317024023:population_density",
            "type": "structured_data",
            "title": "2020 Census Derived Density — Block Group 3, Census Tract 7024.02",
            "source": "U.S. Census Bureau TIGERweb Census 2020",
            "url": "https://tigerweb.geo.census.gov/arcgis/rest/services/TIGERweb/tigerWMS_Census2020/MapServer/8/query",
            "date": "2020-04-01",
            "retrieved_at": "2026-09-19T05:38:33.805674+00:00",
            "geo_id": "240317024023",
            "metric": "population_density",
            "value": 12664.2,
            "unit": "people per sq mi",
            "excerpt": null,
            "page": null,
            "section": null,
            "page_label": null,
            "document_scope": null
          }
        ]
      }
    },
    {
      "type": "Feature",
      "id": "240317022004",
      "geometry": {
        "type": "Polygon",
        "coordinates": [
          [
            [
              -77.0167610002942,
              39.01264499986498
            ],
            [
              -77.0167820002106,
              39.0125260002971
            ],
            [
              -77.01631100003239,
              39.01249999984869
            ],
            [
              -77.01471699974785,
              39.01249300031698
            ],
            [
              -77.01360299986233,
              39.012477000088396
            ],
            [
              -77.01245800001468,
              39.012451000319984
            ],
            [
              -77.01134400012914,
              39.012427999845734
            ],
            [
              -77.01023100006854,
              39.01241299983585
            ],
            [
              -77.00924600005445,
              39.012409000298035
            ],
            [
              -77.00817800019968,
              39.012393000050444
            ],
            [
              -77.00733100027784,
              39.01239700028718
            ],
            [
              -77.00701900010831,
              39.01242400030871
            ],
            [
              -77.00671299978656,
              39.01251199984207
            ],
            [
              -77.00583599972751,
              39.01293499970361
            ],
            [
              -77.00560700029696,
              39.01303799987758
            ],
            [
              -77.00540100043263,
              39.01310699998477
            ],
            [
              -77.00518700017238,
              39.013152999786165
            ],
            [
              -77.00486699960693,
              39.01317899999446
            ],
            [
              -77.00461200023712,
              39.01319000034822
            ],
            [
              -77.00424599964091,
              39.013261000052
            ],
            [
              -77.00395199991306,
              39.01335900004707
            ],
            [
              -77.00376199994224,
              39.01344800003178
            ],
            [
              -77.00360999960628,
              39.01351900017455
            ],
            [
              -77.00364999978926,
              39.013574000265635
            ],
            [
              -77.00426200043276,
              39.01435300030004
            ],
            [
              -77.0046180000849,
              39.01486799981331
            ],
            [
              -77.00473899956043,
              39.01499600000489
            ],
            [
              -77.00488400022368,
              39.01516800015927
            ],
            [
              -77.0051460001645,
              39.015189000052054
            ],
            [
              -77.0053849996408,
              39.01521999978269
            ],
            [
              -77.00587599991047,
              39.015302000265535
            ],
            [
              -77.00605800038366,
              39.01533599982497
            ],
            [
              -77.00626599989782,
              39.01539300028149
            ],
            [
              -77.00756499973126,
              39.01575200033728
            ],
            [
              -77.00780300028094,
              39.01581699984731
            ],
            [
              -77.00801099979509,
              39.015876000285
            ],
            [
              -77.00868299981474,
              39.01605100024089
            ],
            [
              -77.00923400035887,
              39.01619700013591
            ],
            [
              -77.0097859998296,
              39.01630499994079
            ],
            [
              -77.01051200027592,
              39.01637499982964
            ],
            [
              -77.01109300005896,
              39.0163989998952
            ],
            [
              -77.01169399993351,
              39.01637499982964
            ],
            [
              -77.01220799976942,
              39.01632799985208
            ],
            [
              -77.01290400007849,
              39.016225999763655
            ],
            [
              -77.01453199979991,
              39.01600500023059
            ],
            [
              -77.01603300019805,
              39.015862999979845
            ],
            [
              -77.01627500004737,
              39.01583499969033
            ],
            [
              -77.01648299956152,
              39.01581699984731
            ],
            [
              -77.01655700007969,
              39.01558999999921
            ],
            [
              -77.01664699959306,
              39.01510700013615
            ],
            [
              -77.01672500030918,
              39.014564000174644
            ],
            [
              -77.01672299976104,
              39.01406000006192
            ],
            [
              -77.01671600008834,
              39.014002999926944
            ],
            [
              -77.01667000005759,
              39.0136030002711
            ],
            [
              -77.01667000005759,
              39.01334700019741
            ],
            [
              -77.01667799955518,
              39.01327899984761
            ],
            [
              -77.01669299962381,
              39.01314099990155
            ],
            [
              -77.01670000019483,
              39.0129729999072
            ],
            [
              -77.0167610002942,
              39.01264499986498
            ]
          ]
        ]
      },
      "properties": {
        "geo_id": "240317022004",
        "name": "Block Group 4, Census Tract 7022.00",
        "geography_type": "block_group",
        "boundary_vintage": "Census 2020",
        "metrics": {
          "population": 792.0,
          "housing_units": 289.0,
          "population_density": 5083.1
        },
        "evidence": [
          {
            "evidence_id": "census2020:240317022004:population",
            "type": "structured_data",
            "title": "2020 Census POP100 — Block Group 4, Census Tract 7022.00",
            "source": "U.S. Census Bureau TIGERweb Census 2020",
            "url": "https://tigerweb.geo.census.gov/arcgis/rest/services/TIGERweb/tigerWMS_Census2020/MapServer/8/query",
            "date": "2020-04-01",
            "retrieved_at": "2026-09-19T05:38:33.805674+00:00",
            "geo_id": "240317022004",
            "metric": "population",
            "value": 792.0,
            "unit": "people",
            "excerpt": null,
            "page": null,
            "section": null,
            "page_label": null,
            "document_scope": null
          },
          {
            "evidence_id": "census2020:240317022004:housing_units",
            "type": "structured_data",
            "title": "2020 Census HU100 — Block Group 4, Census Tract 7022.00",
            "source": "U.S. Census Bureau TIGERweb Census 2020",
            "url": "https://tigerweb.geo.census.gov/arcgis/rest/services/TIGERweb/tigerWMS_Census2020/MapServer/8/query",
            "date": "2020-04-01",
            "retrieved_at": "2026-09-19T05:38:33.805674+00:00",
            "geo_id": "240317022004",
            "metric": "housing_units",
            "value": 289.0,
            "unit": "units",
            "excerpt": null,
            "page": null,
            "section": null,
            "page_label": null,
            "document_scope": null
          },
          {
            "evidence_id": "census2020:240317022004:population_density",
            "type": "structured_data",
            "title": "2020 Census Derived Density — Block Group 4, Census Tract 7022.00",
            "source": "U.S. Census Bureau TIGERweb Census 2020",
            "url": "https://tigerweb.geo.census.gov/arcgis/rest/services/TIGERweb/tigerWMS_Census2020/MapServer/8/query",
            "date": "2020-04-01",
            "retrieved_at": "2026-09-19T05:38:33.805674+00:00",
            "geo_id": "240317022004",
            "metric": "population_density",
            "value": 5083.1,
            "unit": "people per sq mi",
            "excerpt": null,
            "page": null,
            "section": null,
            "page_label": null,
            "document_scope": null
          }
        ]
      }
    },
    {
      "type": "Feature",
      "id": "240317021011",
      "geometry": {
        "type": "Polygon",
        "coordinates": [
          [
            [
              -77.00264300003386,
              39.01222199966494
            ],
            [
              -77.00229200040458,
              39.01178499982597
            ],
            [
              -77.00197799968691,
              39.01142299982968
            ],
            [
              -77.00172300031709,
              39.01116599998994
            ],
            [
              -77.00147300007183,
              39.01094699981055
            ],
            [
              -77.00129300014677,
              39.010809000200204
            ],
            [
              -77.0006339996476,
              39.01033800015482
            ],
            [
              -77.00059500018786,
              39.01031100003492
            ],
            [
              -77.00001100003176,
              39.00995599995601
            ],
            [
              -76.99983399958145,
              39.00983399994021
            ],
            [
              -76.99954200040172,
              39.009603000037664
            ],
            [
              -76.99921699981338,
              39.009300999960935
            ],
            [
              -76.99900099990332,
              39.009079000145405
            ],
            [
              -76.99882900037419,
              39.00888199974134
            ],
            [
              -76.99866699999248,
              39.00866600032948
            ],
            [
              -76.9984850004176,
              39.00836300014957
            ],
            [
              -76.99833999975432,
              39.008080999977075
            ],
            [
              -76.9983099996171,
              39.008013999746034
            ],
            [
              -76.99751299992398,
              39.00623700003491
            ],
            [
              -76.99748899963453,
              39.00617000015146
            ],
            [
              -76.9972330004398,
              39.00558199980633
            ],
            [
              -76.99720599977732,
              39.00552899974641
            ],
            [
              -76.99684000007943,
              39.00471500014702
            ],
            [
              -76.99668600009365,
              39.00436900023852
            ],
            [
              -76.99650299979554,
              39.003964999834025
            ],
            [
              -76.99636800007633,
              39.00366100010267
            ],
            [
              -76.99623599983184,
              39.00338900015427
            ],
            [
              -76.99606099992967,
              39.00310899973101
            ],
            [
              -76.99587199978377,
              39.00285399974015
            ],
            [
              -76.99578599957005,
              39.0026980000071
            ],
            [
              -76.99572299982086,
              39.002580999807094
            ],
            [
              -76.99550699991079,
              39.002608000085196
            ],
            [
              -76.99526199968841,
              39.00266199991249
            ],
            [
              -76.99505599982409,
              39.00280699985229
            ],
            [
              -76.9947820001877,
              39.00310100030098
            ],
            [
              -76.9947050001948,
              39.003185000204795
            ],
            [
              -76.9945289995694,
              39.00331099987347
            ],
            [
              -76.99430799963646,
              39.00342099983293
            ],
            [
              -76.99327800031483,
              39.003749000067366
            ],
            [
              -76.99404099967276,
              39.00446300000176
            ],
            [
              -76.99512399959613,
              39.00584700020833
            ],
            [
              -76.99458999966876,
              39.006209999745685
            ],
            [
              -76.99408699970351,
              39.00654200018196
            ],
            [
              -76.993782000105,
              39.006770999682026
            ],
            [
              -76.99366699957895,
              39.0068960003309
            ],
            [
              -76.99349199967676,
              39.007155999856145
            ],
            [
              -76.99346900011054,
              39.007209000093184
            ],
            [
              -76.99347599978324,
              39.007262999898686
            ],
            [
              -76.99310300041266,
              39.00770100005562
            ],
            [
              -76.99262999968632,
              39.00808999983659
            ],
            [
              -76.99201899976603,
              39.00858300024109
            ],
            [
              -76.99201200009335,
              39.008636000106954
            ],
            [
              -76.99208800026135,
              39.008705000320546
            ],
            [
              -76.99223999969898,
              39.00878500010969
            ],
            [
              -76.9923469998291,
              39.008807999674566
            ],
            [
              -76.99321700021547,
              39.00880399993283
            ],
            [
              -76.99367499997487,
              39.008849999740804
            ],
            [
              -76.99405599974138,
              39.008968000325375
            ],
            [
              -76.99446099979733,
              39.00911700032673
            ],
            [
              -76.99454399963801,
              39.009169999792476
            ],
            [
              -76.99449900033046,
              39.009234999767834
            ],
            [
              -76.9943539996672,
              39.0093489999992
            ],
            [
              -76.99424700043541,
              39.00940699997293
            ],
            [
              -76.99233199976048,
              39.01006299995108
            ],
            [
              -76.99220200006414,
              39.010119999771476
            ],
            [
              -76.99203399983466,
              39.01023099987775
            ],
            [
              -76.99194299959807,
              39.010336999892004
            ],
            [
              -76.99187400000109,
              39.01050499986587
            ],
            [
              -76.99181299990174,
              39.01083300006072
            ],
            [
              -76.99180600022902,
              39.01092900011938
            ],
            [
              -76.99182799997033,
              39.011020000178334
            ],
            [
              -76.99194299959807,
              39.01138299969328
            ],
            [
              -76.99202700016197,
              39.011492999664995
            ],
            [
              -76.99210300032993,
              39.011546999690005
            ],
            [
              -76.99226300016352,
              39.011623000172406
            ],
            [
              -76.99247700042376,
              39.01163799965182
            ],
            [
              -76.99257600015795,
              39.011618999891894
            ],
            [
              -76.99464400009542,
              39.01092100017764
            ],
            [
              -76.99479600043139,
              39.01105100034045
            ],
            [
              -76.99512399959613,
              39.01128299995133
            ],
            [
              -76.99533000035878,
              39.01137100020637
            ],
            [
              -76.995613000216,
              39.01141300014672
            ],
            [
              -76.99582599975302,
              39.01140200021464
            ],
            [
              -76.99596399984527,
              39.01136300031462
            ],
            [
              -76.99723000006678,
              39.01092499979961
            ],
            [
              -76.99737499983173,
              39.01084100001241
            ],
            [
              -76.99749700003045,
              39.01069200015268
            ],
            [
              -76.9975499997339,
              39.010517000197744
            ],
            [
              -76.9975279999926,
              39.01038699975145
            ],
            [
              -76.99732200012828,
              39.01000499981729
            ],
            [
              -76.99825199989078,
              39.00967699997073
            ],
            [
              -76.99897699961387,
              39.01036799965546
            ],
            [
              -76.99866399961942,
              39.01061600006591
            ],
            [
              -76.99858800034976,
              39.0107300001655
            ],
            [
              -76.99857300028114,
              39.01083300006072
            ],
            [
              -76.99857999995383,
              39.01094399974598
            ],
            [
              -76.99860300041837,
              39.01099699993674
            ],
            [
              -76.99886299981105,
              39.011366999911594
            ],
            [
              -76.99800800039162,
              39.01176799989271
            ],
            [
              -76.99786299972835,
              39.01186700010378
            ],
            [
              -76.99776399999413,
              39.01198499984299
            ],
            [
              -76.99768000032856,
              39.01214899983974
            ],
            [
              -76.99765699986403,
              39.012260000251686
            ],
            [
              -76.9975499997339,
              39.01343099980025
            ],
            [
              -76.99859599984737,
              39.01348400022123
            ],
            [
              -76.99892399991042,
              39.013500000221995
            ],
            [
              -76.99954200040172,
              39.01347299991326
            ],
            [
              -76.99986200006884,
              39.01341199982406
            ],
            [
              -77.00038099992761,
              39.013262999796844
            ],
            [
              -77.00157099998113,
              39.0127329998213
            ],
            [
              -77.00183799994481,
              39.0125730000096
            ],
            [
              -77.00264300003386,
              39.01222199966494
            ]
          ]
        ]
      },
      "properties": {
        "geo_id": "240317021011",
        "name": "Block Group 1, Census Tract 7021.01",
        "geography_type": "block_group",
        "boundary_vintage": "Census 2020",
        "metrics": {
          "population": 1355.0,
          "housing_units": 511.0,
          "population_density": 7986.4
        },
        "evidence": [
          {
            "evidence_id": "census2020:240317021011:population",
            "type": "structured_data",
            "title": "2020 Census POP100 — Block Group 1, Census Tract 7021.01",
            "source": "U.S. Census Bureau TIGERweb Census 2020",
            "url": "https://tigerweb.geo.census.gov/arcgis/rest/services/TIGERweb/tigerWMS_Census2020/MapServer/8/query",
            "date": "2020-04-01",
            "retrieved_at": "2026-09-19T05:38:33.805674+00:00",
            "geo_id": "240317021011",
            "metric": "population",
            "value": 1355.0,
            "unit": "people",
            "excerpt": null,
            "page": null,
            "section": null,
            "page_label": null,
            "document_scope": null
          },
          {
            "evidence_id": "census2020:240317021011:housing_units",
            "type": "structured_data",
            "title": "2020 Census HU100 — Block Group 1, Census Tract 7021.01",
            "source": "U.S. Census Bureau TIGERweb Census 2020",
            "url": "https://tigerweb.geo.census.gov/arcgis/rest/services/TIGERweb/tigerWMS_Census2020/MapServer/8/query",
            "date": "2020-04-01",
            "retrieved_at": "2026-09-19T05:38:33.805674+00:00",
            "geo_id": "240317021011",
            "metric": "housing_units",
            "value": 511.0,
            "unit": "units",
            "excerpt": null,
            "page": null,
            "section": null,
            "page_label": null,
            "document_scope": null
          },
          {
            "evidence_id": "census2020:240317021011:population_density",
            "type": "structured_data",
            "title": "2020 Census Derived Density — Block Group 1, Census Tract 7021.01",
            "source": "U.S. Census Bureau TIGERweb Census 2020",
            "url": "https://tigerweb.geo.census.gov/arcgis/rest/services/TIGERweb/tigerWMS_Census2020/MapServer/8/query",
            "date": "2020-04-01",
            "retrieved_at": "2026-09-19T05:38:33.805674+00:00",
            "geo_id": "240317021011",
            "metric": "population_density",
            "value": 7986.4,
            "unit": "people per sq mi",
            "excerpt": null,
            "page": null,
            "section": null,
            "page_label": null,
            "document_scope": null
          }
        ]
      }
    },
    {
      "type": "Feature",
      "id": "240317026022",
      "geometry": {
        "type": "Polygon",
        "coordinates": [
          [
            [
              -77.04321600003426,
              39.001205000274915
            ],
            [
              -77.04321100001138,
              39.001155000208136
            ],
            [
              -77.04314599971406,
              38.999430000001524
            ],
            [
              -77.04303199991124,
              38.99935700023889
            ],
            [
              -77.04298500005557,
              38.997656000322216
            ],
            [
              -77.04189299991135,
              38.99764999976379
            ],
            [
              -77.04193899994212,
              38.997209000261385
            ],
            [
              -77.04194499978989,
              38.996822000200545
            ],
            [
              -77.04197099972917,
              38.99661500019221
            ],
            [
              -77.04203000017871,
              38.99633999969987
            ],
            [
              -77.04209899977567,
              38.99604800001289
            ],
            [
              -77.04212499971496,
              38.99584699984859
            ],
            [
              -77.04215700040031,
              38.99580999998881
            ],
            [
              -77.04231200021103,
              38.99581699977505
            ],
            [
              -77.04232899992944,
              38.995772000339144
            ],
            [
              -77.04234300017316,
              38.99570600009072
            ],
            [
              -77.04231999970862,
              38.995632000204466
            ],
            [
              -77.04229399976934,
              38.99559299998793
            ],
            [
              -77.04223699986794,
              38.99550900014679
            ],
            [
              -77.04191600037589,
              38.99616000032219
            ],
            [
              -77.0415869995896,
              38.99624700007858
            ],
            [
              -77.04166100010777,
              38.996271999756054
            ],
            [
              -77.04178900015428,
              38.9963200002571
            ],
            [
              -77.04180199967477,
              38.99636100029561
            ],
            [
              -77.04178499995632,
              38.9964850000292
            ],
            [
              -77.04175700036723,
              38.99660000031989
            ],
            [
              -77.04173700027576,
              38.996734999754814
            ],
            [
              -77.04172200020713,
              38.99683300030551
            ],
            [
              -77.04171700018426,
              38.99691100004836
            ],
            [
              -77.04171499963613,
              38.99705200019778
            ],
            [
              -77.04169799991769,
              38.997227999702936
            ],
            [
              -77.04170399976546,
              38.99735700014909
            ],
            [
              -77.04168899969685,
              38.997520000105894
            ],
            [
              -77.04171100033648,
              38.997667000297525
            ],
            [
              -77.0417129999863,
              38.997874000021014
            ],
            [
              -77.04170799996342,
              38.99807500001282
            ],
            [
              -77.04172499968186,
              38.998194000155685
            ],
            [
              -77.04172300003205,
              38.99832999977474
            ],
            [
              -77.04170999961325,
              38.9984980003395
            ],
            [
              -77.04170799996342,
              38.99856900012999
            ],
            [
              -77.04169500044296,
              38.99863799969097
            ],
            [
              -77.04163400034359,
              38.99870499972643
            ],
            [
              -77.04156700039644,
              38.998745999779345
            ],
            [
              -77.04148100018273,
              38.998763999778035
            ],
            [
              -77.04136900002972,
              38.998737999856
            ],
            [
              -77.04125900042486,
              38.99872900020299
            ],
            [
              -77.04115700031761,
              38.99870300026814
            ],
            [
              -77.04101000000452,
              38.998668999694445
            ],
            [
              -77.04093300001163,
              38.998639999849246
            ],
            [
              -77.04083500010235,
              38.99861199972268
            ],
            [
              -77.0407620003074,
              38.99859500011413
            ],
            [
              -77.04066299967488,
              38.99856100018668
            ],
            [
              -77.0406350000858,
              38.99856100018668
            ],
            [
              -77.04056999978847,
              38.99857799980341
            ],
            [
              -77.04047500025221,
              38.998582000123285
            ],
            [
              -77.04039300023646,
              38.99856900012999
            ],
            [
              -77.04024400027355,
              38.99852599981308
            ],
            [
              -77.04015999970964,
              38.998488999957864
            ],
            [
              -77.04003900023413,
              38.99842500031348
            ],
            [
              -77.0399530000204,
              38.9983650002453
            ],
            [
              -77.03990199996677,
              38.99832900004028
            ],
            [
              -77.0392490002137,
              38.99814499979259
            ],
            [
              -77.03964199967578,
              38.99846599983054
            ],
            [
              -77.03990000031695,
              38.99893900018607
            ],
            [
              -77.03993600030196,
              38.99945499995073
            ],
            [
              -77.0399449996245,
              38.99960700028952
            ],
            [
              -77.04129700005969,
              39.0002929999793
            ],
            [
              -77.04248000044052,
              39.000858000255825
            ],
            [
              -77.04307499956894,
              39.00113999990192
            ],
            [
              -77.04321600003426,
              39.001205000274915
            ]
          ]
        ]
      },
      "properties": {
        "geo_id": "240317026022",
        "name": "Block Group 2, Census Tract 7026.02",
        "geography_type": "block_group",
        "boundary_vintage": "Census 2020",
        "metrics": {
          "population": 997.0,
          "housing_units": 357.0,
          "population_density": 35626.6
        },
        "evidence": [
          {
            "evidence_id": "census2020:240317026022:population",
            "type": "structured_data",
            "title": "2020 Census POP100 — Block Group 2, Census Tract 7026.02",
            "source": "U.S. Census Bureau TIGERweb Census 2020",
            "url": "https://tigerweb.geo.census.gov/arcgis/rest/services/TIGERweb/tigerWMS_Census2020/MapServer/8/query",
            "date": "2020-04-01",
            "retrieved_at": "2026-09-19T05:38:33.805674+00:00",
            "geo_id": "240317026022",
            "metric": "population",
            "value": 997.0,
            "unit": "people",
            "excerpt": null,
            "page": null,
            "section": null,
            "page_label": null,
            "document_scope": null
          },
          {
            "evidence_id": "census2020:240317026022:housing_units",
            "type": "structured_data",
            "title": "2020 Census HU100 — Block Group 2, Census Tract 7026.02",
            "source": "U.S. Census Bureau TIGERweb Census 2020",
            "url": "https://tigerweb.geo.census.gov/arcgis/rest/services/TIGERweb/tigerWMS_Census2020/MapServer/8/query",
            "date": "2020-04-01",
            "retrieved_at": "2026-09-19T05:38:33.805674+00:00",
            "geo_id": "240317026022",
            "metric": "housing_units",
            "value": 357.0,
            "unit": "units",
            "excerpt": null,
            "page": null,
            "section": null,
            "page_label": null,
            "document_scope": null
          },
          {
            "evidence_id": "census2020:240317026022:population_density",
            "type": "structured_data",
            "title": "2020 Census Derived Density — Block Group 2, Census Tract 7026.02",
            "source": "U.S. Census Bureau TIGERweb Census 2020",
            "url": "https://tigerweb.geo.census.gov/arcgis/rest/services/TIGERweb/tigerWMS_Census2020/MapServer/8/query",
            "date": "2020-04-01",
            "retrieved_at": "2026-09-19T05:38:33.805674+00:00",
            "geo_id": "240317026022",
            "metric": "population_density",
            "value": 35626.6,
            "unit": "people per sq mi",
            "excerpt": null,
            "page": null,
            "section": null,
            "page_label": null,
            "document_scope": null
          }
        ]
      }
    },
    {
      "type": "Feature",
      "id": "240317023011",
      "geometry": {
        "type": "Polygon",
        "coordinates": [
          [
            [
              -77.01061199983505,
              38.99963299989224
            ],
            [
              -77.01056599980429,
              38.99957599999892
            ],
            [
              -77.01043699993285,
              38.99929000012267
            ],
            [
              -77.01034499987135,
              38.9991529998335
            ],
            [
              -77.00988000043925,
              38.99863799969097
            ],
            [
              -77.00968899974522,
              38.998394000203156
            ],
            [
              -77.00960500007963,
              38.9982559998399
            ],
            [
              -77.00954399998028,
              38.99811900034125
            ],
            [
              -77.0094750003833,
              38.99784400010873
            ],
            [
              -77.00929200008521,
              38.99694800003058
            ],
            [
              -77.00924600005445,
              38.996810000338066
            ],
            [
              -77.00917800028238,
              38.996676999863645
            ],
            [
              -77.00905600008363,
              38.99654300007773
            ],
            [
              -77.00887199996063,
              38.99639799986725
            ],
            [
              -77.00865100002768,
              38.99626500001481
            ],
            [
              -77.00841500002615,
              38.996185000030394
            ],
            [
              -77.00823199972804,
              38.996146999883976
            ],
            [
              -77.00668299964933,
              38.99602100002399
            ],
            [
              -77.00640800018803,
              38.99597500025195
            ],
            [
              -77.00595000042863,
              38.99586400011728
            ],
            [
              -77.00569099996255,
              38.99606300000223
            ],
            [
              -77.00554600019758,
              38.99623800010875
            ],
            [
              -77.00542900002172,
              38.99643399965835
            ],
            [
              -77.00540899993024,
              38.99646700014893
            ],
            [
              -77.00516500043109,
              38.996863999703436
            ],
            [
              -77.00480499968265,
              38.99742400000118
            ],
            [
              -77.00464200037435,
              38.997637000297466
            ],
            [
              -77.00451000012987,
              38.99778100032132
            ],
            [
              -77.00433000020482,
              38.99792299987363
            ],
            [
              -77.00415199992959,
              38.99802199991409
            ],
            [
              -77.00364499976638,
              38.99822499965554
            ],
            [
              -77.00381800001874,
              38.9990389999257
            ],
            [
              -77.00392599997377,
              38.9994250000106
            ],
            [
              -77.00412799964015,
              39.00009299971454
            ],
            [
              -77.00427999997612,
              39.00078900006727
            ],
            [
              -77.00444300018272,
              39.001258000083745
            ],
            [
              -77.00470000010066,
              39.001699999867505
            ],
            [
              -77.00505800030096,
              39.0023230002753
            ],
            [
              -77.00545199958795,
              39.002965999748056
            ],
            [
              -77.00635499958626,
              39.00265100001566
            ],
            [
              -77.00680499984806,
              39.00246800021182
            ],
            [
              -77.00701900010831,
              39.00234599984696
            ],
            [
              -77.00713299991112,
              39.00225800023137
            ],
            [
              -77.00732399970684,
              39.002101000201094
            ],
            [
              -77.00775899990002,
              39.00167400032622
            ],
            [
              -77.00867399959391,
              39.000728000208774
            ],
            [
              -77.00905600008363,
              39.00011399989454
            ],
            [
              -77.00930700015381,
              38.9999039999082
            ],
            [
              -77.00943699985017,
              38.99982800009858
            ],
            [
              -77.00969600031624,
              38.99971699972483
            ],
            [
              -77.00977300030912,
              38.99970199981187
            ],
            [
              -77.0101309996111,
              38.99963299989224
            ],
            [
              -77.01032200030514,
              38.999622000222615
            ],
            [
              -77.01061199983505,
              38.99963299989224
            ]
          ]
        ]
      },
      "properties": {
        "geo_id": "240317023011",
        "name": "Block Group 1, Census Tract 7023.01",
        "geography_type": "block_group",
        "boundary_vintage": "Census 2020",
        "metrics": {
          "population": 1979.0,
          "housing_units": 961.0,
          "population_density": 17994.8
        },
        "evidence": [
          {
            "evidence_id": "census2020:240317023011:population",
            "type": "structured_data",
            "title": "2020 Census POP100 — Block Group 1, Census Tract 7023.01",
            "source": "U.S. Census Bureau TIGERweb Census 2020",
            "url": "https://tigerweb.geo.census.gov/arcgis/rest/services/TIGERweb/tigerWMS_Census2020/MapServer/8/query",
            "date": "2020-04-01",
            "retrieved_at": "2026-09-19T05:38:33.805674+00:00",
            "geo_id": "240317023011",
            "metric": "population",
            "value": 1979.0,
            "unit": "people",
            "excerpt": null,
            "page": null,
            "section": null,
            "page_label": null,
            "document_scope": null
          },
          {
            "evidence_id": "census2020:240317023011:housing_units",
            "type": "structured_data",
            "title": "2020 Census HU100 — Block Group 1, Census Tract 7023.01",
            "source": "U.S. Census Bureau TIGERweb Census 2020",
            "url": "https://tigerweb.geo.census.gov/arcgis/rest/services/TIGERweb/tigerWMS_Census2020/MapServer/8/query",
            "date": "2020-04-01",
            "retrieved_at": "2026-09-19T05:38:33.805674+00:00",
            "geo_id": "240317023011",
            "metric": "housing_units",
            "value": 961.0,
            "unit": "units",
            "excerpt": null,
            "page": null,
            "section": null,
            "page_label": null,
            "document_scope": null
          },
          {
            "evidence_id": "census2020:240317023011:population_density",
            "type": "structured_data",
            "title": "2020 Census Derived Density — Block Group 1, Census Tract 7023.01",
            "source": "U.S. Census Bureau TIGERweb Census 2020",
            "url": "https://tigerweb.geo.census.gov/arcgis/rest/services/TIGERweb/tigerWMS_Census2020/MapServer/8/query",
            "date": "2020-04-01",
            "retrieved_at": "2026-09-19T05:38:33.805674+00:00",
            "geo_id": "240317023011",
            "metric": "population_density",
            "value": 17994.8,
            "unit": "people per sq mi",
            "excerpt": null,
            "page": null,
            "section": null,
            "page_label": null,
            "document_scope": null
          }
        ]
      }
    },
    {
      "type": "Feature",
      "id": "240317029002",
      "geometry": {
        "type": "Polygon",
        "coordinates": [
          [
            [
              -77.04183099998708,
              39.0133099997175
            ],
            [
              -77.04183900038299,
              39.0131260000429
            ],
            [
              -77.04161000005413,
              39.01244299985238
            ],
            [
              -77.04150299992402,
              39.01211299966873
            ],
            [
              -77.04145500024345,
              39.0119819998225
            ],
            [
              -77.04131299995322,
              39.011603999710424
            ],
            [
              -77.04115200029473,
              39.01114200024242
            ],
            [
              -77.04094899990514,
              39.01057699973248
            ],
            [
              -77.04085500019383,
              39.01031400012633
            ],
            [
              -77.04058800023012,
              39.00957399978814
            ],
            [
              -77.04025199977114,
              39.008636000106954
            ],
            [
              -77.03961900010957,
              39.00878899985245
            ],
            [
              -77.03886400024925,
              39.00897799965598
            ],
            [
              -77.0385589997524,
              39.00903599993394
            ],
            [
              -77.03842200038336,
              39.00903900007938
            ],
            [
              -77.03821599962073,
              39.00901200016165
            ],
            [
              -77.03806400018307,
              39.00895899987953
            ],
            [
              -77.03793399958842,
              39.008898000085175
            ],
            [
              -77.03782900000643,
              39.008829000059805
            ],
            [
              -77.03768900026435,
              39.00870900006783
            ],
            [
              -77.03742200030065,
              39.008467999881994
            ],
            [
              -77.0370940002376,
              39.00835400032479
            ],
            [
              -77.03696399964294,
              39.008327000145584
            ],
            [
              -77.03498799976697,
              39.007884000283646
            ],
            [
              -77.03433199964086,
              39.007758999984596
            ],
            [
              -77.0340189996464,
              39.007716999968544
            ],
            [
              -77.03349300011494,
              39.00782000006316
            ],
            [
              -77.03320299968672,
              39.00789199987084
            ],
            [
              -77.03280600002668,
              39.007994999710625
            ],
            [
              -77.03160599992744,
              39.00828299988315
            ],
            [
              -77.03148600027684,
              39.00831199996399
            ],
            [
              -77.03126500034391,
              39.00835800009193
            ],
            [
              -77.03086000028794,
              39.00839599996261
            ],
            [
              -77.03060900021778,
              39.008392000197624
            ],
            [
              -77.03034899992679,
              39.00836500003291
            ],
            [
              -77.03017400002462,
              39.0083379998579
            ],
            [
              -77.03003599993235,
              39.00829600018565
            ],
            [
              -77.02954100036303,
              39.00813600010885
            ],
            [
              -77.02906699981176,
              39.007933999782985
            ],
            [
              -77.02703800023237,
              39.00704899965179
            ],
            [
              -77.02630599993824,
              39.00672899977741
            ],
            [
              -77.02500100025702,
              39.00616400031509
            ],
            [
              -77.02371900014201,
              39.00562599965471
            ],
            [
              -77.02287999971779,
              39.0052490001143
            ],
            [
              -77.02274300034877,
              39.00540099987261
            ],
            [
              -77.02239199982117,
              39.00580899966637
            ],
            [
              -77.0219650000239,
              39.00622900026054
            ],
            [
              -77.02133900003501,
              39.00682800006118
            ],
            [
              -77.0209570004436,
              39.00710599980688
            ],
            [
              -77.0203670004397,
              39.007463999743244
            ],
            [
              -77.0204080004476,
              39.00750299969904
            ],
            [
              -77.0204720000217,
              39.00756599990431
            ],
            [
              -77.02054499981664,
              39.00763699966954
            ],
            [
              -77.02065199994675,
              39.0078009999757
            ],
            [
              -77.02103400043649,
              39.008070999821605
            ],
            [
              -77.02128600033157,
              39.008284999768804
            ],
            [
              -77.02136199960123,
              39.0084069996642
            ],
            [
              -77.02143000027161,
              39.00856699982599
            ],
            [
              -77.02146100023376,
              39.00876600028139
            ],
            [
              -77.02157500003656,
              39.00919700034789
            ],
            [
              -77.02168999966428,
              39.00933000032245
            ],
            [
              -77.02178099990088,
              39.00941399981011
            ],
            [
              -77.02195699962799,
              39.009520999927076
            ],
            [
              -77.02218599995685,
              39.00969300013473
            ],
            [
              -77.02226200012483,
              39.009776999889326
            ],
            [
              -77.02225399972892,
              39.0099020001123
            ],
            [
              -77.0223459997904,
              39.00985300017966
            ],
            [
              -77.02238400032357,
              39.00985300017966
            ],
            [
              -77.02268200024939,
              39.009944000226945
            ],
            [
              -77.02280400044813,
              39.00994799990422
            ],
            [
              -77.02295599988578,
              39.009983000211385
            ],
            [
              -77.0230630000159,
              39.010017000234
            ],
            [
              -77.02335300044413,
              39.01018500026987
            ],
            [
              -77.02366600043857,
              39.01028800026073
            ],
            [
              -77.02397900043303,
              39.010269000138194
            ],
            [
              -77.02472099987456,
              39.01017700024398
            ],
            [
              -77.02509999999123,
              39.01013899993411
            ],
            [
              -77.02522200018997,
              39.01018899993347
            ],
            [
              -77.02543700027513,
              39.01032299970167
            ],
            [
              -77.02567999994938,
              39.01047499972532
            ],
            [
              -77.0259999996165,
              39.01060399975083
            ],
            [
              -77.02634399957309,
              39.010714999795496
            ],
            [
              -77.02688500007147,
              39.010828999735516
            ],
            [
              -77.02729699980014,
              39.01086799992999
            ],
            [
              -77.0276180001905,
              39.01087500032055
            ],
            [
              -77.02767900028988,
              39.010839000199084
            ],
            [
              -77.02774799988684,
              39.010757000125395
            ],
            [
              -77.02780899998622,
              39.010714999795496
            ],
            [
              -77.0278929996518,
              39.01071100016164
            ],
            [
              -77.02812100015574,
              39.01084500033694
            ],
            [
              -77.02830500027876,
              39.01091699985742
            ],
            [
              -77.02896800007757,
              39.010993000318834
            ],
            [
              -77.02928899956963,
              39.01098599993991
            ],
            [
              -77.02940300027075,
              39.011001000252435
            ],
            [
              -77.02951000040088,
              39.01106200032712
            ],
            [
              -77.02976899996865,
              39.011290999852115
            ],
            [
              -77.02995300009167,
              39.011546999690005
            ],
            [
              -77.03019699959083,
              39.01174499989431
            ],
            [
              -77.03022000005537,
              39.0118479997074
            ],
            [
              -77.0303639999954,
              39.01213800002213
            ],
            [
              -77.03028899965233,
              39.01223399970548
            ],
            [
              -77.03073600043939,
              39.01271000013679
            ],
            [
              -77.03095999984706,
              39.01311400015371
            ],
            [
              -77.03105899958126,
              39.01324799996413
            ],
            [
              -77.03119599984862,
              39.013552999893264
            ],
            [
              -77.03138699964433,
              39.01374800011981
            ],
            [
              -77.03147799988092,
              39.013869999665964
            ],
            [
              -77.03157800033836,
              39.014137000146775
            ],
            [
              -77.03163900043774,
              39.0142129999399
            ],
            [
              -77.03171499970738,
              39.01424400009837
            ],
            [
              -77.03181699981464,
              39.01425199966424
            ],
            [
              -77.0319130000741,
              39.01425899971985
            ],
            [
              -77.03202799970182,
              39.01429299978079
            ],
            [
              -77.03213499983195,
              39.01434699976181
            ],
            [
              -77.03219699975624,
              39.01438700031579
            ],
            [
              -77.03223399956616,
              39.01445299988906
            ],
            [
              -77.03222100004568,
              39.01470500004097
            ],
            [
              -77.03225600020578,
              39.01483699992838
            ],
            [
              -77.03226299987847,
              39.01486200001676
            ],
            [
              -77.03266999958426,
              39.01459900029144
            ],
            [
              -77.03331700038785,
              39.01421599986573
            ],
            [
              -77.03385299996505,
              39.01393500020786
            ],
            [
              -77.03416699978443,
              39.01379000004456
            ],
            [
              -77.03442100022764,
              39.013684999836954
            ],
            [
              -77.03471900015347,
              39.01358000017146
            ],
            [
              -77.0350530000643,
              39.01349499982955
            ],
            [
              -77.03536799970857,
              39.01342700031999
            ],
            [
              -77.03583899988678,
              39.01334199979414
            ],
            [
              -77.03642700024082,
              39.01330500000962
            ],
            [
              -77.03698399973442,
              39.013284999778456
            ],
            [
              -77.03899099957253,
              39.01325900030709
            ],
            [
              -77.04119999997532,
              39.01328199981307
            ],
            [
              -77.04183099998708,
              39.0133099997175
            ]
          ]
        ]
      },
      "properties": {
        "geo_id": "240317029002",
        "name": "Block Group 2, Census Tract 7029.00",
        "geography_type": "block_group",
        "boundary_vintage": "Census 2020",
        "metrics": {
          "population": 1547.0,
          "housing_units": 563.0,
          "population_density": 4603.0
        },
        "evidence": [
          {
            "evidence_id": "census2020:240317029002:population",
            "type": "structured_data",
            "title": "2020 Census POP100 — Block Group 2, Census Tract 7029.00",
            "source": "U.S. Census Bureau TIGERweb Census 2020",
            "url": "https://tigerweb.geo.census.gov/arcgis/rest/services/TIGERweb/tigerWMS_Census2020/MapServer/8/query",
            "date": "2020-04-01",
            "retrieved_at": "2026-09-19T05:38:33.805674+00:00",
            "geo_id": "240317029002",
            "metric": "population",
            "value": 1547.0,
            "unit": "people",
            "excerpt": null,
            "page": null,
            "section": null,
            "page_label": null,
            "document_scope": null
          },
          {
            "evidence_id": "census2020:240317029002:housing_units",
            "type": "structured_data",
            "title": "2020 Census HU100 — Block Group 2, Census Tract 7029.00",
            "source": "U.S. Census Bureau TIGERweb Census 2020",
            "url": "https://tigerweb.geo.census.gov/arcgis/rest/services/TIGERweb/tigerWMS_Census2020/MapServer/8/query",
            "date": "2020-04-01",
            "retrieved_at": "2026-09-19T05:38:33.805674+00:00",
            "geo_id": "240317029002",
            "metric": "housing_units",
            "value": 563.0,
            "unit": "units",
            "excerpt": null,
            "page": null,
            "section": null,
            "page_label": null,
            "document_scope": null
          },
          {
            "evidence_id": "census2020:240317029002:population_density",
            "type": "structured_data",
            "title": "2020 Census Derived Density — Block Group 2, Census Tract 7029.00",
            "source": "U.S. Census Bureau TIGERweb Census 2020",
            "url": "https://tigerweb.geo.census.gov/arcgis/rest/services/TIGERweb/tigerWMS_Census2020/MapServer/8/query",
            "date": "2020-04-01",
            "retrieved_at": "2026-09-19T05:38:33.805674+00:00",
            "geo_id": "240317029002",
            "metric": "population_density",
            "value": 4603.0,
            "unit": "people per sq mi",
            "excerpt": null,
            "page": null,
            "section": null,
            "page_label": null,
            "document_scope": null
          }
        ]
      }
    },
    {
      "type": "Feature",
      "id": "240317016011",
      "geometry": {
        "type": "Polygon",
        "coordinates": [
          [
            [
              -76.98004200013642,
              39.00790700014151
            ],
            [
              -76.98026100041955,
              39.00720099973068
            ],
            [
              -76.97998000021217,
              39.007535999913294
            ],
            [
              -76.9798649996861,
              39.00766799991829
            ],
            [
              -76.97936099989596,
              39.0081329999251
            ],
            [
              -76.97809800004751,
              39.00980799989822
            ],
            [
              -76.97728600028579,
              39.01093800031455
            ],
            [
              -76.97727799988986,
              39.01094699981055
            ],
            [
              -76.97714200034574,
              39.01113100026814
            ],
            [
              -76.9762250001037,
              39.01240099982569
            ],
            [
              -76.97605699987422,
              39.012634000124464
            ],
            [
              -76.97592200015501,
              39.01282399965313
            ],
            [
              -76.97558400004621,
              39.01329700033664
            ],
            [
              -76.97456499969692,
              39.01471399975561
            ],
            [
              -76.97384800036976,
              39.015635000091585
            ],
            [
              -76.97377100037687,
              39.01571800027988
            ],
            [
              -76.97353399965209,
              39.01605599975464
            ],
            [
              -76.97217999956705,
              39.017989999858855
            ],
            [
              -76.97216100019878,
              39.01801699983888
            ],
            [
              -76.97209699972638,
              39.01810900000351
            ],
            [
              -76.97191699980131,
              39.01832099998791
            ],
            [
              -76.97189199968695,
              39.01835400004026
            ],
            [
              -76.97265900014116,
              39.01839899976955
            ],
            [
              -76.97347599992575,
              39.018488999840145
            ],
            [
              -76.976070000293,
              39.01895000002646
            ],
            [
              -76.9762450001952,
              39.018977000337806
            ],
            [
              -76.97656999988521,
              39.01902299981057
            ],
            [
              -76.97677599974955,
              39.01905899995363
            ],
            [
              -76.97686100013834,
              39.018611999728144
            ],
            [
              -76.97698400016198,
              39.01813200002598
            ],
            [
              -76.97711300003343,
              39.01779600031973
            ],
            [
              -76.97716400008706,
              39.01764699975829
            ],
            [
              -76.977316000423,
              39.01722800012678
            ],
            [
              -76.97733899998923,
              39.01712000033572
            ],
            [
              -76.97771499973287,
              39.01604199999843
            ],
            [
              -76.97797199965083,
              39.015337000017084
            ],
            [
              -76.97885399973275,
              39.0122270001474
            ],
            [
              -76.97900000022094,
              39.01169200026409
            ],
            [
              -76.9790970003053,
              39.01140400001204
            ],
            [
              -76.9792789998802,
              39.01070699982954
            ],
            [
              -76.9794549996073,
              39.01016900021717
            ],
            [
              -76.97980600013487,
              39.008810000243315
            ],
            [
              -76.97996299959541,
              39.00823900029145
            ],
            [
              -76.98004200013642,
              39.00790700014151
            ]
          ]
        ]
      },
      "properties": {
        "geo_id": "240317016011",
        "name": "Block Group 1, Census Tract 7016.01",
        "geography_type": "block_group",
        "boundary_vintage": "Census 2020",
        "metrics": {
          "population": 2128.0,
          "housing_units": 769.0,
          "population_density": 18104.1
        },
        "evidence": [
          {
            "evidence_id": "census2020:240317016011:population",
            "type": "structured_data",
            "title": "2020 Census POP100 — Block Group 1, Census Tract 7016.01",
            "source": "U.S. Census Bureau TIGERweb Census 2020",
            "url": "https://tigerweb.geo.census.gov/arcgis/rest/services/TIGERweb/tigerWMS_Census2020/MapServer/8/query",
            "date": "2020-04-01",
            "retrieved_at": "2026-09-19T05:38:33.805674+00:00",
            "geo_id": "240317016011",
            "metric": "population",
            "value": 2128.0,
            "unit": "people",
            "excerpt": null,
            "page": null,
            "section": null,
            "page_label": null,
            "document_scope": null
          },
          {
            "evidence_id": "census2020:240317016011:housing_units",
            "type": "structured_data",
            "title": "2020 Census HU100 — Block Group 1, Census Tract 7016.01",
            "source": "U.S. Census Bureau TIGERweb Census 2020",
            "url": "https://tigerweb.geo.census.gov/arcgis/rest/services/TIGERweb/tigerWMS_Census2020/MapServer/8/query",
            "date": "2020-04-01",
            "retrieved_at": "2026-09-19T05:38:33.805674+00:00",
            "geo_id": "240317016011",
            "metric": "housing_units",
            "value": 769.0,
            "unit": "units",
            "excerpt": null,
            "page": null,
            "section": null,
            "page_label": null,
            "document_scope": null
          },
          {
            "evidence_id": "census2020:240317016011:population_density",
            "type": "structured_data",
            "title": "2020 Census Derived Density — Block Group 1, Census Tract 7016.01",
            "source": "U.S. Census Bureau TIGERweb Census 2020",
            "url": "https://tigerweb.geo.census.gov/arcgis/rest/services/TIGERweb/tigerWMS_Census2020/MapServer/8/query",
            "date": "2020-04-01",
            "retrieved_at": "2026-09-19T05:38:33.805674+00:00",
            "geo_id": "240317016011",
            "metric": "population_density",
            "value": 18104.1,
            "unit": "people per sq mi",
            "excerpt": null,
            "page": null,
            "section": null,
            "page_label": null,
            "document_scope": null
          }
        ]
      }
    },
    {
      "type": "Feature",
      "id": "240317022001",
      "geometry": {
        "type": "Polygon",
        "coordinates": [
          [
            [
              -77.00824500014683,
              39.01034699972716
            ],
            [
              -77.00825299964443,
              39.008980000219985
            ],
            [
              -77.00823000007821,
              39.00822700027108
            ],
            [
              -77.00717899994189,
              39.008270000276354
            ],
            [
              -77.00659099958783,
              39.00834200032399
            ],
            [
              -77.00631699995145,
              39.0084069996642
            ],
            [
              -77.00608799962258,
              39.008483000030495
            ],
            [
              -77.00588900032928,
              39.00854799993914
            ],
            [
              -77.00553799980167,
              39.008705000320546
            ],
            [
              -77.00471400034438,
              39.00920400020585
            ],
            [
              -77.0046380001764,
              39.009234999767834
            ],
            [
              -77.00434100007546,
              39.008982999669804
            ],
            [
              -77.0039209999509,
              39.008495000007386
            ],
            [
              -77.0038070001481,
              39.00832299967864
            ],
            [
              -77.00377600018595,
              39.00827400004824
            ],
            [
              -77.00347900008502,
              39.007484000224444
            ],
            [
              -77.00340200009214,
              39.007335000273336
            ],
            [
              -77.00326499982478,
              39.00709899974135
            ],
            [
              -77.00248700039823,
              39.00594699995716
            ],
            [
              -77.00232599984145,
              39.00567600005201
            ],
            [
              -77.00326499982478,
              39.00551600033154
            ],
            [
              -77.00413500021116,
              39.005381999833425
            ],
            [
              -77.00426400008257,
              39.005339999802196
            ],
            [
              -77.00421899987674,
              39.005283000318215
            ],
            [
              -77.00402800008104,
              39.00490100004407
            ],
            [
              -77.00369199962205,
              39.00407700017731
            ],
            [
              -77.00357000032163,
              39.00385999970017
            ],
            [
              -77.00337199995491,
              39.003558999895525
            ],
            [
              -77.00230400010012,
              39.00367300019947
            ],
            [
              -77.0021819999014,
              39.003700000060874
            ],
            [
              -77.0018079998076,
              39.00386399972141
            ],
            [
              -77.00040400039217,
              39.004664999768565
            ],
            [
              -77.0000910003977,
              39.00482100005073
            ],
            [
              -76.99978599990087,
              39.00492800013488
            ],
            [
              -76.9997320003725,
              39.004740999966884
            ],
            [
              -76.99965600020451,
              39.0046919999494
            ],
            [
              -76.99959799957989,
              39.00468299965755
            ],
            [
              -76.99941199980707,
              39.00465299983997
            ],
            [
              -76.99938900024084,
              39.00463099996565
            ],
            [
              -76.99936599977632,
              39.00455799998465
            ],
            [
              -76.99937400017222,
              39.0043830002112
            ],
            [
              -76.99936900014934,
              39.004270999654274
            ],
            [
              -76.99935900010361,
              39.004000999963694
            ],
            [
              -76.99942000020297,
              39.00389799989295
            ],
            [
              -76.99937400017222,
              39.003738000339546
            ],
            [
              -76.99945000034022,
              39.00351999985959
            ],
            [
              -76.99942699987568,
              39.00344799979045
            ],
            [
              -76.99934300021009,
              39.00335600009966
            ],
            [
              -76.99935900010361,
              39.00326499995395
            ],
            [
              -76.99922900040725,
              39.0031770000853
            ],
            [
              -76.9991830003765,
              39.00309700023659
            ],
            [
              -76.99922100001135,
              39.00300900015898
            ],
            [
              -76.99931999974555,
              39.002914000190245
            ],
            [
              -76.99938900024084,
              39.00280699985229
            ],
            [
              -76.99942000020297,
              39.002704000137435
            ],
            [
              -76.99822900032457,
              38.998863000038135
            ],
            [
              -76.99735200026551,
              38.99908799966977
            ],
            [
              -76.99691000039962,
              38.99921000006759
            ],
            [
              -76.99546900027596,
              38.999600000180045
            ],
            [
              -76.99530199987139,
              38.99964599969
            ],
            [
              -76.99544699963634,
              39.000099000065795
            ],
            [
              -76.99551500030671,
              39.000538000301084
            ],
            [
              -76.9955350003982,
              39.00093900023954
            ],
            [
              -76.99555399976647,
              39.00151699969815
            ],
            [
              -76.9955649996371,
              39.00189499996197
            ],
            [
              -76.99559099957638,
              39.00214799985985
            ],
            [
              -76.99564500000305,
              39.002393000041025
            ],
            [
              -76.99572299982086,
              39.002580999807094
            ],
            [
              -76.99578599957005,
              39.0026980000071
            ],
            [
              -76.99587199978377,
              39.00285399974015
            ],
            [
              -76.99606099992967,
              39.00310899973101
            ],
            [
              -76.99623599983184,
              39.00338900015427
            ],
            [
              -76.99636800007633,
              39.00366100010267
            ],
            [
              -76.99650299979554,
              39.003964999834025
            ],
            [
              -76.99668600009365,
              39.00436900023852
            ],
            [
              -76.99684000007943,
              39.00471500014702
            ],
            [
              -76.99720599977732,
              39.00552899974641
            ],
            [
              -76.9972330004398,
              39.00558199980633
            ],
            [
              -76.99748899963453,
              39.00617000015146
            ],
            [
              -76.99751299992398,
              39.00623700003491
            ],
            [
              -76.9983099996171,
              39.008013999746034
            ],
            [
              -76.99833999975432,
              39.008080999977075
            ],
            [
              -76.9984850004176,
              39.00836300014957
            ],
            [
              -76.99866699999248,
              39.00866600032948
            ],
            [
              -76.99882900037419,
              39.00888199974134
            ],
            [
              -76.99900099990332,
              39.009079000145405
            ],
            [
              -76.99921699981338,
              39.009300999960935
            ],
            [
              -76.99954200040172,
              39.009603000037664
            ],
            [
              -76.99983399958145,
              39.00983399994021
            ],
            [
              -77.00001100003176,
              39.00995599995601
            ],
            [
              -77.00059500018786,
              39.01031100003492
            ],
            [
              -77.0006339996476,
              39.01033800015482
            ],
            [
              -77.00129300014677,
              39.010809000200204
            ],
            [
              -77.00147300007183,
              39.01094699981055
            ],
            [
              -77.00172300031709,
              39.01116599998994
            ],
            [
              -77.00197799968691,
              39.01142299982968
            ],
            [
              -77.00229200040458,
              39.01178499982597
            ],
            [
              -77.00264300003386,
              39.01222199966494
            ],
            [
              -77.00276900043056,
              39.01215300009028
            ],
            [
              -77.00357799981923,
              39.01168399971068
            ],
            [
              -77.0043789997103,
              39.01127199999897
            ],
            [
              -77.00483700036803,
              39.011070000252914
            ],
            [
              -77.00534000033326,
              39.01091000016904
            ],
            [
              -77.00560700029696,
              39.010828999735516
            ],
            [
              -77.00643099975424,
              39.010673000138674
            ],
            [
              -77.00704099984962,
              39.0105589999472
            ],
            [
              -77.00824500014683,
              39.01034699972716
            ]
          ]
        ]
      },
      "properties": {
        "geo_id": "240317022001",
        "name": "Block Group 1, Census Tract 7022.00",
        "geography_type": "block_group",
        "boundary_vintage": "Census 2020",
        "metrics": {
          "population": 1740.0,
          "housing_units": 585.0,
          "population_density": 7412.6
        },
        "evidence": [
          {
            "evidence_id": "census2020:240317022001:population",
            "type": "structured_data",
            "title": "2020 Census POP100 — Block Group 1, Census Tract 7022.00",
            "source": "U.S. Census Bureau TIGERweb Census 2020",
            "url": "https://tigerweb.geo.census.gov/arcgis/rest/services/TIGERweb/tigerWMS_Census2020/MapServer/8/query",
            "date": "2020-04-01",
            "retrieved_at": "2026-09-19T05:38:33.805674+00:00",
            "geo_id": "240317022001",
            "metric": "population",
            "value": 1740.0,
            "unit": "people",
            "excerpt": null,
            "page": null,
            "section": null,
            "page_label": null,
            "document_scope": null
          },
          {
            "evidence_id": "census2020:240317022001:housing_units",
            "type": "structured_data",
            "title": "2020 Census HU100 — Block Group 1, Census Tract 7022.00",
            "source": "U.S. Census Bureau TIGERweb Census 2020",
            "url": "https://tigerweb.geo.census.gov/arcgis/rest/services/TIGERweb/tigerWMS_Census2020/MapServer/8/query",
            "date": "2020-04-01",
            "retrieved_at": "2026-09-19T05:38:33.805674+00:00",
            "geo_id": "240317022001",
            "metric": "housing_units",
            "value": 585.0,
            "unit": "units",
            "excerpt": null,
            "page": null,
            "section": null,
            "page_label": null,
            "document_scope": null
          },
          {
            "evidence_id": "census2020:240317022001:population_density",
            "type": "structured_data",
            "title": "2020 Census Derived Density — Block Group 1, Census Tract 7022.00",
            "source": "U.S. Census Bureau TIGERweb Census 2020",
            "url": "https://tigerweb.geo.census.gov/arcgis/rest/services/TIGERweb/tigerWMS_Census2020/MapServer/8/query",
            "date": "2020-04-01",
            "retrieved_at": "2026-09-19T05:38:33.805674+00:00",
            "geo_id": "240317022001",
            "metric": "population_density",
            "value": 7412.6,
            "unit": "people per sq mi",
            "excerpt": null,
            "page": null,
            "section": null,
            "page_label": null,
            "document_scope": null
          }
        ]
      }
    },
    {
      "type": "Feature",
      "id": "240317016024",
      "geometry": {
        "type": "Polygon",
        "coordinates": [
          [
            [
              -76.98670100023352,
              39.01445299988906
            ],
            [
              -76.98670100023352,
              39.01434699976181
            ],
            [
              -76.9866939996625,
              39.01423599983361
            ],
            [
              -76.98664799963176,
              39.014110000081246
            ],
            [
              -76.9866099999969,
              39.01402199974436
            ],
            [
              -76.98646500023197,
              39.013831999944365
            ],
            [
              -76.98632799996462,
              39.01370600017018
            ],
            [
              -76.98618300019965,
              39.0136069997414
            ],
            [
              -76.98597700033534,
              39.01347700008891
            ],
            [
              -76.98493899971947,
              39.012977000111135
            ],
            [
              -76.98408500012496,
              39.01254199981659
            ],
            [
              -76.98037699987218,
              39.01061199972844
            ],
            [
              -76.98010200041088,
              39.01049800013667
            ],
            [
              -76.98030800027522,
              39.009642999784724
            ],
            [
              -76.9804830001774,
              39.00874400029011
            ],
            [
              -76.9805049999187,
              39.00846900017123
            ],
            [
              -76.98051400013952,
              39.00802300031212
            ],
            [
              -76.98052699966001,
              39.007999999793945
            ],
            [
              -76.98053500005594,
              39.00798000015669
            ],
            [
              -76.98053599988083,
              39.00710199996895
            ],
            [
              -76.98053500005594,
              39.00699700030295
            ],
            [
              -76.98043499959851,
              39.006945999830585
            ],
            [
              -76.98026100041955,
              39.00720099973068
            ],
            [
              -76.98004200013642,
              39.00790700014151
            ],
            [
              -76.97996299959541,
              39.00823900029145
            ],
            [
              -76.97980600013487,
              39.008810000243315
            ],
            [
              -76.9794549996073,
              39.01016900021717
            ],
            [
              -76.9792789998802,
              39.01070699982954
            ],
            [
              -76.9790970003053,
              39.01140400001204
            ],
            [
              -76.97900000022094,
              39.01169200026409
            ],
            [
              -76.97885399973275,
              39.0122270001474
            ],
            [
              -76.97797199965083,
              39.015337000017084
            ],
            [
              -76.97809600039768,
              39.01535699966787
            ],
            [
              -76.97967499971531,
              39.01554399968907
            ],
            [
              -76.98065899990449,
              39.01565100030367
            ],
            [
              -76.9810480000669,
              39.01566600032468
            ],
            [
              -76.98142200016072,
              39.01564000033271
            ],
            [
              -76.98379499969673,
              39.01542600030435
            ],
            [
              -76.98414600022433,
              39.01540300009969
            ],
            [
              -76.98442800025661,
              39.01540700016612
            ],
            [
              -76.9847789998859,
              39.015429999671554
            ],
            [
              -76.98506099991822,
              39.01547600005585
            ],
            [
              -76.98554899981484,
              39.01556699984788
            ],
            [
              -76.98604500010741,
              39.01571199985747
            ],
            [
              -76.98667100009628,
              39.01462099985745
            ],
            [
              -76.98670100023352,
              39.01445299988906
            ]
          ]
        ]
      },
      "properties": {
        "geo_id": "240317016024",
        "name": "Block Group 4, Census Tract 7016.02",
        "geography_type": "block_group",
        "boundary_vintage": "Census 2020",
        "metrics": {
          "population": 1362.0,
          "housing_units": 306.0,
          "population_density": 11768.2
        },
        "evidence": [
          {
            "evidence_id": "census2020:240317016024:population",
            "type": "structured_data",
            "title": "2020 Census POP100 — Block Group 4, Census Tract 7016.02",
            "source": "U.S. Census Bureau TIGERweb Census 2020",
            "url": "https://tigerweb.geo.census.gov/arcgis/rest/services/TIGERweb/tigerWMS_Census2020/MapServer/8/query",
            "date": "2020-04-01",
            "retrieved_at": "2026-09-19T05:38:33.805674+00:00",
            "geo_id": "240317016024",
            "metric": "population",
            "value": 1362.0,
            "unit": "people",
            "excerpt": null,
            "page": null,
            "section": null,
            "page_label": null,
            "document_scope": null
          },
          {
            "evidence_id": "census2020:240317016024:housing_units",
            "type": "structured_data",
            "title": "2020 Census HU100 — Block Group 4, Census Tract 7016.02",
            "source": "U.S. Census Bureau TIGERweb Census 2020",
            "url": "https://tigerweb.geo.census.gov/arcgis/rest/services/TIGERweb/tigerWMS_Census2020/MapServer/8/query",
            "date": "2020-04-01",
            "retrieved_at": "2026-09-19T05:38:33.805674+00:00",
            "geo_id": "240317016024",
            "metric": "housing_units",
            "value": 306.0,
            "unit": "units",
            "excerpt": null,
            "page": null,
            "section": null,
            "page_label": null,
            "document_scope": null
          },
          {
            "evidence_id": "census2020:240317016024:population_density",
            "type": "structured_data",
            "title": "2020 Census Derived Density — Block Group 4, Census Tract 7016.02",
            "source": "U.S. Census Bureau TIGERweb Census 2020",
            "url": "https://tigerweb.geo.census.gov/arcgis/rest/services/TIGERweb/tigerWMS_Census2020/MapServer/8/query",
            "date": "2020-04-01",
            "retrieved_at": "2026-09-19T05:38:33.805674+00:00",
            "geo_id": "240317016024",
            "metric": "population_density",
            "value": 11768.2,
            "unit": "people per sq mi",
            "excerpt": null,
            "page": null,
            "section": null,
            "page_label": null,
            "document_scope": null
          }
        ]
      }
    },
    {
      "type": "Feature",
      "id": "240317018003",
      "geometry": {
        "type": "Polygon",
        "coordinates": [
          [
            [
              -77.0155360000806,
              38.98339800031169
            ],
            [
              -77.0155310000577,
              38.98324100033461
            ],
            [
              -77.01528099981246,
              38.98316400013851
            ],
            [
              -77.01493799968078,
              38.98300499974065
            ],
            [
              -77.01369400009894,
              38.982304999908635
            ],
            [
              -77.01281500039005,
              38.981812000055044
            ],
            [
              -77.01192699956202,
              38.98131900026009
            ],
            [
              -77.0118050002616,
              38.98127399998605
            ],
            [
              -77.01159100000135,
              38.98123200030965
            ],
            [
              -77.01149200026714,
              38.98121899992256
            ],
            [
              -77.01107700016546,
              38.981167999724
            ],
            [
              -77.01046200004721,
              38.98108700015464
            ],
            [
              -77.01032899997782,
              38.981044999668995
            ],
            [
              -77.00948999955361,
              38.981547999690925
            ],
            [
              -77.00850600026273,
              38.98207800006112
            ],
            [
              -77.00745299957826,
              38.982657999859015
            ],
            [
              -77.00732399970684,
              38.98275700030454
            ],
            [
              -77.00675200014462,
              38.98331000017613
            ],
            [
              -77.00651500031815,
              38.98345100018974
            ],
            [
              -77.00672100018248,
              38.98375999986156
            ],
            [
              -77.00714100030704,
              38.9844629997623
            ],
            [
              -77.00720200040642,
              38.98456500026358
            ],
            [
              -77.00746900037011,
              38.985332000222165
            ],
            [
              -77.00755999970838,
              38.98550700032931
            ],
            [
              -77.00770500037166,
              38.98569800000836
            ],
            [
              -77.00806400039686,
              38.98597299995724
            ],
            [
              -77.00809399963578,
              38.986030000333486
            ],
            [
              -77.00818599969728,
              38.986048999983204
            ],
            [
              -77.008644000355,
              38.98605699994444
            ],
            [
              -77.00988000043925,
              38.986071000048966
            ],
            [
              -77.00994900003624,
              38.98609400001526
            ],
            [
              -77.01066299988867,
              38.98680600025315
            ],
            [
              -77.01089399986735,
              38.98701699990127
            ],
            [
              -77.01216199973867,
              38.98806699978445
            ],
            [
              -77.01232300029545,
              38.98812899996221
            ],
            [
              -77.01317500024015,
              38.98692300000333
            ],
            [
              -77.0138470002598,
              38.98599200032047
            ],
            [
              -77.01421299995768,
              38.98548500008827
            ],
            [
              -77.01460999961772,
              38.984946999999856
            ],
            [
              -77.01476199995369,
              38.98474800028115
            ],
            [
              -77.01515100011612,
              38.98429600002775
            ],
            [
              -77.01533699988894,
              38.984032999784944
            ],
            [
              -77.01546699958529,
              38.98376099980179
            ],
            [
              -77.01550900031641,
              38.98360399993141
            ],
            [
              -77.0155360000806,
              38.98339800031169
            ]
          ]
        ]
      },
      "properties": {
        "geo_id": "240317018003",
        "name": "Block Group 3, Census Tract 7018.00",
        "geography_type": "block_group",
        "boundary_vintage": "Census 2020",
        "metrics": {
          "population": 1215.0,
          "housing_units": 447.0,
          "population_density": 8987.4
        },
        "evidence": [
          {
            "evidence_id": "census2020:240317018003:population",
            "type": "structured_data",
            "title": "2020 Census POP100 — Block Group 3, Census Tract 7018.00",
            "source": "U.S. Census Bureau TIGERweb Census 2020",
            "url": "https://tigerweb.geo.census.gov/arcgis/rest/services/TIGERweb/tigerWMS_Census2020/MapServer/8/query",
            "date": "2020-04-01",
            "retrieved_at": "2026-09-19T05:38:33.805674+00:00",
            "geo_id": "240317018003",
            "metric": "population",
            "value": 1215.0,
            "unit": "people",
            "excerpt": null,
            "page": null,
            "section": null,
            "page_label": null,
            "document_scope": null
          },
          {
            "evidence_id": "census2020:240317018003:housing_units",
            "type": "structured_data",
            "title": "2020 Census HU100 — Block Group 3, Census Tract 7018.00",
            "source": "U.S. Census Bureau TIGERweb Census 2020",
            "url": "https://tigerweb.geo.census.gov/arcgis/rest/services/TIGERweb/tigerWMS_Census2020/MapServer/8/query",
            "date": "2020-04-01",
            "retrieved_at": "2026-09-19T05:38:33.805674+00:00",
            "geo_id": "240317018003",
            "metric": "housing_units",
            "value": 447.0,
            "unit": "units",
            "excerpt": null,
            "page": null,
            "section": null,
            "page_label": null,
            "document_scope": null
          },
          {
            "evidence_id": "census2020:240317018003:population_density",
            "type": "structured_data",
            "title": "2020 Census Derived Density — Block Group 3, Census Tract 7018.00",
            "source": "U.S. Census Bureau TIGERweb Census 2020",
            "url": "https://tigerweb.geo.census.gov/arcgis/rest/services/TIGERweb/tigerWMS_Census2020/MapServer/8/query",
            "date": "2020-04-01",
            "retrieved_at": "2026-09-19T05:38:33.805674+00:00",
            "geo_id": "240317018003",
            "metric": "population_density",
            "value": 8987.4,
            "unit": "people per sq mi",
            "excerpt": null,
            "page": null,
            "section": null,
            "page_label": null,
            "document_scope": null
          }
        ]
      }
    },
    {
      "type": "Feature",
      "id": "240317040002",
      "geometry": {
        "type": "Polygon",
        "coordinates": [
          [
            [
              -77.06051600011759,
              39.02059499991619
            ],
            [
              -77.0606149998518,
              39.020487999803684
            ],
            [
              -77.06015299989443,
              39.0201209997662
            ],
            [
              -77.05980700028802,
              39.01964300010148
            ],
            [
              -77.05912900042058,
              39.018677000098926
            ],
            [
              -77.05906999997103,
              39.01857300031456
            ],
            [
              -77.05843200028657,
              39.01760200024834
            ],
            [
              -77.05833100000424,
              39.01742599978068
            ],
            [
              -77.05829300036942,
              39.01735299974368
            ],
            [
              -77.05828300032366,
              39.0173140003336
            ],
            [
              -77.05827400010284,
              39.01726200015616
            ],
            [
              -77.05827999995061,
              39.01721299973914
            ],
            [
              -77.0582849999735,
              39.01717700005213
            ],
            [
              -77.05829099982128,
              39.01713600021174
            ],
            [
              -77.05833000017934,
              39.016982999678376
            ],
            [
              -77.05837500038518,
              39.01682299971071
            ],
            [
              -77.05838799990565,
              39.01673600013036
            ],
            [
              -77.05838500043093,
              39.01666000025695
            ],
            [
              -77.05837200001213,
              39.016620000290764
            ],
            [
              -77.05835399957046,
              39.016572000301466
            ],
            [
              -77.05832699980628,
              39.0165310001103
            ],
            [
              -77.05828999999636,
              39.01648300006058
            ],
            [
              -77.05815699992696,
              39.01636299979379
            ],
            [
              -77.05806900006343,
              39.016291000233885
            ],
            [
              -77.05808599978185,
              39.01627900018377
            ],
            [
              -77.0581440004065,
              39.016244000200494
            ],
            [
              -77.05819700010994,
              39.0162219997435
            ],
            [
              -77.0582439999656,
              39.01620299981919
            ],
            [
              -77.05767400005323,
              39.01570200008295
            ],
            [
              -77.05746200034112,
              39.0155339998908
            ],
            [
              -77.05733000009664,
              39.01542900017874
            ],
            [
              -77.05662899976467,
              39.01492799984471
            ],
            [
              -77.0565750002363,
              39.01489699998607
            ],
            [
              -77.05621700003603,
              39.014675000286
            ],
            [
              -77.05615199973869,
              39.01463000028076
            ],
            [
              -77.05520400043284,
              39.01397899974614
            ],
            [
              -77.0550689998153,
              39.013886000277395
            ],
            [
              -77.05477500008743,
              39.013684000319536
            ],
            [
              -77.05464399966787,
              39.01367100030936
            ],
            [
              -77.05462000027673,
              39.01366700014468
            ],
            [
              -77.0543640001837,
              39.013657000081
            ],
            [
              -77.05350200019326,
              39.01361600029371
            ],
            [
              -77.05253499972251,
              39.01357700021864
            ],
            [
              -77.05103599987251,
              39.01354800020256
            ],
            [
              -77.04956799998467,
              39.013532000212656
            ],
            [
              -77.04862999982625,
              39.013500000221995
            ],
            [
              -77.04655799969082,
              39.01343000027918
            ],
            [
              -77.04518799971225,
              39.01340700012334
            ],
            [
              -77.04496099993155,
              39.01340700012334
            ],
            [
              -77.04485399980142,
              39.01340499968456
            ],
            [
              -77.0446699996784,
              39.013395999803386
            ],
            [
              -77.04425799994975,
              39.013388999662304
            ],
            [
              -77.04257099977879,
              39.013319000307675
            ],
            [
              -77.0422269998222,
              39.01330799997398
            ],
            [
              -77.04198699962268,
              39.0133099997175
            ],
            [
              -77.04183099998708,
              39.0133099997175
            ],
            [
              -77.04119999997532,
              39.01328199981307
            ],
            [
              -77.03899099957253,
              39.01325900030709
            ],
            [
              -77.03698399973442,
              39.013284999778456
            ],
            [
              -77.03642700024082,
              39.01330500000962
            ],
            [
              -77.03583899988678,
              39.01334199979414
            ],
            [
              -77.03536799970857,
              39.01342700031999
            ],
            [
              -77.0350530000643,
              39.01349499982955
            ],
            [
              -77.03471900015347,
              39.01358000017146
            ],
            [
              -77.03442100022764,
              39.013684999836954
            ],
            [
              -77.03416699978443,
              39.01379000004456
            ],
            [
              -77.03385299996505,
              39.01393500020786
            ],
            [
              -77.03331700038785,
              39.01421599986573
            ],
            [
              -77.03266999958426,
              39.01459900029144
            ],
            [
              -77.03226299987847,
              39.01486200001676
            ],
            [
              -77.03230899990922,
              39.01503499999541
            ],
            [
              -77.03263500032247,
              39.014828999730696
            ],
            [
              -77.0330250003098,
              39.01459200026949
            ],
            [
              -77.03340299970327,
              39.01437499994257
            ],
            [
              -77.03401500034676,
              39.01402400016568
            ],
            [
              -77.03444499961876,
              39.0138300002156
            ],
            [
              -77.03486399991841,
              39.01370099979225
            ],
            [
              -77.03539199999803,
              39.01358000017146
            ],
            [
              -77.03617299979761,
              39.01348000004597
            ],
            [
              -77.03699100030545,
              39.01345800012502
            ],
            [
              -77.03892100015065,
              39.01342000018199
            ],
            [
              -77.03908000015932,
              39.01341799974362
            ],
            [
              -77.04142799958096,
              39.01346100008295
            ],
            [
              -77.04151700016772,
              39.013468000216854
            ],
            [
              -77.04190100030726,
              39.01349600004764
            ],
            [
              -77.04194899998787,
              39.013706999687294
            ],
            [
              -77.04196900007933,
              39.013749999850894
            ],
            [
              -77.04205699994289,
              39.013962000340214
            ],
            [
              -77.04217999996652,
              39.0142920002719
            ],
            [
              -77.04219099983719,
              39.014322999697804
            ],
            [
              -77.04240900029538,
              39.01497699975117
            ],
            [
              -77.04262500020545,
              39.015642000010295
            ],
            [
              -77.04280599995542,
              39.01564399968781
            ],
            [
              -77.04368300001448,
              39.015565999659074
            ],
            [
              -77.04389100042695,
              39.01557499996206
            ],
            [
              -77.04419699985039,
              39.015579000018825
            ],
            [
              -77.04596699986202,
              39.01548299999029
            ],
            [
              -77.04725599964972,
              39.01541899966623
            ],
            [
              -77.04750000004721,
              39.015383999955276
            ],
            [
              -77.04889599996503,
              39.01533800020913
            ],
            [
              -77.04897299995793,
              39.015910999752435
            ],
            [
              -77.04901099959275,
              39.01652899975989
            ],
            [
              -77.04970500025203,
              39.016493999900405
            ],
            [
              -77.049773999849,
              39.01716600031861
            ],
            [
              -77.04981900005484,
              39.01769999981129
            ],
            [
              -77.04992600018497,
              39.01873299981206
            ],
            [
              -77.0504070004089,
              39.01936699965279
            ],
            [
              -77.0507730001068,
              39.019823999881595
            ],
            [
              -77.05083400020617,
              39.01989300034673
            ],
            [
              -77.05088799973451,
              39.01992400010893
            ],
            [
              -77.05111600023847,
              39.02001099995441
            ],
            [
              -77.05129199996556,
              39.0200499999707
            ],
            [
              -77.05181800039534,
              39.020069000257195
            ],
            [
              -77.05280300040943,
              39.02004199966487
            ],
            [
              -77.05283299964834,
              39.02075900018519
            ],
            [
              -77.05284799971696,
              39.02119799992266
            ],
            [
              -77.0518640004261,
              39.02120899972686
            ],
            [
              -77.05030799977638,
              39.02125100010557
            ],
            [
              -77.04994200007849,
              39.02208300027176
            ],
            [
              -77.05363400043773,
              39.022013999850216
            ],
            [
              -77.05367999957016,
              39.02207099980884
            ],
            [
              -77.05365700000395,
              39.02214800024319
            ],
            [
              -77.05350399984307,
              39.022407000137015
            ],
            [
              -77.05341299960648,
              39.02275800017646
            ],
            [
              -77.05365700000395,
              39.022815000233145
            ],
            [
              -77.05439699979567,
              39.02307100022704
            ],
            [
              -77.05452700039034,
              39.02312399970376
            ],
            [
              -77.05491599965443,
              39.02322300006838
            ],
            [
              -77.0550529999218,
              39.02324200020001
            ],
            [
              -77.05541899961968,
              39.02323500033577
            ],
            [
              -77.05553400014573,
              39.02389500004182
            ],
            [
              -77.05586999970637,
              39.0247609997118
            ],
            [
              -77.05595300044537,
              39.02487500003862
            ],
            [
              -77.05600699997373,
              39.02509999997893
            ],
            [
              -77.05628900000605,
              39.025855999752636
            ],
            [
              -77.05631199957226,
              39.02601200005107
            ],
            [
              -77.05631199957226,
              39.02632899979821
            ],
            [
              -77.05683800000205,
              39.026324999651735
            ],
            [
              -77.0567929997962,
              39.0264509999693
            ],
            [
              -77.05677699990267,
              39.02657600002915
            ],
            [
              -77.05685399989555,
              39.02705000016833
            ],
            [
              -77.0562510003712,
              39.02710300015117
            ],
            [
              -77.05502299978455,
              39.02711399973447
            ],
            [
              -77.05500699989103,
              39.02751099966336
            ],
            [
              -77.05502299978455,
              39.02801800023986
            ],
            [
              -77.05507600038632,
              39.02886500033174
            ],
            [
              -77.05511400002115,
              39.02973899973391
            ],
            [
              -77.05540399955106,
              39.02975800020771
            ],
            [
              -77.05580899960701,
              39.02975000030263
            ],
            [
              -77.05834900044592,
              39.02964700004867
            ],
            [
              -77.06037100035263,
              39.02956300017082
            ],
            [
              -77.06028900033685,
              39.029218999695935
            ],
            [
              -77.06033799984235,
              39.028943000343936
            ],
            [
              -77.06030799970512,
              39.02865299986372
            ],
            [
              -77.06021800019175,
              39.02775499990195
            ],
            [
              -77.06016499958999,
              39.02693499983177
            ],
            [
              -77.06008900032033,
              39.02612999991388
            ],
            [
              -77.06005199961207,
              39.025740000220146
            ],
            [
              -77.06001200032742,
              39.025302000124725
            ],
            [
              -77.05994399965705,
              39.02460800032489
            ],
            [
              -77.05995899972568,
              39.02448200021173
            ],
            [
              -77.06012699995514,
              39.0241200003097
            ],
            [
              -77.06012899960497,
              39.02409299986871
            ],
            [
              -77.06013399962785,
              39.02404700020513
            ],
            [
              -77.06013399962785,
              39.02377300034463
            ],
            [
              -77.0600659998558,
              39.02247600017501
            ],
            [
              -77.0599970002588,
              39.02112099984944
            ],
            [
              -77.06001999982502,
              39.021068000266986
            ],
            [
              -77.06023400008527,
              39.020843000056516
            ],
            [
              -77.06051600011759,
              39.02059499991619
            ]
          ]
        ]
      },
      "properties": {
        "geo_id": "240317040002",
        "name": "Block Group 2, Census Tract 7040.00",
        "geography_type": "block_group",
        "boundary_vintage": "Census 2020",
        "metrics": {
          "population": 2362.0,
          "housing_units": 926.0,
          "population_density": 5165.9
        },
        "evidence": [
          {
            "evidence_id": "census2020:240317040002:population",
            "type": "structured_data",
            "title": "2020 Census POP100 — Block Group 2, Census Tract 7040.00",
            "source": "U.S. Census Bureau TIGERweb Census 2020",
            "url": "https://tigerweb.geo.census.gov/arcgis/rest/services/TIGERweb/tigerWMS_Census2020/MapServer/8/query",
            "date": "2020-04-01",
            "retrieved_at": "2026-09-19T05:38:33.805674+00:00",
            "geo_id": "240317040002",
            "metric": "population",
            "value": 2362.0,
            "unit": "people",
            "excerpt": null,
            "page": null,
            "section": null,
            "page_label": null,
            "document_scope": null
          },
          {
            "evidence_id": "census2020:240317040002:housing_units",
            "type": "structured_data",
            "title": "2020 Census HU100 — Block Group 2, Census Tract 7040.00",
            "source": "U.S. Census Bureau TIGERweb Census 2020",
            "url": "https://tigerweb.geo.census.gov/arcgis/rest/services/TIGERweb/tigerWMS_Census2020/MapServer/8/query",
            "date": "2020-04-01",
            "retrieved_at": "2026-09-19T05:38:33.805674+00:00",
            "geo_id": "240317040002",
            "metric": "housing_units",
            "value": 926.0,
            "unit": "units",
            "excerpt": null,
            "page": null,
            "section": null,
            "page_label": null,
            "document_scope": null
          },
          {
            "evidence_id": "census2020:240317040002:population_density",
            "type": "structured_data",
            "title": "2020 Census Derived Density — Block Group 2, Census Tract 7040.00",
            "source": "U.S. Census Bureau TIGERweb Census 2020",
            "url": "https://tigerweb.geo.census.gov/arcgis/rest/services/TIGERweb/tigerWMS_Census2020/MapServer/8/query",
            "date": "2020-04-01",
            "retrieved_at": "2026-09-19T05:38:33.805674+00:00",
            "geo_id": "240317040002",
            "metric": "population_density",
            "value": 5165.9,
            "unit": "people per sq mi",
            "excerpt": null,
            "page": null,
            "section": null,
            "page_label": null,
            "document_scope": null
          }
        ]
      }
    },
    {
      "type": "Feature",
      "id": "240338059072",
      "geometry": {
        "type": "Polygon",
        "coordinates": [
          [
            [
              -76.98362900001537,
              39.00226700013362
            ],
            [
              -76.98351600003747,
              39.0021100001233
            ],
            [
              -76.98317600027885,
              39.00164800007732
            ],
            [
              -76.98302399994289,
              39.00148600024435
            ],
            [
              -76.98288099982776,
              39.001355999955
            ],
            [
              -76.98270000007778,
              39.00122499973325
            ],
            [
              -76.98244599963456,
              39.00108400022007
            ],
            [
              -76.98233699985462,
              39.00127299966683
            ],
            [
              -76.98217199999819,
              39.00155800021594
            ],
            [
              -76.98184700030818,
              39.00212199978514
            ],
            [
              -76.98176500029241,
              39.00228499993464
            ],
            [
              -76.98174400037601,
              39.00232899973931
            ],
            [
              -76.98161499960626,
              39.00263800007187
            ],
            [
              -76.98143999970408,
              39.00303000017156
            ],
            [
              -76.98139500039655,
              39.00317900011525
            ],
            [
              -76.98135900041154,
              39.00329499966207
            ],
            [
              -76.98128400006847,
              39.00353899970077
            ],
            [
              -76.98114299960315,
              39.004010999996446
            ],
            [
              -76.98105499973961,
              39.004295000337
            ],
            [
              -76.98090199957873,
              39.00427000000376
            ],
            [
              -76.98061600024677,
              39.00422299966048
            ],
            [
              -76.98026899991716,
              39.004185000340364
            ],
            [
              -76.97757400016587,
              39.00388900019818
            ],
            [
              -76.97736099973055,
              39.00386599973195
            ],
            [
              -76.97722500018642,
              39.00431100032228
            ],
            [
              -76.97705100010916,
              39.0049180002317
            ],
            [
              -76.97693499975819,
              39.00536000018582
            ],
            [
              -76.97687100018408,
              39.00566200033522
            ],
            [
              -76.97685399956733,
              39.00574400003306
            ],
            [
              -76.97683000017621,
              39.00588899993859
            ],
            [
              -76.97682500015333,
              39.00598900032608
            ],
            [
              -76.97683000017621,
              39.00607999976012
            ],
            [
              -76.97684000022194,
              39.00621400033213
            ],
            [
              -76.97687000035918,
              39.00645200026387
            ],
            [
              -76.97691800003975,
              39.00683300022691
            ],
            [
              -76.97736400010359,
              39.006759000110726
            ],
            [
              -76.97760599995293,
              39.00674400029469
            ],
            [
              -76.97773900002232,
              39.006748999768305
            ],
            [
              -76.97783299973365,
              39.00676100003942
            ],
            [
              -76.97910999982578,
              39.00633499998982
            ],
            [
              -76.98020299979491,
              39.00677500023673
            ],
            [
              -76.98037600004729,
              39.0067930002869
            ],
            [
              -76.980350000108,
              39.006887999933
            ],
            [
              -76.98046399991082,
              39.006902999718505
            ],
            [
              -76.98052800038323,
              39.00681100033255
            ],
            [
              -76.9805750002389,
              39.00673999973823
            ],
            [
              -76.98165499978923,
              39.00511899975879
            ],
            [
              -76.98202100038546,
              39.004571000273664
            ],
            [
              -76.98224700034125,
              39.004240000011045
            ],
            [
              -76.98256000033571,
              39.003779999925754
            ],
            [
              -76.98319999966999,
              39.00284000016299
            ],
            [
              -76.98362900001537,
              39.00226700013362
            ]
          ]
        ]
      },
      "properties": {
        "geo_id": "240338059072",
        "name": "Block Group 2, Census Tract 8059.07",
        "geography_type": "block_group",
        "boundary_vintage": "Census 2020",
        "metrics": {
          "population": 1492.0,
          "housing_units": 510.0,
          "population_density": 25715.5
        },
        "evidence": [
          {
            "evidence_id": "census2020:240338059072:population",
            "type": "structured_data",
            "title": "2020 Census POP100 — Block Group 2, Census Tract 8059.07",
            "source": "U.S. Census Bureau TIGERweb Census 2020",
            "url": "https://tigerweb.geo.census.gov/arcgis/rest/services/TIGERweb/tigerWMS_Census2020/MapServer/8/query",
            "date": "2020-04-01",
            "retrieved_at": "2026-09-19T05:38:33.805674+00:00",
            "geo_id": "240338059072",
            "metric": "population",
            "value": 1492.0,
            "unit": "people",
            "excerpt": null,
            "page": null,
            "section": null,
            "page_label": null,
            "document_scope": null
          },
          {
            "evidence_id": "census2020:240338059072:housing_units",
            "type": "structured_data",
            "title": "2020 Census HU100 — Block Group 2, Census Tract 8059.07",
            "source": "U.S. Census Bureau TIGERweb Census 2020",
            "url": "https://tigerweb.geo.census.gov/arcgis/rest/services/TIGERweb/tigerWMS_Census2020/MapServer/8/query",
            "date": "2020-04-01",
            "retrieved_at": "2026-09-19T05:38:33.805674+00:00",
            "geo_id": "240338059072",
            "metric": "housing_units",
            "value": 510.0,
            "unit": "units",
            "excerpt": null,
            "page": null,
            "section": null,
            "page_label": null,
            "document_scope": null
          },
          {
            "evidence_id": "census2020:240338059072:population_density",
            "type": "structured_data",
            "title": "2020 Census Derived Density — Block Group 2, Census Tract 8059.07",
            "source": "U.S. Census Bureau TIGERweb Census 2020",
            "url": "https://tigerweb.geo.census.gov/arcgis/rest/services/TIGERweb/tigerWMS_Census2020/MapServer/8/query",
            "date": "2020-04-01",
            "retrieved_at": "2026-09-19T05:38:33.805674+00:00",
            "geo_id": "240338059072",
            "metric": "population_density",
            "value": 25715.5,
            "unit": "people per sq mi",
            "excerpt": null,
            "page": null,
            "section": null,
            "page_label": null,
            "document_scope": null
          }
        ]
      }
    },
    {
      "type": "Feature",
      "id": "240317019003",
      "geometry": {
        "type": "Polygon",
        "coordinates": [
          [
            [
              -77.00225800006938,
              38.993079999837384
            ],
            [
              -77.00224899984856,
              38.992549000331564
            ],
            [
              -77.0022170000615,
              38.99214299981795
            ],
            [
              -77.00218299972632,
              38.99193100026472
            ],
            [
              -77.0021669998328,
              38.99186400009929
            ],
            [
              -77.00207700031943,
              38.99149999973885
            ],
            [
              -77.00195500012069,
              38.99109500002633
            ],
            [
              -77.00178500024137,
              38.99057099989697
            ],
            [
              -77.00147999974453,
              38.98965099984158
            ],
            [
              -77.0011049998258,
              38.98878100016482
            ],
            [
              -77.00085600030378,
              38.988293999979206
            ],
            [
              -77.00071999986133,
              38.98796799978222
            ],
            [
              -77.00048200020997,
              38.98747700003814
            ],
            [
              -77.0001409997281,
              38.98696599968983
            ],
            [
              -76.99993599968869,
              38.98666499993915
            ],
            [
              -76.99983299975653,
              38.98652100033885
            ],
            [
              -76.99897599978897,
              38.98695400025088
            ],
            [
              -76.99795399996496,
              38.987250999907246
            ],
            [
              -76.99743199973312,
              38.98741699976477
            ],
            [
              -76.99740300031912,
              38.98737899979811
            ],
            [
              -76.99640599971114,
              38.98608300033592
            ],
            [
              -76.99609299971672,
              38.98636199979982
            ],
            [
              -76.99577999972227,
              38.986639999661
            ],
            [
              -76.99524599979488,
              38.987128999839484
            ],
            [
              -76.99501800018925,
              38.98734199970069
            ],
            [
              -76.99491799973183,
              38.9874339999638
            ],
            [
              -76.9950709998927,
              38.987487000311496
            ],
            [
              -76.9952390001222,
              38.98763600016741
            ],
            [
              -76.99536100032093,
              38.98771600004032
            ],
            [
              -76.99611600018125,
              38.98809800022924
            ],
            [
              -76.99648199987914,
              38.98831500016961
            ],
            [
              -76.99664300043594,
              38.98839099977589
            ],
            [
              -76.99689399960779,
              38.98857799986526
            ],
            [
              -76.99693999963854,
              38.98865100027393
            ],
            [
              -76.9970769999059,
              38.98879200012311
            ],
            [
              -76.99717700036332,
              38.98881900007708
            ],
            [
              -76.99723000006678,
              38.988849000324144
            ],
            [
              -76.99735200026551,
              38.98900599973397
            ],
            [
              -76.99745900039564,
              38.98921900023116
            ],
            [
              -76.99757300019844,
              38.98967700030942
            ],
            [
              -76.99766500025994,
              38.98985200014829
            ],
            [
              -76.99772600035931,
              38.99014599996487
            ],
            [
              -76.99777900006276,
              38.990252999898985
            ],
            [
              -76.99774899992553,
              38.99042100008912
            ],
            [
              -76.99775599959823,
              38.9904779996765
            ],
            [
              -76.99779499995628,
              38.99053099983965
            ],
            [
              -76.99844299968649,
              38.990356000283136
            ],
            [
              -76.999083999744,
              38.99039800013236
            ],
            [
              -76.99986999956646,
              38.990458999819154
            ],
            [
              -77.00015199959876,
              38.99071799986106
            ],
            [
              -77.00027399979751,
              38.99088200028715
            ],
            [
              -77.00034300029279,
              38.99100400017031
            ],
            [
              -77.00048800005774,
              38.99137099978717
            ],
            [
              -77.00078500015866,
              38.99211499991333
            ],
            [
              -77.00102199998511,
              38.9927329997699
            ],
            [
              -77.00114400018386,
              38.99300299987071
            ],
            [
              -77.00122000035184,
              38.993289000022884
            ],
            [
              -77.00123500042046,
              38.99343100021098
            ],
            [
              -77.00122799984945,
              38.99395299982055
            ],
            [
              -77.00214199971843,
              38.99396999984609
            ],
            [
              -77.00225300004652,
              38.9939930000384
            ],
            [
              -77.00223700015297,
              38.99373599971079
            ],
            [
              -77.00225800006938,
              38.993079999837384
            ]
          ]
        ]
      },
      "properties": {
        "geo_id": "240317019003",
        "name": "Block Group 3, Census Tract 7019.00",
        "geography_type": "block_group",
        "boundary_vintage": "Census 2020",
        "metrics": {
          "population": 850.0,
          "housing_units": 433.0,
          "population_density": 11159.6
        },
        "evidence": [
          {
            "evidence_id": "census2020:240317019003:population",
            "type": "structured_data",
            "title": "2020 Census POP100 — Block Group 3, Census Tract 7019.00",
            "source": "U.S. Census Bureau TIGERweb Census 2020",
            "url": "https://tigerweb.geo.census.gov/arcgis/rest/services/TIGERweb/tigerWMS_Census2020/MapServer/8/query",
            "date": "2020-04-01",
            "retrieved_at": "2026-09-19T05:38:33.805674+00:00",
            "geo_id": "240317019003",
            "metric": "population",
            "value": 850.0,
            "unit": "people",
            "excerpt": null,
            "page": null,
            "section": null,
            "page_label": null,
            "document_scope": null
          },
          {
            "evidence_id": "census2020:240317019003:housing_units",
            "type": "structured_data",
            "title": "2020 Census HU100 — Block Group 3, Census Tract 7019.00",
            "source": "U.S. Census Bureau TIGERweb Census 2020",
            "url": "https://tigerweb.geo.census.gov/arcgis/rest/services/TIGERweb/tigerWMS_Census2020/MapServer/8/query",
            "date": "2020-04-01",
            "retrieved_at": "2026-09-19T05:38:33.805674+00:00",
            "geo_id": "240317019003",
            "metric": "housing_units",
            "value": 433.0,
            "unit": "units",
            "excerpt": null,
            "page": null,
            "section": null,
            "page_label": null,
            "document_scope": null
          },
          {
            "evidence_id": "census2020:240317019003:population_density",
            "type": "structured_data",
            "title": "2020 Census Derived Density — Block Group 3, Census Tract 7019.00",
            "source": "U.S. Census Bureau TIGERweb Census 2020",
            "url": "https://tigerweb.geo.census.gov/arcgis/rest/services/TIGERweb/tigerWMS_Census2020/MapServer/8/query",
            "date": "2020-04-01",
            "retrieved_at": "2026-09-19T05:38:33.805674+00:00",
            "geo_id": "240317019003",
            "metric": "population_density",
            "value": 11159.6,
            "unit": "people per sq mi",
            "excerpt": null,
            "page": null,
            "section": null,
            "page_label": null,
            "document_scope": null
          }
        ]
      }
    },
    {
      "type": "Feature",
      "id": "240317020002",
      "geometry": {
        "type": "Polygon",
        "coordinates": [
          [
            [
              -76.99527699975702,
              38.99965200007916
            ],
            [
              -76.99530199987139,
              38.99964599969
            ],
            [
              -76.99521499983274,
              38.999407000180064
            ],
            [
              -76.99499899992267,
              38.998970000057625
            ],
            [
              -76.9947830000126,
              38.99863199991396
            ],
            [
              -76.99461399995822,
              38.998416999655745
            ],
            [
              -76.99453299976736,
              38.99833400010864
            ],
            [
              -76.99371400033294,
              38.997340000239035
            ],
            [
              -76.99365499988339,
              38.99728599984064
            ],
            [
              -76.99348099980612,
              38.996971999706815
            ],
            [
              -76.99334699991181,
              38.99669199971966
            ],
            [
              -76.99322399988816,
              38.996353999865
            ],
            [
              -76.99307999994812,
              38.995863000348024
            ],
            [
              -76.99307599975016,
              38.99584600007905
            ],
            [
              -76.99280200011377,
              38.99487999968848
            ],
            [
              -76.99278500039533,
              38.99483600013869
            ],
            [
              -76.99268499993791,
              38.994570999685365
            ],
            [
              -76.9925860002037,
              38.994307999916764
            ],
            [
              -76.99262600038668,
              38.993969000050036
            ],
            [
              -76.99273699981644,
              38.993488999969856
            ],
            [
              -76.99298100021393,
              38.992436999892824
            ],
            [
              -76.99304200031328,
              38.992156000293505
            ],
            [
              -76.99354500027853,
              38.98983899994769
            ],
            [
              -76.99373600007424,
              38.98901699965736
            ],
            [
              -76.99383399998352,
              38.9887309996979
            ],
            [
              -76.99390599995354,
              38.9885499999468
            ],
            [
              -76.99407099980999,
              38.98825900011355
            ],
            [
              -76.9941629998715,
              38.98813200029604
            ],
            [
              -76.9938039998463,
              38.987995000050454
            ],
            [
              -76.99330900027698,
              38.98816999985847
            ],
            [
              -76.99314100004749,
              38.98826199974362
            ],
            [
              -76.99302600041976,
              38.98835699983349
            ],
            [
              -76.99289699965001,
              38.988483000071994
            ],
            [
              -76.99279000041821,
              38.98865100027393
            ],
            [
              -76.99256100008934,
              38.989077999836084
            ],
            [
              -76.9922480000949,
              38.989363999789894
            ],
            [
              -76.99193500010045,
              38.989577999766055
            ],
            [
              -76.99229400012565,
              38.989933000162644
            ],
            [
              -76.99236199989772,
              38.990076999804124
            ],
            [
              -76.99238500036225,
              38.99021900015281
            ],
            [
              -76.99237799979123,
              38.99029099971922
            ],
            [
              -76.9922480000949,
              38.99084400008599
            ],
            [
              -76.9920649997968,
              38.99157699994438
            ],
            [
              -76.99198100013122,
              38.991789999686624
            ],
            [
              -76.99205700029918,
              38.99200400000799
            ],
            [
              -76.9921490003607,
              38.99239700019192
            ],
            [
              -76.99205099955309,
              38.992418999681135
            ],
            [
              -76.99179399963515,
              38.992546000185015
            ],
            [
              -76.99158899959573,
              38.992668999807016
            ],
            [
              -76.99142999958707,
              38.992758999803726
            ],
            [
              -76.99109800022437,
              38.992405000133886
            ],
            [
              -76.99067599955166,
              38.99302099993387
            ],
            [
              -76.98988399988143,
              38.99398600007173
            ],
            [
              -76.9890589997009,
              38.99557700012562
            ],
            [
              -76.98892300015677,
              38.99583199981341
            ],
            [
              -76.98868799998014,
              38.99614999987788
            ],
            [
              -76.98854300021517,
              38.996468999670405
            ],
            [
              -76.98851399990286,
              38.996659999790225
            ],
            [
              -76.98856300030667,
              38.99678800011933
            ],
            [
              -76.98984500042168,
              38.99636800002736
            ],
            [
              -76.99044700012114,
              38.996973999912186
            ],
            [
              -76.99108099960762,
              38.996779999974684
            ],
            [
              -76.99129400004294,
              38.996733999997815
            ],
            [
              -76.99148499983866,
              38.99670700027071
            ],
            [
              -76.99168499985521,
              38.996719000150705
            ],
            [
              -76.99175199980236,
              38.99672299987752
            ],
            [
              -76.9918199995744,
              38.997351000263414
            ],
            [
              -76.99170599977161,
              38.99771400010909
            ],
            [
              -76.9915080003032,
              38.998141999883224
            ],
            [
              -76.99111900014076,
              38.99885899973409
            ],
            [
              -76.99062299984823,
              38.999629000329925
            ],
            [
              -76.990600000282,
              38.999686999895786
            ],
            [
              -76.990600000282,
              38.99977400020265
            ],
            [
              -76.99072199958243,
              38.99998800011712
            ],
            [
              -76.99108800017862,
              38.99987400015844
            ],
            [
              -76.99123100029375,
              38.9998479999462
            ],
            [
              -76.99149999990728,
              38.99980100015576
            ],
            [
              -76.99158399957287,
              38.9997849998487
            ],
            [
              -76.99168300020538,
              38.999767000109735
            ],
            [
              -76.9939720000758,
              38.999679000078885
            ],
            [
              -76.9949789998312,
              38.999686999895786
            ],
            [
              -76.99527699975702,
              38.99965200007916
            ]
          ]
        ]
      },
      "properties": {
        "geo_id": "240317020002",
        "name": "Block Group 2, Census Tract 7020.00",
        "geography_type": "block_group",
        "boundary_vintage": "Census 2020",
        "metrics": {
          "population": 1329.0,
          "housing_units": 379.0,
          "population_density": 12905.3
        },
        "evidence": [
          {
            "evidence_id": "census2020:240317020002:population",
            "type": "structured_data",
            "title": "2020 Census POP100 — Block Group 2, Census Tract 7020.00",
            "source": "U.S. Census Bureau TIGERweb Census 2020",
            "url": "https://tigerweb.geo.census.gov/arcgis/rest/services/TIGERweb/tigerWMS_Census2020/MapServer/8/query",
            "date": "2020-04-01",
            "retrieved_at": "2026-09-19T05:38:33.805674+00:00",
            "geo_id": "240317020002",
            "metric": "population",
            "value": 1329.0,
            "unit": "people",
            "excerpt": null,
            "page": null,
            "section": null,
            "page_label": null,
            "document_scope": null
          },
          {
            "evidence_id": "census2020:240317020002:housing_units",
            "type": "structured_data",
            "title": "2020 Census HU100 — Block Group 2, Census Tract 7020.00",
            "source": "U.S. Census Bureau TIGERweb Census 2020",
            "url": "https://tigerweb.geo.census.gov/arcgis/rest/services/TIGERweb/tigerWMS_Census2020/MapServer/8/query",
            "date": "2020-04-01",
            "retrieved_at": "2026-09-19T05:38:33.805674+00:00",
            "geo_id": "240317020002",
            "metric": "housing_units",
            "value": 379.0,
            "unit": "units",
            "excerpt": null,
            "page": null,
            "section": null,
            "page_label": null,
            "document_scope": null
          },
          {
            "evidence_id": "census2020:240317020002:population_density",
            "type": "structured_data",
            "title": "2020 Census Derived Density — Block Group 2, Census Tract 7020.00",
            "source": "U.S. Census Bureau TIGERweb Census 2020",
            "url": "https://tigerweb.geo.census.gov/arcgis/rest/services/TIGERweb/tigerWMS_Census2020/MapServer/8/query",
            "date": "2020-04-01",
            "retrieved_at": "2026-09-19T05:38:33.805674+00:00",
            "geo_id": "240317020002",
            "metric": "population_density",
            "value": 12905.3,
            "unit": "people per sq mi",
            "excerpt": null,
            "page": null,
            "section": null,
            "page_label": null,
            "document_scope": null
          }
        ]
      }
    },
    {
      "type": "Feature",
      "id": "240317016021",
      "geometry": {
        "type": "Polygon",
        "coordinates": [
          [
            [
              -76.9941059999701,
              39.017540000070134
            ],
            [
              -76.9940919997264,
              39.01751900017755
            ],
            [
              -76.99355500032426,
              39.016608000296486
            ],
            [
              -76.99330000005614,
              39.01585200004193
            ],
            [
              -76.99322300006325,
              39.015714999719776
            ],
            [
              -76.99303300009245,
              39.01548299999029
            ],
            [
              -76.99231599986696,
              39.01460900022193
            ],
            [
              -76.99207700039068,
              39.01438700031579
            ],
            [
              -76.99146399992226,
              39.01392900033215
            ],
            [
              -76.9903750001511,
              39.01325900030709
            ],
            [
              -76.9897070003294,
              39.01288999998708
            ],
            [
              -76.98944700003841,
              39.012690999966836
            ],
            [
              -76.98933099968747,
              39.01255200003795
            ],
            [
              -76.98917699970167,
              39.01226399979793
            ],
            [
              -76.98908399981526,
              39.011987999863386
            ],
            [
              -76.9890300002869,
              39.011648000000946
            ],
            [
              -76.98907299994461,
              39.01111599998323
            ],
            [
              -76.98895800031687,
              39.010916000300874
            ],
            [
              -76.98884100014101,
              39.010609000347685
            ],
            [
              -76.9888489996386,
              39.010487000062284
            ],
            [
              -76.98892800017965,
              39.010280999812075
            ],
            [
              -76.98896300033975,
              39.01018899993347
            ],
            [
              -76.98912300017332,
              39.01000900018909
            ],
            [
              -76.98936599984756,
              39.00958500000452
            ],
            [
              -76.98947200015277,
              39.00928999970033
            ],
            [
              -76.98941500025137,
              39.00865399968356
            ],
            [
              -76.9894670001299,
              39.00818999990473
            ],
            [
              -76.98944899968824,
              39.00787299980268
            ],
            [
              -76.9893330002356,
              39.007403999661925
            ],
            [
              -76.98930700029632,
              39.00674100005185
            ],
            [
              -76.98932800021272,
              39.00627799991148
            ],
            [
              -76.98929600042567,
              39.0059560000882
            ],
            [
              -76.98925000039492,
              39.00579499997594
            ],
            [
              -76.98916500000612,
              39.00565700008669
            ],
            [
              -76.9890799996173,
              39.00555400033281
            ],
            [
              -76.98891200028612,
              39.00545000009708
            ],
            [
              -76.98859799956844,
              39.00532699965449
            ],
            [
              -76.98803199985403,
              39.00519900011326
            ],
            [
              -76.98747299981227,
              39.004990999841205
            ],
            [
              -76.98685199984625,
              39.004691000304824
            ],
            [
              -76.98644000011761,
              39.004459000014386
            ],
            [
              -76.98635399990387,
              39.00440999980157
            ],
            [
              -76.98564800044737,
              39.0039170003307
            ],
            [
              -76.98437600037809,
              39.002963000043096
            ],
            [
              -76.98430199985994,
              39.00290499967225
            ],
            [
              -76.98375399968886,
              39.00241800033951
            ],
            [
              -76.98362900001537,
              39.00226700013362
            ],
            [
              -76.98319999966999,
              39.00284000016299
            ],
            [
              -76.98256000033571,
              39.003779999925754
            ],
            [
              -76.98224700034125,
              39.004240000011045
            ],
            [
              -76.98215500027975,
              39.00457500025471
            ],
            [
              -76.982109000249,
              39.0047890003073
            ],
            [
              -76.98207300026398,
              39.004965999753935
            ],
            [
              -76.98207300026398,
              39.005102999956314
            ],
            [
              -76.98207699956363,
              39.00523200000621
            ],
            [
              -76.98212099994456,
              39.0053649997573
            ],
            [
              -76.98217299982308,
              39.005471999716704
            ],
            [
              -76.9822430001433,
              39.005579000212336
            ],
            [
              -76.98243099956595,
              39.005781000282695
            ],
            [
              -76.98254600009199,
              39.00586299984259
            ],
            [
              -76.98264999984906,
              39.0059699997468
            ],
            [
              -76.98293299970628,
              39.00607199996796
            ],
            [
              -76.9833140003711,
              39.00612200005008
            ],
            [
              -76.98409199979766,
              39.00612200005008
            ],
            [
              -76.98419899992778,
              39.00612200005008
            ],
            [
              -76.9845880000902,
              39.006187000034124
            ],
            [
              -76.98456499962566,
              39.00635100021172
            ],
            [
              -76.98442800025661,
              39.00674400029469
            ],
            [
              -76.9840459997669,
              39.00741099969732
            ],
            [
              -76.98393199996408,
              39.007560000186345
            ],
            [
              -76.98406900023143,
              39.00762099973852
            ],
            [
              -76.98445099982284,
              39.007839000145566
            ],
            [
              -76.98432899962413,
              39.00802899999081
            ],
            [
              -76.98421399999637,
              39.00857899978862
            ],
            [
              -76.98419899992778,
              39.008739000259446
            ],
            [
              -76.98387900026063,
              39.010413999842335
            ],
            [
              -76.9837570000619,
              39.01064999978418
            ],
            [
              -76.98365699960446,
              39.01079500010329
            ],
            [
              -76.98354299980164,
              39.01086799992999
            ],
            [
              -76.9832299998072,
              39.01094800006469
            ],
            [
              -76.98278000044373,
              39.01084799970768
            ],
            [
              -76.98242899991612,
              39.010714999795496
            ],
            [
              -76.98172699975926,
              39.01040599984235
            ],
            [
              -76.98030800027522,
              39.009642999784724
            ],
            [
              -76.98010200041088,
              39.01049800013667
            ],
            [
              -76.98037699987218,
              39.01061199972844
            ],
            [
              -76.98408500012496,
              39.01254199981659
            ],
            [
              -76.98493899971947,
              39.012977000111135
            ],
            [
              -76.98597700033534,
              39.01347700008891
            ],
            [
              -76.98618300019965,
              39.0136069997414
            ],
            [
              -76.98632799996462,
              39.01370600017018
            ],
            [
              -76.98646500023197,
              39.013831999944365
            ],
            [
              -76.9866099999969,
              39.01402199974436
            ],
            [
              -76.98664799963176,
              39.014110000081246
            ],
            [
              -76.9866939996625,
              39.01423599983361
            ],
            [
              -76.98670100023352,
              39.01434699976181
            ],
            [
              -76.98670100023352,
              39.01445299988906
            ],
            [
              -76.98667100009628,
              39.01462099985745
            ],
            [
              -76.98604500010741,
              39.01571199985747
            ],
            [
              -76.98628399958369,
              39.015789999725214
            ],
            [
              -76.98667899959389,
              39.015918000341806
            ],
            [
              -76.98689200002923,
              39.01595999967575
            ],
            [
              -76.98712100035809,
              39.01597899966535
            ],
            [
              -76.98744900042115,
              39.015998000347814
            ],
            [
              -76.98831899990918,
              39.01597199977999
            ],
            [
              -76.98956199966614,
              39.015918000341806
            ],
            [
              -76.98985200009437,
              39.01598299969924
            ],
            [
              -76.99005100028599,
              39.016109000302166
            ],
            [
              -76.99110400007216,
              39.0173369999167
            ],
            [
              -76.99182200012255,
              39.018097000261925
            ],
            [
              -76.99230699964613,
              39.017970999711636
            ],
            [
              -76.99301300000099,
              39.017791999690424
            ],
            [
              -76.9941059999701,
              39.017540000070134
            ]
          ]
        ]
      },
      "properties": {
        "geo_id": "240317016021",
        "name": "Block Group 1, Census Tract 7016.02",
        "geography_type": "block_group",
        "boundary_vintage": "Census 2020",
        "metrics": {
          "population": 2310.0,
          "housing_units": 606.0,
          "population_density": 8181.3
        },
        "evidence": [
          {
            "evidence_id": "census2020:240317016021:population",
            "type": "structured_data",
            "title": "2020 Census POP100 — Block Group 1, Census Tract 7016.02",
            "source": "U.S. Census Bureau TIGERweb Census 2020",
            "url": "https://tigerweb.geo.census.gov/arcgis/rest/services/TIGERweb/tigerWMS_Census2020/MapServer/8/query",
            "date": "2020-04-01",
            "retrieved_at": "2026-09-19T05:38:33.805674+00:00",
            "geo_id": "240317016021",
            "metric": "population",
            "value": 2310.0,
            "unit": "people",
            "excerpt": null,
            "page": null,
            "section": null,
            "page_label": null,
            "document_scope": null
          },
          {
            "evidence_id": "census2020:240317016021:housing_units",
            "type": "structured_data",
            "title": "2020 Census HU100 — Block Group 1, Census Tract 7016.02",
            "source": "U.S. Census Bureau TIGERweb Census 2020",
            "url": "https://tigerweb.geo.census.gov/arcgis/rest/services/TIGERweb/tigerWMS_Census2020/MapServer/8/query",
            "date": "2020-04-01",
            "retrieved_at": "2026-09-19T05:38:33.805674+00:00",
            "geo_id": "240317016021",
            "metric": "housing_units",
            "value": 606.0,
            "unit": "units",
            "excerpt": null,
            "page": null,
            "section": null,
            "page_label": null,
            "document_scope": null
          },
          {
            "evidence_id": "census2020:240317016021:population_density",
            "type": "structured_data",
            "title": "2020 Census Derived Density — Block Group 1, Census Tract 7016.02",
            "source": "U.S. Census Bureau TIGERweb Census 2020",
            "url": "https://tigerweb.geo.census.gov/arcgis/rest/services/TIGERweb/tigerWMS_Census2020/MapServer/8/query",
            "date": "2020-04-01",
            "retrieved_at": "2026-09-19T05:38:33.805674+00:00",
            "geo_id": "240317016021",
            "metric": "population_density",
            "value": 8181.3,
            "unit": "people per sq mi",
            "excerpt": null,
            "page": null,
            "section": null,
            "page_label": null,
            "document_scope": null
          }
        ]
      }
    },
    {
      "type": "Feature",
      "id": "240317027003",
      "geometry": {
        "type": "Polygon",
        "coordinates": [
          [
            [
              -77.06303099994379,
              38.98766299986408
            ],
            [
              -77.06303400031685,
              38.98762699980077
            ],
            [
              -77.06287500030821,
              38.98729200031205
            ],
            [
              -77.06235100042656,
              38.986760000077545
            ],
            [
              -77.06225900036505,
              38.98662200006976
            ],
            [
              -77.06222599985476,
              38.98657200017257
            ],
            [
              -77.06205900034851,
              38.98632000034877
            ],
            [
              -77.0619820003556,
              38.98625899988801
            ],
            [
              -77.06187100002752,
              38.98622399971436
            ],
            [
              -77.0617000003233,
              38.98620799982872
            ],
            [
              -77.06138200030598,
              38.986248000234305
            ],
            [
              -77.06098599957255,
              38.986359999992736
            ],
            [
              -77.06073299985256,
              38.986507000323265
            ],
            [
              -77.06004800031243,
              38.987000000300355
            ],
            [
              -77.05969699978485,
              38.98731100032132
            ],
            [
              -77.05960600044656,
              38.98737700001981
            ],
            [
              -77.0595100001871,
              38.98742899982354
            ],
            [
              -77.05932299969103,
              38.98744400024323
            ],
            [
              -77.05925800029202,
              38.98743999999194
            ],
            [
              -77.05915299981173,
              38.987400000259974
            ],
            [
              -77.05903499981093,
              38.987308999842845
            ],
            [
              -77.0589469999474,
              38.98720200034601
            ],
            [
              -77.05883800016746,
              38.987105000316554
            ],
            [
              -77.05843700030945,
              38.98693799983198
            ],
            [
              -77.05843599958622,
              38.986813000231685
            ],
            [
              -77.05839799995141,
              38.986699999894704
            ],
            [
              -77.05831099991275,
              38.98643299989582
            ],
            [
              -77.05825099963832,
              38.98635499977662
            ],
            [
              -77.0581450002314,
              38.98632499986908
            ],
            [
              -77.0581030003986,
              38.9863420003303
            ],
            [
              -77.05802100038284,
              38.986374999940736
            ],
            [
              -77.05766999985526,
              38.98666599983834
            ],
            [
              -77.05737600012738,
              38.986854000191926
            ],
            [
              -77.05684800004778,
              38.98722699972741
            ],
            [
              -77.0567519997883,
              38.98726800014613
            ],
            [
              -77.05673900026784,
              38.98727400018836
            ],
            [
              -77.05660299982539,
              38.98731100032132
            ],
            [
              -77.05653300040352,
              38.98735700013881
            ],
            [
              -77.05626899991455,
              38.98753200012768
            ],
            [
              -77.05623999960224,
              38.98757099989865
            ],
            [
              -77.0559140000873,
              38.987793000173
            ],
            [
              -77.05568499975847,
              38.98788100032183
            ],
            [
              -77.05542299981764,
              38.987924000124686
            ],
            [
              -77.05518299961813,
              38.98789199972178
            ],
            [
              -77.05506299996753,
              38.98790700004334
            ],
            [
              -77.0550189995866,
              38.987935000216154
            ],
            [
              -77.0549900001726,
              38.98798200020704
            ],
            [
              -77.05479699982875,
              38.9883789998802
            ],
            [
              -77.05475400017103,
              38.98842600027452
            ],
            [
              -77.05456300037532,
              38.98846699999876
            ],
            [
              -77.05433700041952,
              38.98843100034435
            ],
            [
              -77.05422600009145,
              38.988361999908186
            ],
            [
              -77.05419199975624,
              38.98830800033961
            ],
            [
              -77.05402400042507,
              38.98819299984097
            ],
            [
              -77.05382299968531,
              38.98802699970854
            ],
            [
              -77.05347399970584,
              38.987794999939595
            ],
            [
              -77.05334200035968,
              38.98768600001131
            ],
            [
              -77.0532100001152,
              38.98761100023225
            ],
            [
              -77.05303500021303,
              38.987556000204094
            ],
            [
              -77.05300699972561,
              38.987502000020626
            ],
            [
              -77.05308200006868,
              38.987337000252204
            ],
            [
              -77.05255800018705,
              38.98699099985285
            ],
            [
              -77.05237499988894,
              38.986915000139966
            ],
            [
              -77.05234499975172,
              38.986891999742205
            ],
            [
              -77.05232899985819,
              38.98681799971718
            ],
            [
              -77.05176899999154,
              38.987243999972016
            ],
            [
              -77.05045500008947,
              38.988172000312616
            ],
            [
              -77.0496190000383,
              38.98882099981464
            ],
            [
              -77.04713299962609,
              38.99082399978819
            ],
            [
              -77.04670900020187,
              38.991166000262396
            ],
            [
              -77.04720999961897,
              38.99136299972829
            ],
            [
              -77.04786599974508,
              38.991621999953175
            ],
            [
              -77.04873199993351,
              38.99198099986748
            ],
            [
              -77.04955200009115,
              38.992366000233574
            ],
            [
              -77.05036100037815,
              38.99280500026986
            ],
            [
              -77.0510330003978,
              38.993209000165095
            ],
            [
              -77.05180699962636,
              38.99367800015435
            ],
            [
              -77.05197099965791,
              38.99377800034705
            ],
            [
              -77.05246699995044,
              38.99354100017067
            ],
            [
              -77.05393900003627,
              38.99300299987071
            ],
            [
              -77.05490800015683,
              38.99266799999263
            ],
            [
              -77.05554900021433,
              38.992506999664194
            ],
            [
              -77.05587999975212,
              38.99245400028253
            ],
            [
              -77.05809199962964,
              38.992255999843955
            ],
            [
              -77.05820399978263,
              38.99224799988516
            ],
            [
              -77.05837200001213,
              38.9922399999254
            ],
            [
              -77.05886199955857,
              38.99226299998179
            ],
            [
              -77.05896399966583,
              38.992274000097154
            ],
            [
              -77.05950099996626,
              38.99233600008083
            ],
            [
              -77.06063499994326,
              38.99257899969585
            ],
            [
              -77.06192700010403,
              38.99287699999841
            ],
            [
              -77.06212600029566,
              38.9929270003292
            ],
            [
              -77.06208000026491,
              38.99280500026986
            ],
            [
              -77.06203400023415,
              38.99259900019594
            ],
            [
              -77.06198800020339,
              38.99251100032727
            ],
            [
              -77.06198800020339,
              38.992450000314435
            ],
            [
              -77.06188899957088,
              38.99223299978534
            ],
            [
              -77.06166000014034,
              38.99188599975423
            ],
            [
              -77.0615530000102,
              38.99164500021035
            ],
            [
              -77.06149199991084,
              38.99155000034431
            ],
            [
              -77.06151500037538,
              38.991511999803585
            ],
            [
              -77.0615310002689,
              38.991428000005875
            ],
            [
              -77.06171399966868,
              38.99127899975373
            ],
            [
              -77.06214899986188,
              38.99120299975737
            ],
            [
              -77.06242300039656,
              38.99110700015972
            ],
            [
              -77.06248399959762,
              38.991077000171494
            ],
            [
              -77.062544999697,
              38.99100400017031
            ],
            [
              -77.06259900012367,
              38.990992999857504
            ],
            [
              -77.06273600039103,
              38.990818000046886
            ],
            [
              -77.0627279999951,
              38.99071500033507
            ],
            [
              -77.06267500029165,
              38.990615000003714
            ],
            [
              -77.06261400019228,
              38.99056199990352
            ],
            [
              -77.06251499955975,
              38.99052800030573
            ],
            [
              -77.06252200013077,
              38.99048900006934
            ],
            [
              -77.06247699992493,
              38.99040600030032
            ],
            [
              -77.06239300025933,
              38.99032199988821
            ],
            [
              -77.06234700022858,
              38.99022599979384
            ],
            [
              -77.06235499972621,
              38.990122999918746
            ],
            [
              -77.06240800032796,
              38.99006600004548
            ],
            [
              -77.06241599982555,
              38.98995899982867
            ],
            [
              -77.06250000038946,
              38.98985999967973
            ],
            [
              -77.06250700006217,
              38.989756999970254
            ],
            [
              -77.06256099959052,
              38.98967300018433
            ],
            [
              -77.06257599965913,
              38.98961199982019
            ],
            [
              -77.06262199968988,
              38.98957000020275
            ],
            [
              -77.06268299978926,
              38.98937899979952
            ],
            [
              -77.06269000036026,
              38.98923400027151
            ],
            [
              -77.0627210003224,
              38.98913099965108
            ],
            [
              -77.06271299992648,
              38.988974999686846
            ],
            [
              -77.06275099956133,
              38.98878799994806
            ],
            [
              -77.06274399988862,
              38.98868900025599
            ],
            [
              -77.06275899995724,
              38.98865100027393
            ],
            [
              -77.06274399988862,
              38.988505999952785
            ],
            [
              -77.06275899995724,
              38.9884559999899
            ],
            [
              -77.06268500033738,
              38.98816899998048
            ],
            [
              -77.0627070000787,
              38.98804700009844
            ],
            [
              -77.06276099960706,
              38.987956999695825
            ],
            [
              -77.06278700044464,
              38.987934000334896
            ],
            [
              -77.06295300012602,
              38.98778499970974
            ],
            [
              -77.06303099994379,
              38.98766299986408
            ]
          ]
        ]
      },
      "properties": {
        "geo_id": "240317027003",
        "name": "Block Group 3, Census Tract 7027.00",
        "geography_type": "block_group",
        "boundary_vintage": "Census 2020",
        "metrics": {
          "population": 1096.0,
          "housing_units": 366.0,
          "population_density": 4003.1
        },
        "evidence": [
          {
            "evidence_id": "census2020:240317027003:population",
            "type": "structured_data",
            "title": "2020 Census POP100 — Block Group 3, Census Tract 7027.00",
            "source": "U.S. Census Bureau TIGERweb Census 2020",
            "url": "https://tigerweb.geo.census.gov/arcgis/rest/services/TIGERweb/tigerWMS_Census2020/MapServer/8/query",
            "date": "2020-04-01",
            "retrieved_at": "2026-09-19T05:38:33.805674+00:00",
            "geo_id": "240317027003",
            "metric": "population",
            "value": 1096.0,
            "unit": "people",
            "excerpt": null,
            "page": null,
            "section": null,
            "page_label": null,
            "document_scope": null
          },
          {
            "evidence_id": "census2020:240317027003:housing_units",
            "type": "structured_data",
            "title": "2020 Census HU100 — Block Group 3, Census Tract 7027.00",
            "source": "U.S. Census Bureau TIGERweb Census 2020",
            "url": "https://tigerweb.geo.census.gov/arcgis/rest/services/TIGERweb/tigerWMS_Census2020/MapServer/8/query",
            "date": "2020-04-01",
            "retrieved_at": "2026-09-19T05:38:33.805674+00:00",
            "geo_id": "240317027003",
            "metric": "housing_units",
            "value": 366.0,
            "unit": "units",
            "excerpt": null,
            "page": null,
            "section": null,
            "page_label": null,
            "document_scope": null
          },
          {
            "evidence_id": "census2020:240317027003:population_density",
            "type": "structured_data",
            "title": "2020 Census Derived Density — Block Group 3, Census Tract 7027.00",
            "source": "U.S. Census Bureau TIGERweb Census 2020",
            "url": "https://tigerweb.geo.census.gov/arcgis/rest/services/TIGERweb/tigerWMS_Census2020/MapServer/8/query",
            "date": "2020-04-01",
            "retrieved_at": "2026-09-19T05:38:33.805674+00:00",
            "geo_id": "240317027003",
            "metric": "population_density",
            "value": 4003.1,
            "unit": "people per sq mi",
            "excerpt": null,
            "page": null,
            "section": null,
            "page_label": null,
            "document_scope": null
          }
        ]
      }
    },
    {
      "type": "Feature",
      "id": "240317028001",
      "geometry": {
        "type": "Polygon",
        "coordinates": [
          [
            [
              -77.04493900019023,
              39.00207099998671
            ],
            [
              -77.04497500017523,
              39.00204000007758
            ],
            [
              -77.04371599962644,
              39.00144100022496
            ],
            [
              -77.04336499999718,
              39.00127400005776
            ],
            [
              -77.04321600003426,
              39.001205000274915
            ],
            [
              -77.04307499956894,
              39.00113999990192
            ],
            [
              -77.04248000044052,
              39.000858000255825
            ],
            [
              -77.04129700005969,
              39.0002929999793
            ],
            [
              -77.0399449996245,
              38.99960700028952
            ],
            [
              -77.0397489998059,
              38.99953199987842
            ],
            [
              -77.03969500027755,
              38.99951100022377
            ],
            [
              -77.03889400038646,
              38.99907999978509
            ],
            [
              -77.03772299970123,
              38.99840799996191
            ],
            [
              -77.03750599996624,
              38.99828299967418
            ],
            [
              -77.03675799977863,
              38.99782500013441
            ],
            [
              -77.036269999882,
              38.997478000294265
            ],
            [
              -77.0357130003884,
              38.99705099974715
            ],
            [
              -77.03549900012814,
              38.99719200031577
            ],
            [
              -77.03545999977007,
              38.99722000030612
            ],
            [
              -77.03533900029457,
              38.99730599970855
            ],
            [
              -77.0344539998396,
              38.997885999703115
            ],
            [
              -77.03320299968672,
              38.99868000021038
            ],
            [
              -77.03195300025708,
              38.99941700016403
            ],
            [
              -77.03181900036279,
              38.99949699998511
            ],
            [
              -77.0333280002585,
              39.000889999683025
            ],
            [
              -77.03340299970327,
              39.000965000050876
            ],
            [
              -77.03349899996273,
              39.00103899994499
            ],
            [
              -77.03361899961334,
              39.00115799998971
            ],
            [
              -77.03465600040428,
              39.00218099977983
            ],
            [
              -77.03495199978195,
              39.00241000013323
            ],
            [
              -77.03588599974242,
              39.00327799978247
            ],
            [
              -77.03689300039613,
              39.00422499966087
            ],
            [
              -77.03692199981015,
              39.004250999660805
            ],
            [
              -77.03779700021938,
              39.005075999932345
            ],
            [
              -77.03787900023515,
              39.00514100017944
            ],
            [
              -77.03828000009314,
              39.00551899992824
            ],
            [
              -77.03839899991884,
              39.005463999855834
            ],
            [
              -77.03853500036128,
              39.00540899974066
            ],
            [
              -77.03876399979181,
              39.005260000305256
            ],
            [
              -77.0397489998059,
              39.00481399975904
            ],
            [
              -77.0398540002862,
              39.004782000012426
            ],
            [
              -77.04002499999044,
              39.00468999996222
            ],
            [
              -77.04021300031141,
              39.00455999997557
            ],
            [
              -77.04042000000064,
              39.00440500016259
            ],
            [
              -77.04100699963146,
              39.00403199971166
            ],
            [
              -77.04305200000272,
              39.002693000247135
            ],
            [
              -77.0440439996895,
              39.00187599967923
            ],
            [
              -77.04476900031092,
              39.0022199998558
            ],
            [
              -77.04493900019023,
              39.00207099998671
            ]
          ]
        ]
      },
      "properties": {
        "geo_id": "240317028001",
        "name": "Block Group 1, Census Tract 7028.00",
        "geography_type": "block_group",
        "boundary_vintage": "Census 2020",
        "metrics": {
          "population": 1284.0,
          "housing_units": 610.0,
          "population_density": 6997.2
        },
        "evidence": [
          {
            "evidence_id": "census2020:240317028001:population",
            "type": "structured_data",
            "title": "2020 Census POP100 — Block Group 1, Census Tract 7028.00",
            "source": "U.S. Census Bureau TIGERweb Census 2020",
            "url": "https://tigerweb.geo.census.gov/arcgis/rest/services/TIGERweb/tigerWMS_Census2020/MapServer/8/query",
            "date": "2020-04-01",
            "retrieved_at": "2026-09-19T05:38:33.805674+00:00",
            "geo_id": "240317028001",
            "metric": "population",
            "value": 1284.0,
            "unit": "people",
            "excerpt": null,
            "page": null,
            "section": null,
            "page_label": null,
            "document_scope": null
          },
          {
            "evidence_id": "census2020:240317028001:housing_units",
            "type": "structured_data",
            "title": "2020 Census HU100 — Block Group 1, Census Tract 7028.00",
            "source": "U.S. Census Bureau TIGERweb Census 2020",
            "url": "https://tigerweb.geo.census.gov/arcgis/rest/services/TIGERweb/tigerWMS_Census2020/MapServer/8/query",
            "date": "2020-04-01",
            "retrieved_at": "2026-09-19T05:38:33.805674+00:00",
            "geo_id": "240317028001",
            "metric": "housing_units",
            "value": 610.0,
            "unit": "units",
            "excerpt": null,
            "page": null,
            "section": null,
            "page_label": null,
            "document_scope": null
          },
          {
            "evidence_id": "census2020:240317028001:population_density",
            "type": "structured_data",
            "title": "2020 Census Derived Density — Block Group 1, Census Tract 7028.00",
            "source": "U.S. Census Bureau TIGERweb Census 2020",
            "url": "https://tigerweb.geo.census.gov/arcgis/rest/services/TIGERweb/tigerWMS_Census2020/MapServer/8/query",
            "date": "2020-04-01",
            "retrieved_at": "2026-09-19T05:38:33.805674+00:00",
            "geo_id": "240317028001",
            "metric": "population_density",
            "value": 6997.2,
            "unit": "people per sq mi",
            "excerpt": null,
            "page": null,
            "section": null,
            "page_label": null,
            "document_scope": null
          }
        ]
      }
    },
    {
      "type": "Feature",
      "id": "240317017031",
      "geometry": {
        "type": "Polygon",
        "coordinates": [
          [
            [
              -77.00034499994261,
              38.98338700021343
            ],
            [
              -77.00023600016266,
              38.98333300034116
            ],
            [
              -76.99993800023684,
              38.98306600021221
            ],
            [
              -76.99982400043402,
              38.98291000014942
            ],
            [
              -76.99981299966505,
              38.98290199983255
            ],
            [
              -76.9997320003725,
              38.982844999730865
            ],
            [
              -76.99964899963352,
              38.982748999970376
            ],
            [
              -76.99943500027159,
              38.98264599968984
            ],
            [
              -76.99922100001135,
              38.982565999673604
            ],
            [
              -76.99912999977475,
              38.98249799976332
            ],
            [
              -76.99902500019276,
              38.982379999722916
            ],
            [
              -76.99897699961387,
              38.982325999780834
            ],
            [
              -76.99880900028269,
              38.98217699992105
            ],
            [
              -76.99825199989078,
              38.98171600029049
            ],
            [
              -76.99819099979142,
              38.98165100017229
            ],
            [
              -76.99812999969205,
              38.98152900022985
            ],
            [
              -76.99788600019289,
              38.98124599997179
            ],
            [
              -76.99777900006276,
              38.9811589999316
            ],
            [
              -76.99765699986403,
              38.981086000176596
            ],
            [
              -76.99703900027106,
              38.98081500002604
            ],
            [
              -76.99676499973634,
              38.980720000289416
            ],
            [
              -76.99629199990835,
              38.980608999972645
            ],
            [
              -76.9960629995795,
              38.98052499980598
            ],
            [
              -76.99592500038554,
              38.98045700003035
            ],
            [
              -76.99565800042184,
              38.98025800026039
            ],
            [
              -76.9951549995583,
              38.97996099989685
            ],
            [
              -76.99500999979334,
              38.97993800003304
            ],
            [
              -76.99495600026498,
              38.97994599998656
            ],
            [
              -76.99490299966321,
              38.97999499968184
            ],
            [
              -76.99468900030128,
              38.98035799986028
            ],
            [
              -76.99465900016405,
              38.98046399993841
            ],
            [
              -76.99465099976813,
              38.98065899989151
            ],
            [
              -76.9946209996309,
              38.980770000129944
            ],
            [
              -76.99456000042984,
              38.980888000060446
            ],
            [
              -76.99440499972083,
              38.981098999889745
            ],
            [
              -76.99433799977368,
              38.981231000333665
            ],
            [
              -76.9942619996057,
              38.981276999912104
            ],
            [
              -76.99391099997642,
              38.98124999987471
            ],
            [
              -76.99378899977769,
              38.98122399980317
            ],
            [
              -76.99356000034713,
              38.98114300029787
            ],
            [
              -76.99337000037634,
              38.98114300029787
            ],
            [
              -76.99317100018472,
              38.981169999677704
            ],
            [
              -76.992980000389,
              38.98121999989873
            ],
            [
              -76.99236199989772,
              38.98129600013913
            ],
            [
              -76.99228599972973,
              38.98132700005757
            ],
            [
              -76.99207999986541,
              38.98129200023875
            ],
            [
              -76.99176000019827,
              38.98127300001066
            ],
            [
              -76.99149300023458,
              38.981276999912104
            ],
            [
              -76.99137100003584,
              38.981306999863946
            ],
            [
              -76.99120299980635,
              38.98133399987956
            ],
            [
              -76.99099699994204,
              38.9813419996753
            ],
            [
              -76.9908899998119,
              38.981337999777566
            ],
            [
              -76.9906920003435,
              38.981288000338196
            ],
            [
              -76.99071499990973,
              38.98143000016213
            ],
            [
              -76.99078299968178,
              38.981520999756924
            ],
            [
              -76.99089800020784,
              38.98156699984528
            ],
            [
              -76.99108099960762,
              38.98157800022625
            ],
            [
              -76.9914320001352,
              38.98170399996159
            ],
            [
              -76.99164499967223,
              38.981742000181356
            ],
            [
              -76.991734000259,
              38.98180099971037
            ],
            [
              -76.99184399986386,
              38.98193300024207
            ],
            [
              -76.99207999986541,
              38.981985999820274
            ],
            [
              -76.99216400042931,
              38.98202799974771
            ],
            [
              -76.99226300016352,
              38.982112000226145
            ],
            [
              -76.99236199989772,
              38.982287999874515
            ],
            [
              -76.99236199989772,
              38.982330000321106
            ],
            [
              -76.99226300016352,
              38.9825089999997
            ],
            [
              -76.9921490003607,
              38.9826389999975
            ],
            [
              -76.99210300032993,
              38.98273399995242
            ],
            [
              -76.99198100013122,
              38.98289800002295
            ],
            [
              -76.99195799966667,
              38.98301300004588
            ],
            [
              -76.99198899962883,
              38.983103999700944
            ],
            [
              -76.99203399983466,
              38.98314199986759
            ],
            [
              -76.992431000393,
              38.9832909997913
            ],
            [
              -76.99250699966268,
              38.98351200027701
            ],
            [
              -76.99268300028808,
              38.983691999701506
            ],
            [
              -76.99272099992292,
              38.983787000338246
            ],
            [
              -76.99272900031885,
              38.983860000101444
            ],
            [
              -76.99268300028808,
              38.983963000012366
            ],
            [
              -76.99239299985986,
              38.98413400027255
            ],
            [
              -76.99240100025578,
              38.984336000117125
            ],
            [
              -76.99230099979835,
              38.984447000176935
            ],
            [
              -76.99230099979835,
              38.984522999746375
            ],
            [
              -76.99233199976048,
              38.98456500026358
            ],
            [
              -76.992423999822,
              38.984572999694244
            ],
            [
              -76.99266800021947,
              38.98449700017852
            ],
            [
              -76.99279000041821,
              38.984489000040995
            ],
            [
              -76.9928740000838,
              38.98457700010754
            ],
            [
              -76.99302600041976,
              38.98487799965896
            ],
            [
              -76.99318600025332,
              38.9850759997889
            ],
            [
              -76.99327800031483,
              38.98514499993681
            ],
            [
              -76.99339999961526,
              38.985187000084984
            ],
            [
              -76.99344599964601,
              38.985195000143634
            ],
            [
              -76.99354500027853,
              38.98517600026471
            ],
            [
              -76.99356000034713,
              38.98519099976531
            ],
            [
              -76.99362100044651,
              38.985379999763914
            ],
            [
              -76.99365900008135,
              38.98563300005481
            ],
            [
              -76.99372799967831,
              38.98590399991811
            ],
            [
              -76.9937129996097,
              38.9859690003211
            ],
            [
              -76.99375100014285,
              38.98607600028519
            ],
            [
              -76.99388800041021,
              38.986208999734416
            ],
            [
              -76.99399499964201,
              38.98627800017453
            ],
            [
              -76.99408699970351,
              38.98629300013986
            ],
            [
              -76.99423900003947,
              38.98624399991548
            ],
            [
              -76.99429299956785,
              38.986248000234305
            ],
            [
              -76.99439999969798,
              38.98628899982357
            ],
            [
              -76.99449900033046,
              38.98636999972568
            ],
            [
              -76.99456000042984,
              38.986503000019084
            ],
            [
              -76.994591000392,
              38.98669700019843
            ],
            [
              -76.9946209996309,
              38.98688100018687
            ],
            [
              -76.9946130001333,
              38.98692700028379
            ],
            [
              -76.99468900030128,
              38.98707900030046
            ],
            [
              -76.99474299982963,
              38.98725500016921
            ],
            [
              -76.994803999929,
              38.98733499977446
            ],
            [
              -76.99491799973183,
              38.9874339999638
            ],
            [
              -76.99501800018925,
              38.98734199970069
            ],
            [
              -76.99524599979488,
              38.987128999839484
            ],
            [
              -76.99577999972227,
              38.986639999661
            ],
            [
              -76.99609299971672,
              38.98636199979982
            ],
            [
              -76.99640599971114,
              38.98608300033592
            ],
            [
              -76.99704699976867,
              38.9855229996751
            ],
            [
              -76.99713100033257,
              38.98545800025914
            ],
            [
              -76.99763400029781,
              38.985224999831836
            ],
            [
              -76.99837800028749,
              38.984885999752535
            ],
            [
              -76.99858199960366,
              38.98476600034888
            ],
            [
              -76.99868700008396,
              38.98464500011576
            ],
            [
              -76.99904399956102,
              38.98440299972741
            ],
            [
              -76.99925699999636,
              38.98429200029686
            ],
            [
              -76.99967299992296,
              38.984128999899205
            ],
            [
              -76.9998799996122,
              38.983985999965256
            ],
            [
              -77.00004600019187,
              38.98377099990181
            ],
            [
              -77.00034499994261,
              38.98338700021343
            ]
          ]
        ]
      },
      "properties": {
        "geo_id": "240317017031",
        "name": "Block Group 1, Census Tract 7017.03",
        "geography_type": "block_group",
        "boundary_vintage": "Census 2020",
        "metrics": {
          "population": 1055.0,
          "housing_units": 401.0,
          "population_density": 8382.0
        },
        "evidence": [
          {
            "evidence_id": "census2020:240317017031:population",
            "type": "structured_data",
            "title": "2020 Census POP100 — Block Group 1, Census Tract 7017.03",
            "source": "U.S. Census Bureau TIGERweb Census 2020",
            "url": "https://tigerweb.geo.census.gov/arcgis/rest/services/TIGERweb/tigerWMS_Census2020/MapServer/8/query",
            "date": "2020-04-01",
            "retrieved_at": "2026-09-19T05:38:33.805674+00:00",
            "geo_id": "240317017031",
            "metric": "population",
            "value": 1055.0,
            "unit": "people",
            "excerpt": null,
            "page": null,
            "section": null,
            "page_label": null,
            "document_scope": null
          },
          {
            "evidence_id": "census2020:240317017031:housing_units",
            "type": "structured_data",
            "title": "2020 Census HU100 — Block Group 1, Census Tract 7017.03",
            "source": "U.S. Census Bureau TIGERweb Census 2020",
            "url": "https://tigerweb.geo.census.gov/arcgis/rest/services/TIGERweb/tigerWMS_Census2020/MapServer/8/query",
            "date": "2020-04-01",
            "retrieved_at": "2026-09-19T05:38:33.805674+00:00",
            "geo_id": "240317017031",
            "metric": "housing_units",
            "value": 401.0,
            "unit": "units",
            "excerpt": null,
            "page": null,
            "section": null,
            "page_label": null,
            "document_scope": null
          },
          {
            "evidence_id": "census2020:240317017031:population_density",
            "type": "structured_data",
            "title": "2020 Census Derived Density — Block Group 1, Census Tract 7017.03",
            "source": "U.S. Census Bureau TIGERweb Census 2020",
            "url": "https://tigerweb.geo.census.gov/arcgis/rest/services/TIGERweb/tigerWMS_Census2020/MapServer/8/query",
            "date": "2020-04-01",
            "retrieved_at": "2026-09-19T05:38:33.805674+00:00",
            "geo_id": "240317017031",
            "metric": "population_density",
            "value": 8382.0,
            "unit": "people per sq mi",
            "excerpt": null,
            "page": null,
            "section": null,
            "page_label": null,
            "document_scope": null
          }
        ]
      }
    },
    {
      "type": "Feature",
      "id": "240317027005",
      "geometry": {
        "type": "Polygon",
        "coordinates": [
          [
            [
              -77.06377999995634,
              39.011405000259714
            ],
            [
              -77.06386399962192,
              39.011300000001164
            ],
            [
              -77.06375700039011,
              39.01126899994824
            ],
            [
              -77.06300099980658,
              39.01063899973343
            ],
            [
              -77.06295700032396,
              39.01060399975083
            ],
            [
              -77.06286600008737,
              39.01053600025367
            ],
            [
              -77.06277400002585,
              39.01039799984139
            ],
            [
              -77.0627279999951,
              39.01029500001072
            ],
            [
              -77.06266000022303,
              39.01002099990709
            ],
            [
              -77.0624610000314,
              39.00956699996679
            ],
            [
              -77.06238499986343,
              39.00947100015353
            ],
            [
              -77.06241599982555,
              39.0093489999992
            ],
            [
              -77.0623699997948,
              39.0092199997788
            ],
            [
              -77.06231600026645,
              39.00868200002418
            ],
            [
              -77.06232399976406,
              39.008486999790335
            ],
            [
              -77.06229399962683,
              39.008186000128106
            ],
            [
              -77.06227100006062,
              39.008082999868385
            ],
            [
              -77.06204199973176,
              39.007727999775724
            ],
            [
              -77.06200400009692,
              39.00758300014955
            ],
            [
              -77.0620109997696,
              39.00752599968078
            ],
            [
              -77.06216399993049,
              39.00739200019801
            ],
            [
              -77.06217099960318,
              39.00736200013314
            ],
            [
              -77.06216399993049,
              39.007182999784334
            ],
            [
              -77.06209500033353,
              39.00704099996922
            ],
            [
              -77.06204199973176,
              39.006790000046195
            ],
            [
              -77.06196499973885,
              39.00671300033901
            ],
            [
              -77.0619120000354,
              39.00659500018092
            ],
            [
              -77.06145400027602,
              39.006491999698696
            ],
            [
              -77.06137100043534,
              39.006421999800395
            ],
            [
              -77.06130199994004,
              39.006358999972285
            ],
            [
              -77.06125599990928,
              39.00625199995845
            ],
            [
              -77.06121800027447,
              39.00621400033213
            ],
            [
              -77.06118700031232,
              39.00619499981323
            ],
            [
              -77.0608969998841,
              39.006125999943414
            ],
            [
              -77.06088199981548,
              39.00607599986413
            ],
            [
              -77.06081300021852,
              39.00599999970389
            ],
            [
              -77.06075200011914,
              39.00584700020833
            ],
            [
              -77.06086699974686,
              39.00555800025827
            ],
            [
              -77.06085900024927,
              39.0051229997089
            ],
            [
              -77.06087400031787,
              39.00492800013488
            ],
            [
              -77.06084400018065,
              39.004836999917
            ],
            [
              -77.06074500044645,
              39.00476000017822
            ],
            [
              -77.06062999992041,
              39.00470300022697
            ],
            [
              -77.06050100004897,
              39.00470300022697
            ],
            [
              -77.06037899985023,
              39.004729999695215
            ],
            [
              -77.06011899955922,
              39.00485600010256
            ],
            [
              -77.0600659998558,
              39.00490100004407
            ],
            [
              -77.05992100009082,
              39.00514199981765
            ],
            [
              -77.05984400009793,
              39.00517200012593
            ],
            [
              -77.05980599956479,
              39.005160999921294
            ],
            [
              -77.059623000165,
              39.005015999919706
            ],
            [
              -77.0594480002628,
              39.004932000095735
            ],
            [
              -77.05934100013269,
              39.00485600010256
            ],
            [
              -77.05908900023762,
              39.0044700003282
            ],
            [
              -77.05908199966662,
              39.004325000306395
            ],
            [
              -77.05903599963585,
              39.00424099966198
            ],
            [
              -77.05901999974233,
              39.00415399996141
            ],
            [
              -77.05892900040405,
              39.00402799969986
            ],
            [
              -77.05884499984013,
              39.00384499996751
            ],
            [
              -77.05877600024317,
              39.0037610001493
            ],
            [
              -77.05873799971,
              39.00367700023129
            ],
            [
              -77.05877600024317,
              39.003424999878995
            ],
            [
              -77.05895199997028,
              39.00310100030098
            ],
            [
              -77.05895899964295,
              39.002834000044196
            ],
            [
              -77.05904300020686,
              39.002742000253036
            ],
            [
              -77.05920399986533,
              39.002623999753915
            ],
            [
              -77.05964599973122,
              39.00242199974417
            ],
            [
              -77.06011899955922,
              39.00204000007758
            ],
            [
              -77.06022599968935,
              39.00191799967272
            ],
            [
              -77.0602719997201,
              39.001833999660796
            ],
            [
              -77.06037100035263,
              39.001605000235415
            ],
            [
              -77.06039399991884,
              39.00144899984264
            ],
            [
              -77.06044699962229,
              39.00135800003644
            ],
            [
              -77.06047799958444,
              39.00134200008143
            ],
            [
              -77.06058499971455,
              39.00137300029639
            ],
            [
              -77.06062999992041,
              39.00140700026885
            ],
            [
              -77.06075999961675,
              39.00157099966
            ],
            [
              -77.06083599978473,
              39.001598000323604
            ],
            [
              -77.0610580004409,
              39.00156000029166
            ],
            [
              -77.06112600021295,
              39.00148699993421
            ],
            [
              -77.06122499994714,
              39.00144499968485
            ],
            [
              -77.0612709999779,
              39.00140700026885
            ],
            [
              -77.06130199994004,
              39.0013269998149
            ],
            [
              -77.06140099967425,
              39.00128900033552
            ],
            [
              -77.06146199977361,
              39.001128999768454
            ],
            [
              -77.06156100040613,
              39.001006999887046
            ],
            [
              -77.06173200011035,
              39.00085199996893
            ],
            [
              -77.06182800036983,
              39.000765999989454
            ],
            [
              -77.06204199973176,
              39.00065199988805
            ],
            [
              -77.06221699963393,
              39.00051099993107
            ],
            [
              -77.06228600012922,
              39.00030799976692
            ],
            [
              -77.06228600012922,
              39.00010600012591
            ],
            [
              -77.0623699997948,
              38.999918999778274
            ],
            [
              -77.06247699992493,
              38.999850999783185
            ],
            [
              -77.06259900012367,
              38.99974399969969
            ],
            [
              -77.06269000036026,
              38.999637000152475
            ],
            [
              -77.06275099956133,
              38.99952999974536
            ],
            [
              -77.06277400002585,
              38.99938900034495
            ],
            [
              -77.06275899995724,
              38.9991529998335
            ],
            [
              -77.06278900009447,
              38.998957999861254
            ],
            [
              -77.06285000019385,
              38.99888199973367
            ],
            [
              -77.0629949999588,
              38.99878999969052
            ],
            [
              -77.06306399955577,
              38.99870300026814
            ],
            [
              -77.06301800042333,
              38.99851200007768
            ],
            [
              -77.06291100029321,
              38.99836699971314
            ],
            [
              -77.06281199966068,
              38.99817999965651
            ],
            [
              -77.06268699998722,
              38.9977490001862
            ],
            [
              -77.06247699992493,
              38.99770300014114
            ],
            [
              -77.06143699965926,
              38.99760599984187
            ],
            [
              -77.06051199991963,
              38.99754400028629
            ],
            [
              -77.05993699998436,
              38.99752500023143
            ],
            [
              -77.05944999991264,
              38.997506000171455
            ],
            [
              -77.05904400003178,
              38.99749399972681
            ],
            [
              -77.05855000028737,
              38.99750000029846
            ],
            [
              -77.0581939997369,
              38.99752500023143
            ],
            [
              -77.05784399993253,
              38.99756300033606
            ],
            [
              -77.05727300019522,
              38.99760800002932
            ],
            [
              -77.05698699996496,
              38.99771900022091
            ],
            [
              -77.05664999968107,
              38.99790600009961
            ],
            [
              -77.0576089997559,
              38.99707400033442
            ],
            [
              -77.05748699955716,
              38.99703899992345
            ],
            [
              -77.05702899979775,
              38.996779999974684
            ],
            [
              -77.05664800003125,
              38.9965619996981
            ],
            [
              -77.05612900017248,
              38.99626500001481
            ],
            [
              -77.05439699979567,
              38.99521200023304
            ],
            [
              -77.0543359996963,
              38.99514699993989
            ],
            [
              -77.05412999983197,
              38.99499799983753
            ],
            [
              -77.05394700043219,
              38.994907000112676
            ],
            [
              -77.05364899960803,
              38.99476999971549
            ],
            [
              -77.05385500037067,
              38.99498700014555
            ],
            [
              -77.05400799963324,
              38.995207999722595
            ],
            [
              -77.05409200019714,
              38.99551299994199
            ],
            [
              -77.05422199989349,
              38.99669999987432
            ],
            [
              -77.05421400039587,
              38.996882999935735
            ],
            [
              -77.0541380002279,
              38.99723799999486
            ],
            [
              -77.05398500006702,
              38.9975699999489
            ],
            [
              -77.05384799979967,
              38.99777600021388
            ],
            [
              -77.05369499963878,
              38.99795900028521
            ],
            [
              -77.05352700030761,
              38.998111000347016
            ],
            [
              -77.05319199967354,
              38.99835899974695
            ],
            [
              -77.05238300028486,
              38.99884000003236
            ],
            [
              -77.05106299963671,
              38.99962599978533
            ],
            [
              -77.0503010001037,
              39.00004199984974
            ],
            [
              -77.0501670002094,
              38.99999099994824
            ],
            [
              -77.0500330003151,
              38.99984299998482
            ],
            [
              -77.04996200016997,
              38.99965099966529
            ],
            [
              -77.04995499959897,
              38.99952499976152
            ],
            [
              -77.04996899984268,
              38.99934899968654
            ],
            [
              -77.04998999975906,
              38.999227999948246
            ],
            [
              -77.04994799992627,
              38.99919500004715
            ],
            [
              -77.04937800001387,
              38.99927799998058
            ],
            [
              -77.04904099972998,
              38.99930000012322
            ],
            [
              -77.04872400043588,
              38.99931700026053
            ],
            [
              -77.04845699957389,
              38.999305999843635
            ],
            [
              -77.0480070002104,
              38.99926799997692
            ],
            [
              -77.04782800011026,
              38.99922099980126
            ],
            [
              -77.04753799968205,
              38.99984299998482
            ],
            [
              -77.04676799975311,
              39.001414999890414
            ],
            [
              -77.04625700029024,
              39.00240699970663
            ],
            [
              -77.04534900026906,
              39.001963999769956
            ],
            [
              -77.04520399960579,
              39.00193400019559
            ],
            [
              -77.04507399990945,
              39.0019529997646
            ],
            [
              -77.04500500031247,
              39.002013999963175
            ],
            [
              -77.04499100006876,
              39.00202600033934
            ],
            [
              -77.04497500017523,
              39.00204000007758
            ],
            [
              -77.04512599978797,
              39.002112999864444
            ],
            [
              -77.04610400012938,
              39.00258600027304
            ],
            [
              -77.04674500018689,
              39.00292200033954
            ],
            [
              -77.04724800015214,
              39.003227000119296
            ],
            [
              -77.04787400014102,
              39.00364600032782
            ],
            [
              -77.04836200003764,
              39.00401599966327
            ],
            [
              -77.04884300026158,
              39.00443599973352
            ],
            [
              -77.04933899965582,
              39.004924000173794
            ],
            [
              -77.0498580004129,
              39.00548899976711
            ],
            [
              -77.05002499991916,
              39.00535200031228
            ],
            [
              -77.05044500004374,
              39.005011999963536
            ],
            [
              -77.05056899989229,
              39.00489999970442
            ],
            [
              -77.05136399993559,
              39.00419100034463
            ],
            [
              -77.05211600032118,
              39.00352399990006
            ],
            [
              -77.05255999983687,
              39.00302099966828
            ],
            [
              -77.0529699999157,
              39.002475000037556
            ],
            [
              -77.05343600007103,
              39.001945000203904
            ],
            [
              -77.05822399987412,
              39.00265000034225
            ],
            [
              -77.05795600008551,
              39.00300100001954
            ],
            [
              -77.05815100007919,
              39.00391900033974
            ],
            [
              -77.0602919998116,
              39.00638400026539
            ],
            [
              -77.06032399959865,
              39.0067999996847
            ],
            [
              -77.06006300038105,
              39.0072759996906
            ],
            [
              -77.05926699961454,
              39.00754100002899
            ],
            [
              -77.05885700043403,
              39.00756099979037
            ],
            [
              -77.05787499989466,
              39.00831000007915
            ],
            [
              -77.05778399965807,
              39.008418999653976
            ],
            [
              -77.0577860002062,
              39.00900299972145
            ],
            [
              -77.05720200005013,
              39.009423999775706
            ],
            [
              -77.05679500034434,
              39.00955500017177
            ],
            [
              -77.05554300036654,
              39.009589999975425
            ],
            [
              -77.05540600009921,
              39.009781999846666
            ],
            [
              -77.05516599989969,
              39.00975200009743
            ],
            [
              -77.05510599962524,
              39.009838000321686
            ],
            [
              -77.0550179997617,
              39.00991899979609
            ],
            [
              -77.05494199959371,
              39.00989099994515
            ],
            [
              -77.0548219999431,
              39.009868000034444
            ],
            [
              -77.05462299975147,
              39.00984000016332
            ],
            [
              -77.05412999983197,
              39.00981100001096
            ],
            [
              -77.0540190004022,
              39.00980199967238
            ],
            [
              -77.05398099986905,
              39.01003899982928
            ],
            [
              -77.05396400015061,
              39.01012400013678
            ],
            [
              -77.05393700038644,
              39.01026299995148
            ],
            [
              -77.05394800025711,
              39.0104379998369
            ],
            [
              -77.05399699976259,
              39.01065700019637
            ],
            [
              -77.05412300015928,
              39.010935999805945
            ],
            [
              -77.05418900028153,
              39.01113300007322
            ],
            [
              -77.05421500022078,
              39.01125300014076
            ],
            [
              -77.05423799978699,
              39.011351999676734
            ],
            [
              -77.0542870001908,
              39.01181099983923
            ],
            [
              -77.0543359996963,
              39.01219400002776
            ],
            [
              -77.05432599965054,
              39.012385999810135
            ],
            [
              -77.0543149997799,
              39.01256100002657
            ],
            [
              -77.05432599965054,
              39.01271900010526
            ],
            [
              -77.05435300031306,
              39.012811999712696
            ],
            [
              -77.0544350003288,
              39.012878000057846
            ],
            [
              -77.0545469995835,
              39.01290600012223
            ],
            [
              -77.05424199998495,
              39.01320399997103
            ],
            [
              -77.05426700009933,
              39.01323300012817
            ],
            [
              -77.05460299965998,
              39.013564999707974
            ],
            [
              -77.05470700031539,
              39.01363599973327
            ],
            [
              -77.05475499999595,
              39.01367000009374
            ],
            [
              -77.05477500008743,
              39.013684000319536
            ],
            [
              -77.0550689998153,
              39.013886000277395
            ],
            [
              -77.05520400043284,
              39.01397899974614
            ],
            [
              -77.05615199973869,
              39.01463000028076
            ],
            [
              -77.05621700003603,
              39.014675000286
            ],
            [
              -77.0565750002363,
              39.01489699998607
            ],
            [
              -77.05662899976467,
              39.01492799984471
            ],
            [
              -77.05684399984982,
              39.01460900022193
            ],
            [
              -77.05699199998783,
              39.01439000023426
            ],
            [
              -77.05717899958557,
              39.01421400014783
            ],
            [
              -77.0572079998979,
              39.01418800032001
            ],
            [
              -77.05742800000593,
              39.014130000079085
            ],
            [
              -77.0579820000248,
              39.01402000002097
            ],
            [
              -77.05817799984337,
              39.014038999833815
            ],
            [
              -77.05930599997261,
              39.014123000010706
            ],
            [
              -77.06015999956712,
              39.0141310002882
            ],
            [
              -77.06035799993383,
              39.01411700015096
            ],
            [
              -77.06075999961675,
              39.01405700012941
            ],
            [
              -77.06131799983358,
              39.01388800000457
            ],
            [
              -77.0618059997302,
              39.01364599979993
            ],
            [
              -77.06231600026645,
              39.01330900019479
            ],
            [
              -77.06273899986576,
              39.01292500023442
            ],
            [
              -77.06311799998245,
              39.01245400032057
            ],
            [
              -77.06346500031208,
              39.01185099973357
            ],
            [
              -77.06377999995634,
              39.011405000259714
            ]
          ]
        ]
      },
      "properties": {
        "geo_id": "240317027005",
        "name": "Block Group 5, Census Tract 7027.00",
        "geography_type": "block_group",
        "boundary_vintage": "Census 2020",
        "metrics": {
          "population": 2416.0,
          "housing_units": 973.0,
          "population_density": 5107.6
        },
        "evidence": [
          {
            "evidence_id": "census2020:240317027005:population",
            "type": "structured_data",
            "title": "2020 Census POP100 — Block Group 5, Census Tract 7027.00",
            "source": "U.S. Census Bureau TIGERweb Census 2020",
            "url": "https://tigerweb.geo.census.gov/arcgis/rest/services/TIGERweb/tigerWMS_Census2020/MapServer/8/query",
            "date": "2020-04-01",
            "retrieved_at": "2026-09-19T05:38:33.805674+00:00",
            "geo_id": "240317027005",
            "metric": "population",
            "value": 2416.0,
            "unit": "people",
            "excerpt": null,
            "page": null,
            "section": null,
            "page_label": null,
            "document_scope": null
          },
          {
            "evidence_id": "census2020:240317027005:housing_units",
            "type": "structured_data",
            "title": "2020 Census HU100 — Block Group 5, Census Tract 7027.00",
            "source": "U.S. Census Bureau TIGERweb Census 2020",
            "url": "https://tigerweb.geo.census.gov/arcgis/rest/services/TIGERweb/tigerWMS_Census2020/MapServer/8/query",
            "date": "2020-04-01",
            "retrieved_at": "2026-09-19T05:38:33.805674+00:00",
            "geo_id": "240317027005",
            "metric": "housing_units",
            "value": 973.0,
            "unit": "units",
            "excerpt": null,
            "page": null,
            "section": null,
            "page_label": null,
            "document_scope": null
          },
          {
            "evidence_id": "census2020:240317027005:population_density",
            "type": "structured_data",
            "title": "2020 Census Derived Density — Block Group 5, Census Tract 7027.00",
            "source": "U.S. Census Bureau TIGERweb Census 2020",
            "url": "https://tigerweb.geo.census.gov/arcgis/rest/services/TIGERweb/tigerWMS_Census2020/MapServer/8/query",
            "date": "2020-04-01",
            "retrieved_at": "2026-09-19T05:38:33.805674+00:00",
            "geo_id": "240317027005",
            "metric": "population_density",
            "value": 5107.6,
            "unit": "people per sq mi",
            "excerpt": null,
            "page": null,
            "section": null,
            "page_label": null,
            "document_scope": null
          }
        ]
      }
    },
    {
      "type": "Feature",
      "id": "240317024021",
      "geometry": {
        "type": "Polygon",
        "coordinates": [
          [
            [
              -77.02027799985292,
              38.996417000224724
            ],
            [
              -77.02034700034824,
              38.99621899970321
            ],
            [
              -77.01973700025285,
              38.99585299986174
            ],
            [
              -77.0183250004415,
              38.99499799983753
            ],
            [
              -77.01803500001328,
              38.99481499978857
            ],
            [
              -77.01756999968286,
              38.9944909998804
            ],
            [
              -77.01772299984374,
              38.99434599965437
            ],
            [
              -77.0178600001111,
              38.994254999789305
            ],
            [
              -77.01803500001328,
              38.99419000001352
            ],
            [
              -77.01821099974038,
              38.99416699988524
            ],
            [
              -77.01943900032703,
              38.99414399974943
            ],
            [
              -77.02020199968496,
              38.99411299985815
            ],
            [
              -77.02014899998152,
              38.993166999889354
            ],
            [
              -77.01753200004804,
              38.99326300018372
            ],
            [
              -77.01697499965611,
              38.99334699989813
            ],
            [
              -77.01609799959706,
              38.993563999804266
            ],
            [
              -77.015853000273,
              38.99360199994136
            ],
            [
              -77.01540300001119,
              38.9936140003479
            ],
            [
              -77.01316000017154,
              38.993598000038155
            ],
            [
              -77.0115580003894,
              38.99382700024322
            ],
            [
              -77.01109300005896,
              38.99389199965422
            ],
            [
              -77.01091700033187,
              38.99394199996616
            ],
            [
              -77.01079500013314,
              38.993999000208795
            ],
            [
              -77.01068800000301,
              38.994071000118964
            ],
            [
              -77.01048200013871,
              38.99427700009733
            ],
            [
              -77.0103909999021,
              38.99434599965437
            ],
            [
              -77.01025299980985,
              38.99441499984231
            ],
            [
              -77.01007000041005,
              38.994448999667355
            ],
            [
              -77.00904799968772,
              38.9943730002823
            ],
            [
              -77.00891799999138,
              38.99487999968848
            ],
            [
              -77.00891100031868,
              38.99512400012264
            ],
            [
              -77.0089339998849,
              38.995226999701416
            ],
            [
              -77.00898699958836,
              38.995319000188076
            ],
            [
              -77.00915499981784,
              38.995528999818816
            ],
            [
              -77.00922299958991,
              38.995586000179514
            ],
            [
              -77.00948999955361,
              38.995783999679524
            ],
            [
              -77.00991800007408,
              38.99600600002575
            ],
            [
              -77.01004000027282,
              38.99606300000223
            ],
            [
              -77.01051999977354,
              38.996230999665976
            ],
            [
              -77.01094800029401,
              38.99631800003325
            ],
            [
              -77.01106999959444,
              38.996341000160605
            ],
            [
              -77.01158900035153,
              38.99631500004642
            ],
            [
              -77.0119619997221,
              38.996276000206294
            ],
            [
              -77.01221399961719,
              38.99628800015939
            ],
            [
              -77.01280899964394,
              38.996417000224724
            ],
            [
              -77.01304600036872,
              38.99648599978972
            ],
            [
              -77.01332800040103,
              38.99653599966512
            ],
            [
              -77.01355699983156,
              38.99655100024924
            ],
            [
              -77.01380899972665,
              38.99653599966512
            ],
            [
              -77.01423600042223,
              38.996452000245185
            ],
            [
              -77.0144880003173,
              38.99637900020284
            ],
            [
              -77.01480100031175,
              38.99631800003325
            ],
            [
              -77.0151360000475,
              38.99631500004642
            ],
            [
              -77.01540300001119,
              38.996336999714025
            ],
            [
              -77.01557100024068,
              38.99637600021865
            ],
            [
              -77.01586900016652,
              38.99649399996762
            ],
            [
              -77.01609799959706,
              38.99662299965741
            ],
            [
              -77.01627300039756,
              38.996748999841785
            ],
            [
              -77.01644800029975,
              38.996905999879445
            ],
            [
              -77.0166850001262,
              38.997176999867584
            ],
            [
              -77.01684499995979,
              38.99736699972467
            ],
            [
              -77.01706599989271,
              38.99768400012897
            ],
            [
              -77.01720399998499,
              38.99796599985889
            ],
            [
              -77.01727199975704,
              38.997912999678526
            ],
            [
              -77.01882099983574,
              38.99719999971575
            ],
            [
              -77.01961500005412,
              38.99683700002587
            ],
            [
              -77.01996599968341,
              38.99663899998139
            ],
            [
              -77.02027799985292,
              38.996417000224724
            ]
          ]
        ]
      },
      "properties": {
        "geo_id": "240317024021",
        "name": "Block Group 1, Census Tract 7024.02",
        "geography_type": "block_group",
        "boundary_vintage": "Census 2020",
        "metrics": {
          "population": 1262.0,
          "housing_units": 552.0,
          "population_density": 11149.6
        },
        "evidence": [
          {
            "evidence_id": "census2020:240317024021:population",
            "type": "structured_data",
            "title": "2020 Census POP100 — Block Group 1, Census Tract 7024.02",
            "source": "U.S. Census Bureau TIGERweb Census 2020",
            "url": "https://tigerweb.geo.census.gov/arcgis/rest/services/TIGERweb/tigerWMS_Census2020/MapServer/8/query",
            "date": "2020-04-01",
            "retrieved_at": "2026-09-19T05:38:33.805674+00:00",
            "geo_id": "240317024021",
            "metric": "population",
            "value": 1262.0,
            "unit": "people",
            "excerpt": null,
            "page": null,
            "section": null,
            "page_label": null,
            "document_scope": null
          },
          {
            "evidence_id": "census2020:240317024021:housing_units",
            "type": "structured_data",
            "title": "2020 Census HU100 — Block Group 1, Census Tract 7024.02",
            "source": "U.S. Census Bureau TIGERweb Census 2020",
            "url": "https://tigerweb.geo.census.gov/arcgis/rest/services/TIGERweb/tigerWMS_Census2020/MapServer/8/query",
            "date": "2020-04-01",
            "retrieved_at": "2026-09-19T05:38:33.805674+00:00",
            "geo_id": "240317024021",
            "metric": "housing_units",
            "value": 552.0,
            "unit": "units",
            "excerpt": null,
            "page": null,
            "section": null,
            "page_label": null,
            "document_scope": null
          },
          {
            "evidence_id": "census2020:240317024021:population_density",
            "type": "structured_data",
            "title": "2020 Census Derived Density — Block Group 1, Census Tract 7024.02",
            "source": "U.S. Census Bureau TIGERweb Census 2020",
            "url": "https://tigerweb.geo.census.gov/arcgis/rest/services/TIGERweb/tigerWMS_Census2020/MapServer/8/query",
            "date": "2020-04-01",
            "retrieved_at": "2026-09-19T05:38:33.805674+00:00",
            "geo_id": "240317024021",
            "metric": "population_density",
            "value": 11149.6,
            "unit": "people per sq mi",
            "excerpt": null,
            "page": null,
            "section": null,
            "page_label": null,
            "document_scope": null
          }
        ]
      }
    },
    {
      "type": "Feature",
      "id": "240317025033",
      "geometry": {
        "type": "Polygon",
        "coordinates": [
          [
            [
              -77.03163799971449,
              38.99951800034206
            ],
            [
              -77.03181900036279,
              38.99949699998511
            ],
            [
              -77.03119300037388,
              38.99891300032834
            ],
            [
              -77.03056499983686,
              38.998311999665646
            ],
            [
              -77.0297449996792,
              38.99754899971196
            ],
            [
              -77.02922400017061,
              38.99707800004117
            ],
            [
              -77.02854999960283,
              38.996467999909655
            ],
            [
              -77.02815600031585,
              38.996089000209
            ],
            [
              -77.02825000002719,
              38.99597300001835
            ],
            [
              -77.02814299989706,
              38.99587300013467
            ],
            [
              -77.0277599995824,
              38.99553300031106
            ],
            [
              -77.02730699984588,
              38.99506799986849
            ],
            [
              -77.02708900028598,
              38.99470699998398
            ],
            [
              -77.02698899982856,
              38.99456699983687
            ],
            [
              -77.02682099959908,
              38.99457200017106
            ],
            [
              -77.02595500030898,
              38.99460899997994
            ],
            [
              -77.02587099974508,
              38.99462800011957
            ],
            [
              -77.02551199971988,
              38.99480000023282
            ],
            [
              -77.0244210002989,
              38.9953989997552
            ],
            [
              -77.02375000010417,
              38.995773000109736
            ],
            [
              -77.02339899957656,
              38.99600200025836
            ],
            [
              -77.02295599988578,
              38.99632199978272
            ],
            [
              -77.02187299996238,
              38.99716500006525
            ],
            [
              -77.02304799994728,
              38.998077000187
            ],
            [
              -77.02401700006784,
              38.9988210003255
            ],
            [
              -77.02429099970425,
              38.998957999861254
            ],
            [
              -77.02438299976573,
              38.99898500012576
            ],
            [
              -77.02463499966082,
              38.99902300014441
            ],
            [
              -77.02489400012689,
              38.99902699974104
            ],
            [
              -77.02517699998411,
              38.99899599989441
            ],
            [
              -77.02551199971988,
              38.99896200015965
            ],
            [
              -77.02577200001087,
              38.998957999861254
            ],
            [
              -77.02618399973953,
              38.99900000019066
            ],
            [
              -77.02632100000687,
              38.99902300014441
            ],
            [
              -77.02654199993982,
              38.99909199996081
            ],
            [
              -77.02790799972041,
              38.99966799971828
            ],
            [
              -77.02914399980467,
              39.00018599986605
            ],
            [
              -77.02956999977702,
              39.00031299969543
            ],
            [
              -77.0297229999379,
              39.00035200010298
            ],
            [
              -77.0298919999923,
              39.00038399975902
            ],
            [
              -77.03006000022178,
              39.000404999852705
            ],
            [
              -77.03021900023045,
              39.0004110001775
            ],
            [
              -77.03031899978957,
              39.00041300028565
            ],
            [
              -77.03046299972961,
              39.00039299989966
            ],
            [
              -77.03056900003482,
              39.000371999802425
            ],
            [
              -77.03071899982264,
              39.00032399995577
            ],
            [
              -77.0308150000821,
              39.00027699978344
            ],
            [
              -77.03090200012076,
              39.00022600005133
            ],
            [
              -77.0310259999693,
              39.00011600001113
            ],
            [
              -77.03114399997007,
              38.99998000033426
            ],
            [
              -77.03131300002448,
              38.99976599969744
            ],
            [
              -77.03141500013173,
              38.99967299969195
            ],
            [
              -77.03153300013251,
              38.99958500024233
            ],
            [
              -77.03163799971449,
              38.99951800034206
            ]
          ]
        ]
      },
      "properties": {
        "geo_id": "240317025033",
        "name": "Block Group 3, Census Tract 7025.03",
        "geography_type": "block_group",
        "boundary_vintage": "Census 2020",
        "metrics": {
          "population": 2254.0,
          "housing_units": 1481.0,
          "population_density": 20847.9
        },
        "evidence": [
          {
            "evidence_id": "census2020:240317025033:population",
            "type": "structured_data",
            "title": "2020 Census POP100 — Block Group 3, Census Tract 7025.03",
            "source": "U.S. Census Bureau TIGERweb Census 2020",
            "url": "https://tigerweb.geo.census.gov/arcgis/rest/services/TIGERweb/tigerWMS_Census2020/MapServer/8/query",
            "date": "2020-04-01",
            "retrieved_at": "2026-09-19T05:38:33.805674+00:00",
            "geo_id": "240317025033",
            "metric": "population",
            "value": 2254.0,
            "unit": "people",
            "excerpt": null,
            "page": null,
            "section": null,
            "page_label": null,
            "document_scope": null
          },
          {
            "evidence_id": "census2020:240317025033:housing_units",
            "type": "structured_data",
            "title": "2020 Census HU100 — Block Group 3, Census Tract 7025.03",
            "source": "U.S. Census Bureau TIGERweb Census 2020",
            "url": "https://tigerweb.geo.census.gov/arcgis/rest/services/TIGERweb/tigerWMS_Census2020/MapServer/8/query",
            "date": "2020-04-01",
            "retrieved_at": "2026-09-19T05:38:33.805674+00:00",
            "geo_id": "240317025033",
            "metric": "housing_units",
            "value": 1481.0,
            "unit": "units",
            "excerpt": null,
            "page": null,
            "section": null,
            "page_label": null,
            "document_scope": null
          },
          {
            "evidence_id": "census2020:240317025033:population_density",
            "type": "structured_data",
            "title": "2020 Census Derived Density — Block Group 3, Census Tract 7025.03",
            "source": "U.S. Census Bureau TIGERweb Census 2020",
            "url": "https://tigerweb.geo.census.gov/arcgis/rest/services/TIGERweb/tigerWMS_Census2020/MapServer/8/query",
            "date": "2020-04-01",
            "retrieved_at": "2026-09-19T05:38:33.805674+00:00",
            "geo_id": "240317025033",
            "metric": "population_density",
            "value": 20847.9,
            "unit": "people per sq mi",
            "excerpt": null,
            "page": null,
            "section": null,
            "page_label": null,
            "document_scope": null
          }
        ]
      }
    },
    {
      "type": "Feature",
      "id": "240317017021",
      "geometry": {
        "type": "Polygon",
        "coordinates": [
          [
            [
              -77.00685500007678,
              38.989600000131496
            ],
            [
              -77.00686099992456,
              38.98943399980761
            ],
            [
              -77.00684400020612,
              38.98933700004381
            ],
            [
              -77.00653799988437,
              38.988998999972296
            ],
            [
              -77.00642800027953,
              38.98885600010066
            ],
            [
              -77.00626599989782,
              38.988636999981374
            ],
            [
              -77.00614600024721,
              38.98850500007959
            ],
            [
              -77.0061100002622,
              38.98848100032488
            ],
            [
              -77.00601300017783,
              38.98842899989752
            ],
            [
              -77.00594000038288,
              38.98837000030627
            ],
            [
              -77.00588000010843,
              38.988299000058355
            ],
            [
              -77.0058490001463,
              38.98824299998963
            ],
            [
              -77.00580899996332,
              38.98820499976814
            ],
            [
              -77.00578899987183,
              38.98817400006845
            ],
            [
              -77.00567500006902,
              38.98807500021587
            ],
            [
              -77.00565699962735,
              38.98805999992991
            ],
            [
              -77.00562200036556,
              38.9880420000015
            ],
            [
              -77.0055889998553,
              38.988035000144436
            ],
            [
              -77.00549799961871,
              38.98803199980655
            ],
            [
              -77.00540200025755,
              38.988016000329566
            ],
            [
              -77.00526699964001,
              38.988007999891465
            ],
            [
              -77.00517799995156,
              38.988009999651936
            ],
            [
              -77.00516299988294,
              38.988009999651936
            ],
            [
              -77.0051110000044,
              38.98799699981129
            ],
            [
              -77.00502200031595,
              38.98796000003695
            ],
            [
              -77.00500100039955,
              38.987950999711444
            ],
            [
              -77.00497200008725,
              38.987925000006086
            ],
            [
              -77.00494199995,
              38.98789500006566
            ],
            [
              -77.00491400036091,
              38.98783199980018
            ],
            [
              -77.00490000011722,
              38.98776800029327
            ],
            [
              -77.00489599991926,
              38.987720000276006
            ],
            [
              -77.00490699978991,
              38.987644999834714
            ],
            [
              -77.00492299968343,
              38.9875700000122
            ],
            [
              -77.00495299982066,
              38.98748800019912
            ],
            [
              -77.00496899971418,
              38.987448999684155
            ],
            [
              -77.00500100039955,
              38.98736599984158
            ],
            [
              -77.00503499983644,
              38.98729499998311
            ],
            [
              -77.00505999995079,
              38.98724900012533
            ],
            [
              -77.0050750000194,
              38.98720300023766
            ],
            [
              -77.00508500006515,
              38.98713699967867
            ],
            [
              -77.00489000007147,
              38.98712500026871
            ],
            [
              -77.00492000020868,
              38.98693400025036
            ],
            [
              -77.00489000007147,
              38.98675499988969
            ],
            [
              -77.00485200043663,
              38.98667500032722
            ],
            [
              -77.00471400034438,
              38.98647300017421
            ],
            [
              -77.00451599997766,
              38.98625899988801
            ],
            [
              -77.00439399977891,
              38.98617500014049
            ],
            [
              -77.00421100037913,
              38.986106000298264
            ],
            [
              -77.0039900004462,
              38.98609100029331
            ],
            [
              -77.00384499978293,
              38.98600300001396
            ],
            [
              -77.00365399998722,
              38.98599599995532
            ],
            [
              -77.00353199978846,
              38.98594199997835
            ],
            [
              -77.00350099982633,
              38.98589699984968
            ],
            [
              -77.00342499965835,
              38.985607000196275
            ],
            [
              -77.00335600006137,
              38.985510999991554
            ],
            [
              -77.00302100032563,
              38.98535100005922
            ],
            [
              -77.00286099959375,
              38.985214000017464
            ],
            [
              -77.00277699992814,
              38.98491199987582
            ],
            [
              -77.00266999979804,
              38.98471799969252
            ],
            [
              -77.00262399976728,
              38.98456500026358
            ],
            [
              -77.00252500003307,
              38.984355000221505
            ],
            [
              -77.0024560004361,
              38.984278999773416
            ],
            [
              -77.0022809996356,
              38.98418000005969
            ],
            [
              -77.00196799964114,
              38.9840620000296
            ],
            [
              -77.00140299975165,
              38.98394000005206
            ],
            [
              -77.00112900011524,
              38.983805999891665
            ],
            [
              -77.00102899965782,
              38.98379499985686
            ],
            [
              -77.00085399975563,
              38.98363800006189
            ],
            [
              -77.00036800040715,
              38.98339800031169
            ],
            [
              -77.00034499994261,
              38.98338700021343
            ],
            [
              -77.00004600019187,
              38.98377099990181
            ],
            [
              -76.9998799996122,
              38.983985999965256
            ],
            [
              -76.99967299992296,
              38.984128999899205
            ],
            [
              -76.99925699999636,
              38.98429200029686
            ],
            [
              -76.99904399956102,
              38.98440299972741
            ],
            [
              -76.99868700008396,
              38.98464500011576
            ],
            [
              -76.99858199960366,
              38.98476600034888
            ],
            [
              -76.99837800028749,
              38.984885999752535
            ],
            [
              -76.99763400029781,
              38.985224999831836
            ],
            [
              -76.99713100033257,
              38.98545800025914
            ],
            [
              -76.99704699976867,
              38.9855229996751
            ],
            [
              -76.99640599971114,
              38.98608300033592
            ],
            [
              -76.99740300031912,
              38.98737899979811
            ],
            [
              -76.99743199973312,
              38.98741699976477
            ],
            [
              -76.99795399996496,
              38.987250999907246
            ],
            [
              -76.99897599978897,
              38.98695400025088
            ],
            [
              -76.99983299975653,
              38.98652100033885
            ],
            [
              -76.99993599968869,
              38.98666499993915
            ],
            [
              -77.0001409997281,
              38.98696599968983
            ],
            [
              -77.00048200020997,
              38.98747700003814
            ],
            [
              -77.00071999986133,
              38.98796799978222
            ],
            [
              -77.00085600030378,
              38.988293999979206
            ],
            [
              -77.0011049998258,
              38.98878100016482
            ],
            [
              -77.00147999974453,
              38.98965099984158
            ],
            [
              -77.00178500024137,
              38.99057099989697
            ],
            [
              -77.00195500012069,
              38.99109500002633
            ],
            [
              -77.00207700031943,
              38.99149999973885
            ],
            [
              -77.0021669998328,
              38.99186400009929
            ],
            [
              -77.00218299972632,
              38.99193100026472
            ],
            [
              -77.0022170000615,
              38.99214299981795
            ],
            [
              -77.00224899984856,
              38.992549000331564
            ],
            [
              -77.00225800006938,
              38.993079999837384
            ],
            [
              -77.00223700015297,
              38.99373599971079
            ],
            [
              -77.00225300004652,
              38.9939930000384
            ],
            [
              -77.00229200040458,
              38.99430899970798
            ],
            [
              -77.00236100000154,
              38.99451900024131
            ],
            [
              -77.00305700031063,
              38.996132999677904
            ],
            [
              -77.00316299971753,
              38.9964329998971
            ],
            [
              -77.0032160003193,
              38.996560000179265
            ],
            [
              -77.00347900008502,
              38.997645000345244
            ],
            [
              -77.00364499976638,
              38.99822499965554
            ],
            [
              -77.00415199992959,
              38.99802199991409
            ],
            [
              -77.00433000020482,
              38.99792299987363
            ],
            [
              -77.00451000012987,
              38.99778100032132
            ],
            [
              -77.00464200037435,
              38.997637000297466
            ],
            [
              -77.00480499968265,
              38.99742400000118
            ],
            [
              -77.00516500043109,
              38.996863999703436
            ],
            [
              -77.00540899993024,
              38.99646700014893
            ],
            [
              -77.00542900002172,
              38.99643399965835
            ],
            [
              -77.00554600019758,
              38.99623800010875
            ],
            [
              -77.00569099996255,
              38.99606300000223
            ],
            [
              -77.00595000042863,
              38.99586400011728
            ],
            [
              -77.00613500037656,
              38.995736999982356
            ],
            [
              -77.00628599998929,
              38.99563800023584
            ],
            [
              -77.00626300042308,
              38.995623999929066
            ],
            [
              -77.00601900002562,
              38.9955099999211
            ],
            [
              -77.00594299985762,
              38.995506000125665
            ],
            [
              -77.00585900019203,
              38.99552100022994
            ],
            [
              -77.00571400042708,
              38.995613000334394
            ],
            [
              -77.0055539996952,
              38.995613000334394
            ],
            [
              -77.00537100029541,
              38.995559000014396
            ],
            [
              -77.00522599963215,
              38.99547500013284
            ],
            [
              -77.00479800000997,
              38.99510899993422
            ],
            [
              -77.0043710002127,
              38.994777000302804
            ],
            [
              -77.00424900001396,
              38.99462100021566
            ],
            [
              -77.00422600044774,
              38.994524999668926
            ],
            [
              -77.0042570004099,
              38.994440999956396
            ],
            [
              -77.00431799961093,
              38.99440700012751
            ],
            [
              -77.00478799996421,
              38.99430899970798
            ],
            [
              -77.00508099986719,
              38.99426600029324
            ],
            [
              -77.00516500043109,
              38.99427000015875
            ],
            [
              -77.00529400030251,
              38.99419399988327
            ],
            [
              -77.00536299989949,
              38.99410999977791
            ],
            [
              -77.00540899993024,
              38.99395299982055
            ],
            [
              -77.00541599960293,
              38.99384299980304
            ],
            [
              -77.00538600036401,
              38.993713000133155
            ],
            [
              -77.00538600036401,
              38.993616999751026
            ],
            [
              -77.00538600036401,
              38.99354100017067
            ],
            [
              -77.00524099970075,
              38.99314100000542
            ],
            [
              -77.00518700017238,
              38.992888999829674
            ],
            [
              -77.00521800013453,
              38.992832000089365
            ],
            [
              -77.0054700000296,
              38.99269800000464
            ],
            [
              -77.00557700015972,
              38.99259500023598
            ],
            [
              -77.00581399998619,
              38.9922909998278
            ],
            [
              -77.00604199959183,
              38.99206899969693
            ],
            [
              -77.00613399965333,
              38.991947000253134
            ],
            [
              -77.00634700008867,
              38.99172499974144
            ],
            [
              -77.00635499958626,
              38.99147399994072
            ],
            [
              -77.00641599968563,
              38.991310000188165
            ],
            [
              -77.0063849997235,
              38.99120699979594
            ],
            [
              -77.00616399979057,
              38.99093199993276
            ],
            [
              -77.00609500019358,
              38.990778999970246
            ],
            [
              -77.00605699966044,
              38.99061199977518
            ],
            [
              -77.00606500005637,
              38.99043199979259
            ],
            [
              -77.0061029996912,
              38.990271999811675
            ],
            [
              -77.0061720001865,
              38.99018399984255
            ],
            [
              -77.00643900015017,
              38.9899670000462
            ],
            [
              -77.00675200014462,
              38.989814000092366
            ],
            [
              -77.00678200028185,
              38.98972299998577
            ],
            [
              -77.00678700030473,
              38.98968300014745
            ],
            [
              -77.00685500007678,
              38.989600000131496
            ]
          ]
        ]
      },
      "properties": {
        "geo_id": "240317017021",
        "name": "Block Group 1, Census Tract 7017.02",
        "geography_type": "block_group",
        "boundary_vintage": "Census 2020",
        "metrics": {
          "population": 2274.0,
          "housing_units": 1062.0,
          "population_density": 10823.9
        },
        "evidence": [
          {
            "evidence_id": "census2020:240317017021:population",
            "type": "structured_data",
            "title": "2020 Census POP100 — Block Group 1, Census Tract 7017.02",
            "source": "U.S. Census Bureau TIGERweb Census 2020",
            "url": "https://tigerweb.geo.census.gov/arcgis/rest/services/TIGERweb/tigerWMS_Census2020/MapServer/8/query",
            "date": "2020-04-01",
            "retrieved_at": "2026-09-19T05:38:33.805674+00:00",
            "geo_id": "240317017021",
            "metric": "population",
            "value": 2274.0,
            "unit": "people",
            "excerpt": null,
            "page": null,
            "section": null,
            "page_label": null,
            "document_scope": null
          },
          {
            "evidence_id": "census2020:240317017021:housing_units",
            "type": "structured_data",
            "title": "2020 Census HU100 — Block Group 1, Census Tract 7017.02",
            "source": "U.S. Census Bureau TIGERweb Census 2020",
            "url": "https://tigerweb.geo.census.gov/arcgis/rest/services/TIGERweb/tigerWMS_Census2020/MapServer/8/query",
            "date": "2020-04-01",
            "retrieved_at": "2026-09-19T05:38:33.805674+00:00",
            "geo_id": "240317017021",
            "metric": "housing_units",
            "value": 1062.0,
            "unit": "units",
            "excerpt": null,
            "page": null,
            "section": null,
            "page_label": null,
            "document_scope": null
          },
          {
            "evidence_id": "census2020:240317017021:population_density",
            "type": "structured_data",
            "title": "2020 Census Derived Density — Block Group 1, Census Tract 7017.02",
            "source": "U.S. Census Bureau TIGERweb Census 2020",
            "url": "https://tigerweb.geo.census.gov/arcgis/rest/services/TIGERweb/tigerWMS_Census2020/MapServer/8/query",
            "date": "2020-04-01",
            "retrieved_at": "2026-09-19T05:38:33.805674+00:00",
            "geo_id": "240317017021",
            "metric": "population_density",
            "value": 10823.9,
            "unit": "people per sq mi",
            "excerpt": null,
            "page": null,
            "section": null,
            "page_label": null,
            "document_scope": null
          }
        ]
      }
    },
    {
      "type": "Feature",
      "id": "240317052001",
      "geometry": {
        "type": "Polygon",
        "coordinates": [
          [
            [
              -77.072654000304,
              38.98535499973027
            ],
            [
              -77.07267699987023,
              38.985240000020276
            ],
            [
              -77.07250199996803,
              38.984615000181826
            ],
            [
              -77.07233399973853,
              38.98400400022674
            ],
            [
              -77.07210500030799,
              38.9832340000028
            ],
            [
              -77.07198999978195,
              38.98285599991332
            ],
            [
              -77.07072699993351,
              38.9830120000951
            ],
            [
              -77.07018899980818,
              38.98306700016228
            ],
            [
              -77.07009099989888,
              38.98307800031025
            ],
            [
              -77.06932000014504,
              38.9831650000872
            ],
            [
              -77.06886999988323,
              38.98321500029587
            ],
            [
              -77.0682749998565,
              38.98327200009967
            ],
            [
              -77.06732900020046,
              38.98312300013596
            ],
            [
              -77.06722200007033,
              38.983524000299454
            ],
            [
              -77.06708499980299,
              38.98398500002816
            ],
            [
              -77.06707899995521,
              38.98400500016356
            ],
            [
              -77.06704200014528,
              38.98413600014246
            ],
            [
              -77.06694699971072,
              38.984473999693364
            ],
            [
              -77.06690200040319,
              38.984572999694244
            ],
            [
              -77.0666420001122,
              38.98516399982405
            ],
            [
              -77.06652800030939,
              38.98545000023021
            ],
            [
              -77.06651999991345,
              38.98562599995953
            ],
            [
              -77.0665509998756,
              38.985747999824596
            ],
            [
              -77.0666420001122,
              38.98596099965163
            ],
            [
              -77.06697000017526,
              38.98648000018567
            ],
            [
              -77.06612300025343,
              38.98675900017969
            ],
            [
              -77.0647349998332,
              38.98709400009606
            ],
            [
              -77.06451399990027,
              38.98719399981591
            ],
            [
              -77.06382699981201,
              38.98759800031832
            ],
            [
              -77.06313999972373,
              38.988006000130945
            ],
            [
              -77.06319400015043,
              38.98774699994058
            ],
            [
              -77.0631859997545,
              38.98757099989865
            ],
            [
              -77.06314800011967,
              38.98736099969653
            ],
            [
              -77.06304900038546,
              38.9871479998925
            ],
            [
              -77.06292700018673,
              38.98699899970764
            ],
            [
              -77.0626290002609,
              38.98673200013821
            ],
            [
              -77.06244599996279,
              38.9865339997523
            ],
            [
              -77.06168299970655,
              38.985599000184244
            ],
            [
              -77.06149199991084,
              38.98538200029691
            ],
            [
              -77.06131700000866,
              38.98525199974982
            ],
            [
              -77.06109600007574,
              38.98512600004446
            ],
            [
              -77.06075200011914,
              38.98501499965273
            ],
            [
              -77.06054600025482,
              38.98498499987554
            ],
            [
              -77.06023400008527,
              38.98498499987554
            ],
            [
              -77.05994399965705,
              38.98503099980801
            ],
            [
              -77.05971500022652,
              38.98509900007842
            ],
            [
              -77.05948099987478,
              38.98522399991224
            ],
            [
              -77.0592569995688,
              38.98534300001819
            ],
            [
              -77.05902800013824,
              38.985438999752525
            ],
            [
              -77.05811400026927,
              38.9857440001758
            ],
            [
              -77.05807900010917,
              38.98575599981986
            ],
            [
              -77.05752500009031,
              38.985888999870355
            ],
            [
              -77.05731900022599,
              38.98596099965163
            ],
            [
              -77.05635500012826,
              38.98630000016912
            ],
            [
              -77.05587499972926,
              38.986453999940025
            ],
            [
              -77.05561199996352,
              38.98652100033885
            ],
            [
              -77.0554069999241,
              38.98653999985678
            ],
            [
              -77.0551319995645,
              38.98653700015374
            ],
            [
              -77.05471900001093,
              38.98652400004257
            ],
            [
              -77.05430300008433,
              38.98647300017421
            ],
            [
              -77.05385399964744,
              38.986420999668205
            ],
            [
              -77.05339300041332,
              38.98634500004162
            ],
            [
              -77.05304299971063,
              38.98627399985735
            ],
            [
              -77.05298800035735,
              38.98631500012983
            ],
            [
              -77.05236400001829,
              38.98678999980079
            ],
            [
              -77.05232899985819,
              38.98681799971718
            ],
            [
              -77.05234499975172,
              38.986891999742205
            ],
            [
              -77.05237499988894,
              38.986915000139966
            ],
            [
              -77.05255800018705,
              38.98699099985285
            ],
            [
              -77.05308200006868,
              38.987337000252204
            ],
            [
              -77.05300699972561,
              38.987502000020626
            ],
            [
              -77.05303500021303,
              38.987556000204094
            ],
            [
              -77.0532100001152,
              38.98761100023225
            ],
            [
              -77.05334200035968,
              38.98768600001131
            ],
            [
              -77.05347399970584,
              38.987794999939595
            ],
            [
              -77.05382299968531,
              38.98802699970854
            ],
            [
              -77.05402400042507,
              38.98819299984097
            ],
            [
              -77.05419199975624,
              38.98830800033961
            ],
            [
              -77.05422600009145,
              38.988361999908186
            ],
            [
              -77.05433700041952,
              38.98843100034435
            ],
            [
              -77.05456300037532,
              38.98846699999876
            ],
            [
              -77.05475400017103,
              38.98842600027452
            ],
            [
              -77.05479699982875,
              38.9883789998802
            ],
            [
              -77.0549900001726,
              38.98798200020704
            ],
            [
              -77.0550189995866,
              38.987935000216154
            ],
            [
              -77.05506299996753,
              38.98790700004334
            ],
            [
              -77.05518299961813,
              38.98789199972178
            ],
            [
              -77.05542299981764,
              38.987924000124686
            ],
            [
              -77.05568499975847,
              38.98788100032183
            ],
            [
              -77.0559140000873,
              38.987793000173
            ],
            [
              -77.05623999960224,
              38.98757099989865
            ],
            [
              -77.05626899991455,
              38.98753200012768
            ],
            [
              -77.05653300040352,
              38.98735700013881
            ],
            [
              -77.05660299982539,
              38.98731100032132
            ],
            [
              -77.05673900026784,
              38.98727400018836
            ],
            [
              -77.0567519997883,
              38.98726800014613
            ],
            [
              -77.05684800004778,
              38.98722699972741
            ],
            [
              -77.05737600012738,
              38.986854000191926
            ],
            [
              -77.05766999985526,
              38.98666599983834
            ],
            [
              -77.05802100038284,
              38.986374999940736
            ],
            [
              -77.0581030003986,
              38.9863420003303
            ],
            [
              -77.0581450002314,
              38.98632499986908
            ],
            [
              -77.05825099963832,
              38.98635499977662
            ],
            [
              -77.05831099991275,
              38.98643299989582
            ],
            [
              -77.05839799995141,
              38.986699999894704
            ],
            [
              -77.05843599958622,
              38.986813000231685
            ],
            [
              -77.05843700030945,
              38.98693799983198
            ],
            [
              -77.05883800016746,
              38.987105000316554
            ],
            [
              -77.0589469999474,
              38.98720200034601
            ],
            [
              -77.05903499981093,
              38.987308999842845
            ],
            [
              -77.05915299981173,
              38.987400000259974
            ],
            [
              -77.05925800029202,
              38.98743999999194
            ],
            [
              -77.05932299969103,
              38.98744400024323
            ],
            [
              -77.0595100001871,
              38.98742899982354
            ],
            [
              -77.05960600044656,
              38.98737700001981
            ],
            [
              -77.05969699978485,
              38.98731100032132
            ],
            [
              -77.06004800031243,
              38.987000000300355
            ],
            [
              -77.06073299985256,
              38.986507000323265
            ],
            [
              -77.06098599957255,
              38.986359999992736
            ],
            [
              -77.06138200030598,
              38.986248000234305
            ],
            [
              -77.0617000003233,
              38.98620799982872
            ],
            [
              -77.06187100002752,
              38.98622399971436
            ],
            [
              -77.0619820003556,
              38.98625899988801
            ],
            [
              -77.06205900034851,
              38.98632000034877
            ],
            [
              -77.06222599985476,
              38.98657200017257
            ],
            [
              -77.06225900036505,
              38.98662200006976
            ],
            [
              -77.06235100042656,
              38.986760000077545
            ],
            [
              -77.06287500030821,
              38.98729200031205
            ],
            [
              -77.06303400031685,
              38.98762699980077
            ],
            [
              -77.06303099994379,
              38.98766299986408
            ],
            [
              -77.06295300012602,
              38.98778499970974
            ],
            [
              -77.06278700044464,
              38.987934000334896
            ],
            [
              -77.06276099960706,
              38.987956999695825
            ],
            [
              -77.0627070000787,
              38.98804700009844
            ],
            [
              -77.06268500033738,
              38.98816899998048
            ],
            [
              -77.06275899995724,
              38.9884559999899
            ],
            [
              -77.06274399988862,
              38.988505999952785
            ],
            [
              -77.06275899995724,
              38.98865100027393
            ],
            [
              -77.06274399988862,
              38.98868900025599
            ],
            [
              -77.06275099956133,
              38.98878799994806
            ],
            [
              -77.06271299992648,
              38.988974999686846
            ],
            [
              -77.0627210003224,
              38.98913099965108
            ],
            [
              -77.06269000036026,
              38.98923400027151
            ],
            [
              -77.06268299978926,
              38.98937899979952
            ],
            [
              -77.06262199968988,
              38.98957000020275
            ],
            [
              -77.06257599965913,
              38.98961199982019
            ],
            [
              -77.06256099959052,
              38.98967300018433
            ],
            [
              -77.06250700006217,
              38.989756999970254
            ],
            [
              -77.06250000038946,
              38.98985999967973
            ],
            [
              -77.06241599982555,
              38.98995899982867
            ],
            [
              -77.06240800032796,
              38.99006600004548
            ],
            [
              -77.06235499972621,
              38.990122999918746
            ],
            [
              -77.06234700022858,
              38.99022599979384
            ],
            [
              -77.06239300025933,
              38.99032199988821
            ],
            [
              -77.06247699992493,
              38.99040600030032
            ],
            [
              -77.06252200013077,
              38.99048900006934
            ],
            [
              -77.06251499955975,
              38.99052800030573
            ],
            [
              -77.06261400019228,
              38.99056199990352
            ],
            [
              -77.06267500029165,
              38.990615000003714
            ],
            [
              -77.0627279999951,
              38.99071500033507
            ],
            [
              -77.06273600039103,
              38.990818000046886
            ],
            [
              -77.06259900012367,
              38.990992999857504
            ],
            [
              -77.062544999697,
              38.99100400017031
            ],
            [
              -77.06248399959762,
              38.991077000171494
            ],
            [
              -77.06242300039656,
              38.99110700015972
            ],
            [
              -77.06214899986188,
              38.99120299975737
            ],
            [
              -77.06171399966868,
              38.99127899975373
            ],
            [
              -77.0615310002689,
              38.991428000005875
            ],
            [
              -77.06151500037538,
              38.991511999803585
            ],
            [
              -77.06149199991084,
              38.99155000034431
            ],
            [
              -77.0615530000102,
              38.99164500021035
            ],
            [
              -77.06166000014034,
              38.99188599975423
            ],
            [
              -77.06188899957088,
              38.99223299978534
            ],
            [
              -77.06198800020339,
              38.992450000314435
            ],
            [
              -77.06198800020339,
              38.99251100032727
            ],
            [
              -77.06203400023415,
              38.99259900019594
            ],
            [
              -77.06208000026491,
              38.99280500026986
            ],
            [
              -77.06212600029566,
              38.9929270003292
            ],
            [
              -77.06304900038546,
              38.993166999889354
            ],
            [
              -77.0635370002821,
              38.993209000165095
            ],
            [
              -77.06394099961483,
              38.993220999940064
            ],
            [
              -77.06438400020393,
              38.99319800019501
            ],
            [
              -77.06507100029218,
              38.99309499975768
            ],
            [
              -77.06562000028818,
              38.99295000016234
            ],
            [
              -77.06612300025343,
              38.99276299975441
            ],
            [
              -77.06651300024077,
              38.99258000020976
            ],
            [
              -77.06844300008598,
              38.99149700024599
            ],
            [
              -77.06893699983038,
              38.991162000221514
            ],
            [
              -77.06896199994475,
              38.99114200001357
            ],
            [
              -77.0691069997097,
              38.99095099966313
            ],
            [
              -77.06951900033667,
              38.990294999809386
            ],
            [
              -77.06975500033822,
              38.989933000162644
            ],
            [
              -77.07002700032479,
              38.989552999818535
            ],
            [
              -77.07005999993675,
              38.989412999949195
            ],
            [
              -77.07013299973167,
              38.98927699995064
            ],
            [
              -77.0705079996504,
              38.98870399971041
            ],
            [
              -77.07079300005576,
              38.98821599981599
            ],
            [
              -77.07159399994683,
              38.98690399988993
            ],
            [
              -77.07170799974965,
              38.986747000007334
            ],
            [
              -77.07194600029933,
              38.98642799968481
            ],
            [
              -77.07209299971412,
              38.98622999984512
            ],
            [
              -77.0722600001187,
              38.98600399992254
            ],
            [
              -77.07250899964072,
              38.98567100026048
            ],
            [
              -77.072654000304,
              38.98535499973027
            ]
          ]
        ]
      },
      "properties": {
        "geo_id": "240317052001",
        "name": "Block Group 1, Census Tract 7052.00",
        "geography_type": "block_group",
        "boundary_vintage": "Census 2020",
        "metrics": {
          "population": 884.0,
          "housing_units": 335.0,
          "population_density": 3149.5
        },
        "evidence": [
          {
            "evidence_id": "census2020:240317052001:population",
            "type": "structured_data",
            "title": "2020 Census POP100 — Block Group 1, Census Tract 7052.00",
            "source": "U.S. Census Bureau TIGERweb Census 2020",
            "url": "https://tigerweb.geo.census.gov/arcgis/rest/services/TIGERweb/tigerWMS_Census2020/MapServer/8/query",
            "date": "2020-04-01",
            "retrieved_at": "2026-09-19T05:38:33.805674+00:00",
            "geo_id": "240317052001",
            "metric": "population",
            "value": 884.0,
            "unit": "people",
            "excerpt": null,
            "page": null,
            "section": null,
            "page_label": null,
            "document_scope": null
          },
          {
            "evidence_id": "census2020:240317052001:housing_units",
            "type": "structured_data",
            "title": "2020 Census HU100 — Block Group 1, Census Tract 7052.00",
            "source": "U.S. Census Bureau TIGERweb Census 2020",
            "url": "https://tigerweb.geo.census.gov/arcgis/rest/services/TIGERweb/tigerWMS_Census2020/MapServer/8/query",
            "date": "2020-04-01",
            "retrieved_at": "2026-09-19T05:38:33.805674+00:00",
            "geo_id": "240317052001",
            "metric": "housing_units",
            "value": 335.0,
            "unit": "units",
            "excerpt": null,
            "page": null,
            "section": null,
            "page_label": null,
            "document_scope": null
          },
          {
            "evidence_id": "census2020:240317052001:population_density",
            "type": "structured_data",
            "title": "2020 Census Derived Density — Block Group 1, Census Tract 7052.00",
            "source": "U.S. Census Bureau TIGERweb Census 2020",
            "url": "https://tigerweb.geo.census.gov/arcgis/rest/services/TIGERweb/tigerWMS_Census2020/MapServer/8/query",
            "date": "2020-04-01",
            "retrieved_at": "2026-09-19T05:38:33.805674+00:00",
            "geo_id": "240317052001",
            "metric": "population_density",
            "value": 3149.5,
            "unit": "people per sq mi",
            "excerpt": null,
            "page": null,
            "section": null,
            "page_label": null,
            "document_scope": null
          }
        ]
      }
    },
    {
      "type": "Feature",
      "id": "240317051001",
      "geometry": {
        "type": "Polygon",
        "coordinates": [
          [
            [
              -77.07923700023309,
              39.00693800013635
            ],
            [
              -77.07926900002015,
              39.0068960003309
            ],
            [
              -77.07923499968496,
              39.00678899973321
            ],
            [
              -77.07868200038932,
              39.006316999823056
            ],
            [
              -77.0786749998183,
              39.006101000257196
            ],
            [
              -77.07839500033415,
              39.005738000160555
            ],
            [
              -77.07831199959514,
              39.005598999830305
            ],
            [
              -77.07807700031682,
              39.00539300000371
            ],
            [
              -77.07796000014096,
              39.005406000139274
            ],
            [
              -77.07780199995722,
              39.00504499994377
            ],
            [
              -77.07757900037444,
              39.004453999680834
            ],
            [
              -77.07747100041941,
              39.004017000015416
            ],
            [
              -77.07746499967332,
              39.00399299993647
            ],
            [
              -77.07746200019858,
              39.003968999849334
            ],
            [
              -77.07721899962603,
              39.00260199994673
            ],
            [
              -77.07707399986107,
              39.00167200025372
            ],
            [
              -77.07693900014185,
              39.00092699967894
            ],
            [
              -77.07684299988239,
              38.99997300026168
            ],
            [
              -77.07685299992812,
              38.9998180001727
            ],
            [
              -77.07537199962148,
              38.99961899967772
            ],
            [
              -77.07435599964526,
              38.99951100022377
            ],
            [
              -77.072654000304,
              38.99928599984281
            ],
            [
              -77.07198300010927,
              38.99917900030113
            ],
            [
              -77.07142599971733,
              38.99904600009069
            ],
            [
              -77.07099899992009,
              38.99895900028493
            ],
            [
              -77.0708459997592,
              38.99892799971041
            ],
            [
              -77.06992299966939,
              38.99880499979677
            ],
            [
              -77.06961800007086,
              38.9987750002792
            ],
            [
              -77.06866400001893,
              38.9986640003479
            ],
            [
              -77.06822899982573,
              38.99861099999221
            ],
            [
              -77.06752699966884,
              38.9985270002429
            ],
            [
              -77.06679500027307,
              38.99844700002325
            ],
            [
              -77.06593300028263,
              38.99839700010184
            ],
            [
              -77.06589499974947,
              38.998667999964766
            ],
            [
              -77.06565799992302,
              38.999617999961536
            ],
            [
              -77.06542899959416,
              39.00022100011666
            ],
            [
              -77.06505500039867,
              39.00088100030373
            ],
            [
              -77.06501000019281,
              39.00092599998123
            ],
            [
              -77.06474999990182,
              39.00138799985509
            ],
            [
              -77.06465899966521,
              39.0015020001668
            ],
            [
              -77.06455200043341,
              39.001688999821106
            ],
            [
              -77.06440699977013,
              39.001864999660185
            ],
            [
              -77.064163000271,
              39.00215899983489
            ],
            [
              -77.06393399994212,
              39.00249800025786
            ],
            [
              -77.0636360000163,
              39.00324199998299
            ],
            [
              -77.06358300031285,
              39.00341699978659
            ],
            [
              -77.06338499994614,
              39.004660999792556
            ],
            [
              -77.06328500038701,
              39.00544699979941
            ],
            [
              -77.06324000018118,
              39.0055609998532
            ],
            [
              -77.0629880002861,
              39.00629000026244
            ],
            [
              -77.06288899965358,
              39.00662600018831
            ],
            [
              -77.06284299962283,
              39.006855000114506
            ],
            [
              -77.06285000019385,
              39.00706099987196
            ],
            [
              -77.06301099985232,
              39.00806399985152
            ],
            [
              -77.06324699985386,
              39.009239000183186
            ],
            [
              -77.06324699985386,
              39.00963900009027
            ],
            [
              -77.06321699971664,
              39.009838000321686
            ],
            [
              -77.06300300035471,
              39.01060399975083
            ],
            [
              -77.06300099980658,
              39.01063899973343
            ],
            [
              -77.06375700039011,
              39.01126899994824
            ],
            [
              -77.06386399962192,
              39.011300000001164
            ],
            [
              -77.06411600041532,
              39.01147000027519
            ],
            [
              -77.06413200030885,
              39.01148100019669
            ],
            [
              -77.06417999998943,
              39.01151299970491
            ],
            [
              -77.06433800017317,
              39.01161100002818
            ],
            [
              -77.0644679998695,
              39.01163100003475
            ],
            [
              -77.06457499999964,
              39.01161100002818
            ],
            [
              -77.06501699986552,
              39.011351999676734
            ],
            [
              -77.0653829995634,
              39.011081000236686
            ],
            [
              -77.06547499962491,
              39.010982000321384
            ],
            [
              -77.06551300015805,
              39.01084799970768
            ],
            [
              -77.06565799992302,
              39.0107300001655
            ],
            [
              -77.06580299968797,
              39.01039799984139
            ],
            [
              -77.06611599968241,
              39.010032000053954
            ],
            [
              -77.06657400034014,
              39.009589999975425
            ],
            [
              -77.06686399987004,
              39.00928099999355
            ],
            [
              -77.0671919999331,
              39.00878899985245
            ],
            [
              -77.06748900003403,
              39.008426000286924
            ],
            [
              -77.06788599969406,
              39.00784299994182
            ],
            [
              -77.06800000039519,
              39.007704999859676
            ],
            [
              -77.06816799972637,
              39.007548999655036
            ],
            [
              -77.0685719999574,
              39.00728200013071
            ],
            [
              -77.06880100028627,
              39.007182999784334
            ],
            [
              -77.06901499964819,
              39.007148000185715
            ],
            [
              -77.06954899957559,
              39.0071289999177
            ],
            [
              -77.06976299983583,
              39.00714399965211
            ],
            [
              -77.070198000029,
              39.00714399965211
            ],
            [
              -77.07067800042803,
              39.007209000093184
            ],
            [
              -77.07124999999024,
              39.00732399970698
            ],
            [
              -77.07157100038062,
              39.00741099969732
            ],
            [
              -77.07176899984903,
              39.007415000215836
            ],
            [
              -77.07189100004774,
              39.00743800022619
            ],
            [
              -77.07225000007294,
              39.00758300014955
            ],
            [
              -77.07279200039626,
              39.00794200006258
            ],
            [
              -77.07322599986621,
              39.00815500010638
            ],
            [
              -77.07344000012645,
              39.00822400009119
            ],
            [
              -77.07364599999077,
              39.0083379998579
            ],
            [
              -77.07392800002309,
              39.008426000286924
            ],
            [
              -77.0741880003141,
              39.0084409997463
            ],
            [
              -77.07472899991416,
              39.00870799978204
            ],
            [
              -77.0750190003424,
              39.00880000019092
            ],
            [
              -77.0751409996428,
              39.00880000019092
            ],
            [
              -77.07548499959938,
              39.00875399965244
            ],
            [
              -77.07573599966956,
              39.00868899993305
            ],
            [
              -77.07601100002917,
              39.008651000219785
            ],
            [
              -77.0765909999873,
              39.00869299968124
            ],
            [
              -77.07680500024755,
              39.008776999925445
            ],
            [
              -77.07692700044628,
              39.008968000325375
            ],
            [
              -77.0771170004171,
              39.00908200028903
            ],
            [
              -77.07730800021281,
              39.00914700034531
            ],
            [
              -77.07743000041152,
              39.009166000071204
            ],
            [
              -77.07762899970486,
              39.009169999792476
            ],
            [
              -77.07775799957628,
              39.0091510000676
            ],
            [
              -77.07794099987439,
              39.0090670002676
            ],
            [
              -77.07804800000451,
              39.00893399979851
            ],
            [
              -77.07819299976947,
              39.008837999824145
            ],
            [
              -77.07868099966609,
              39.008636000106954
            ],
            [
              -77.078689000062,
              39.008544000182745
            ],
            [
              -77.07863600035857,
              39.00846400012108
            ],
            [
              -77.07823100030261,
              39.00816700013891
            ],
            [
              -77.0782239997316,
              39.00811700010622
            ],
            [
              -77.07823899980022,
              39.00800999995945
            ],
            [
              -77.07826899993746,
              39.00792300000784
            ],
            [
              -77.07832300036412,
              39.00785800022287
            ],
            [
              -77.07836900039487,
              39.00782300026023
            ],
            [
              -77.07842999959593,
              39.00780799997176
            ],
            [
              -77.07876500022999,
              39.00792300000784
            ],
            [
              -77.07894099995708,
              39.00794200006258
            ],
            [
              -77.0790549997599,
              39.007933999782985
            ],
            [
              -77.07910099979067,
              39.007865000213336
            ],
            [
              -77.07910099979067,
              39.00782000006316
            ],
            [
              -77.07903200019369,
              39.00768599974128
            ],
            [
              -77.07896400042162,
              39.00759799978767
            ],
            [
              -77.07894099995708,
              39.00751100002738
            ],
            [
              -77.07900999955405,
              39.00729300000554
            ],
            [
              -77.07909300029306,
              39.00713700028834
            ],
            [
              -77.07923700023309,
              39.00693800013635
            ]
          ]
        ]
      },
      "properties": {
        "geo_id": "240317051001",
        "name": "Block Group 1, Census Tract 7051.00",
        "geography_type": "block_group",
        "boundary_vintage": "Census 2020",
        "metrics": {
          "population": 1784.0,
          "housing_units": 620.0,
          "population_density": 3576.2
        },
        "evidence": [
          {
            "evidence_id": "census2020:240317051001:population",
            "type": "structured_data",
            "title": "2020 Census POP100 — Block Group 1, Census Tract 7051.00",
            "source": "U.S. Census Bureau TIGERweb Census 2020",
            "url": "https://tigerweb.geo.census.gov/arcgis/rest/services/TIGERweb/tigerWMS_Census2020/MapServer/8/query",
            "date": "2020-04-01",
            "retrieved_at": "2026-09-19T05:38:33.805674+00:00",
            "geo_id": "240317051001",
            "metric": "population",
            "value": 1784.0,
            "unit": "people",
            "excerpt": null,
            "page": null,
            "section": null,
            "page_label": null,
            "document_scope": null
          },
          {
            "evidence_id": "census2020:240317051001:housing_units",
            "type": "structured_data",
            "title": "2020 Census HU100 — Block Group 1, Census Tract 7051.00",
            "source": "U.S. Census Bureau TIGERweb Census 2020",
            "url": "https://tigerweb.geo.census.gov/arcgis/rest/services/TIGERweb/tigerWMS_Census2020/MapServer/8/query",
            "date": "2020-04-01",
            "retrieved_at": "2026-09-19T05:38:33.805674+00:00",
            "geo_id": "240317051001",
            "metric": "housing_units",
            "value": 620.0,
            "unit": "units",
            "excerpt": null,
            "page": null,
            "section": null,
            "page_label": null,
            "document_scope": null
          },
          {
            "evidence_id": "census2020:240317051001:population_density",
            "type": "structured_data",
            "title": "2020 Census Derived Density — Block Group 1, Census Tract 7051.00",
            "source": "U.S. Census Bureau TIGERweb Census 2020",
            "url": "https://tigerweb.geo.census.gov/arcgis/rest/services/TIGERweb/tigerWMS_Census2020/MapServer/8/query",
            "date": "2020-04-01",
            "retrieved_at": "2026-09-19T05:38:33.805674+00:00",
            "geo_id": "240317051001",
            "metric": "population_density",
            "value": 3576.2,
            "unit": "people per sq mi",
            "excerpt": null,
            "page": null,
            "section": null,
            "page_label": null,
            "document_scope": null
          }
        ]
      }
    },
    {
      "type": "Feature",
      "id": "240317018001",
      "geometry": {
        "type": "Polygon",
        "coordinates": [
          [
            [
              -77.01232300029545,
              38.98812899996221
            ],
            [
              -77.01216199973867,
              38.98806699978445
            ],
            [
              -77.01089399986735,
              38.98701699990127
            ],
            [
              -77.01066299988867,
              38.98680600025315
            ],
            [
              -77.00994900003624,
              38.98609400001526
            ],
            [
              -77.00988000043925,
              38.986071000048966
            ],
            [
              -77.008644000355,
              38.98605699994444
            ],
            [
              -77.00818599969728,
              38.986048999983204
            ],
            [
              -77.00809399963578,
              38.986030000333486
            ],
            [
              -77.00806400039686,
              38.98597299995724
            ],
            [
              -77.00770500037166,
              38.98569800000836
            ],
            [
              -77.00755999970838,
              38.98550700032931
            ],
            [
              -77.00746900037011,
              38.985332000222165
            ],
            [
              -77.00720200040642,
              38.98456500026358
            ],
            [
              -77.00714100030704,
              38.9844629997623
            ],
            [
              -77.00672100018248,
              38.98375999986156
            ],
            [
              -77.00651500031815,
              38.98345100018974
            ],
            [
              -77.00675200014462,
              38.98331000017613
            ],
            [
              -77.00732399970684,
              38.98275700030454
            ],
            [
              -77.00745299957826,
              38.982657999859015
            ],
            [
              -77.00733100027784,
              38.98250100033577
            ],
            [
              -77.00669799971794,
              38.9818030003445
            ],
            [
              -77.0065610003489,
              38.981678000056775
            ],
            [
              -77.00589699982687,
              38.98098700018771
            ],
            [
              -77.00476799987273,
              38.97980799996403
            ],
            [
              -77.00471000014642,
              38.979737000206946
            ],
            [
              -77.00409800040123,
              38.98047299981909
            ],
            [
              -77.00407300028687,
              38.98050300011166
            ],
            [
              -77.00397200000452,
              38.98064100017621
            ],
            [
              -77.00380999962282,
              38.980820999916915
            ],
            [
              -77.00317000028855,
              38.98158699996539
            ],
            [
              -77.00304600043998,
              38.9817079998387
            ],
            [
              -77.00292699971598,
              38.98179199999843
            ],
            [
              -77.00274299959297,
              38.98188699969326
            ],
            [
              -77.00236600002442,
              38.98202099999433
            ],
            [
              -77.00197900041012,
              38.98213600004524
            ],
            [
              -77.00161500036207,
              38.9822260001673
            ],
            [
              -77.0011259997422,
              38.98244399991123
            ],
            [
              -77.00089800013656,
              38.982642999821785
            ],
            [
              -77.00072999990708,
              38.9828320003383
            ],
            [
              -77.0005979996626,
              38.983014999947514
            ],
            [
              -77.00052999989055,
              38.98311499984317
            ],
            [
              -77.00039099997336,
              38.98332100028635
            ],
            [
              -77.00034499994261,
              38.98338700021343
            ],
            [
              -77.00036800040715,
              38.98339800031169
            ],
            [
              -77.00085399975563,
              38.98363800006189
            ],
            [
              -77.00102899965782,
              38.98379499985686
            ],
            [
              -77.00112900011524,
              38.983805999891665
            ],
            [
              -77.00140299975165,
              38.98394000005206
            ],
            [
              -77.00196799964114,
              38.9840620000296
            ],
            [
              -77.0022809996356,
              38.98418000005969
            ],
            [
              -77.0024560004361,
              38.984278999773416
            ],
            [
              -77.00252500003307,
              38.984355000221505
            ],
            [
              -77.00262399976728,
              38.98456500026358
            ],
            [
              -77.00266999979804,
              38.98471799969252
            ],
            [
              -77.00277699992814,
              38.98491199987582
            ],
            [
              -77.00286099959375,
              38.985214000017464
            ],
            [
              -77.00302100032563,
              38.98535100005922
            ],
            [
              -77.00335600006137,
              38.985510999991554
            ],
            [
              -77.00342499965835,
              38.985607000196275
            ],
            [
              -77.00350099982633,
              38.98589699984968
            ],
            [
              -77.00353199978846,
              38.98594199997835
            ],
            [
              -77.00365399998722,
              38.98599599995532
            ],
            [
              -77.00384499978293,
              38.98600300001396
            ],
            [
              -77.0039900004462,
              38.98609100029331
            ],
            [
              -77.00421100037913,
              38.986106000298264
            ],
            [
              -77.00439399977891,
              38.98617500014049
            ],
            [
              -77.00451599997766,
              38.98625899988801
            ],
            [
              -77.00471400034438,
              38.98647300017421
            ],
            [
              -77.00485200043663,
              38.98667500032722
            ],
            [
              -77.00489000007147,
              38.98675499988969
            ],
            [
              -77.00492000020868,
              38.98693400025036
            ],
            [
              -77.00489000007147,
              38.98712500026871
            ],
            [
              -77.00508500006515,
              38.98713699967867
            ],
            [
              -77.00542399999884,
              38.9871479998925
            ],
            [
              -77.00620200032371,
              38.98741499998755
            ],
            [
              -77.00917800028238,
              38.98734599995751
            ],
            [
              -77.01014599967972,
              38.98796500013969
            ],
            [
              -77.01079000011028,
              38.98825400003158
            ],
            [
              -77.01125399971747,
              38.98867199966018
            ],
            [
              -77.01158000013069,
              38.98893400025686
            ],
            [
              -77.0116439997048,
              38.98908000026457
            ],
            [
              -77.01172599972057,
              38.988987000179684
            ],
            [
              -77.01232300029545,
              38.98812899996221
            ]
          ]
        ]
      },
      "properties": {
        "geo_id": "240317018001",
        "name": "Block Group 1, Census Tract 7018.00",
        "geography_type": "block_group",
        "boundary_vintage": "Census 2020",
        "metrics": {
          "population": 1720.0,
          "housing_units": 841.0,
          "population_density": 13180.5
        },
        "evidence": [
          {
            "evidence_id": "census2020:240317018001:population",
            "type": "structured_data",
            "title": "2020 Census POP100 — Block Group 1, Census Tract 7018.00",
            "source": "U.S. Census Bureau TIGERweb Census 2020",
            "url": "https://tigerweb.geo.census.gov/arcgis/rest/services/TIGERweb/tigerWMS_Census2020/MapServer/8/query",
            "date": "2020-04-01",
            "retrieved_at": "2026-09-19T05:38:33.805674+00:00",
            "geo_id": "240317018001",
            "metric": "population",
            "value": 1720.0,
            "unit": "people",
            "excerpt": null,
            "page": null,
            "section": null,
            "page_label": null,
            "document_scope": null
          },
          {
            "evidence_id": "census2020:240317018001:housing_units",
            "type": "structured_data",
            "title": "2020 Census HU100 — Block Group 1, Census Tract 7018.00",
            "source": "U.S. Census Bureau TIGERweb Census 2020",
            "url": "https://tigerweb.geo.census.gov/arcgis/rest/services/TIGERweb/tigerWMS_Census2020/MapServer/8/query",
            "date": "2020-04-01",
            "retrieved_at": "2026-09-19T05:38:33.805674+00:00",
            "geo_id": "240317018001",
            "metric": "housing_units",
            "value": 841.0,
            "unit": "units",
            "excerpt": null,
            "page": null,
            "section": null,
            "page_label": null,
            "document_scope": null
          },
          {
            "evidence_id": "census2020:240317018001:population_density",
            "type": "structured_data",
            "title": "2020 Census Derived Density — Block Group 1, Census Tract 7018.00",
            "source": "U.S. Census Bureau TIGERweb Census 2020",
            "url": "https://tigerweb.geo.census.gov/arcgis/rest/services/TIGERweb/tigerWMS_Census2020/MapServer/8/query",
            "date": "2020-04-01",
            "retrieved_at": "2026-09-19T05:38:33.805674+00:00",
            "geo_id": "240317018001",
            "metric": "population_density",
            "value": 13180.5,
            "unit": "people per sq mi",
            "excerpt": null,
            "page": null,
            "section": null,
            "page_label": null,
            "document_scope": null
          }
        ]
      }
    },
    {
      "type": "Feature",
      "id": "240317019001",
      "geometry": {
        "type": "Polygon",
        "coordinates": [
          [
            [
              -77.00353400033661,
              38.998260000178036
            ],
            [
              -77.00364499976638,
              38.99822499965554
            ],
            [
              -77.00347900008502,
              38.997645000345244
            ],
            [
              -77.0032160003193,
              38.996560000179265
            ],
            [
              -77.00316299971753,
              38.9964329998971
            ],
            [
              -77.00305700031063,
              38.996132999677904
            ],
            [
              -77.00236100000154,
              38.99451900024131
            ],
            [
              -77.00229200040458,
              38.99430899970798
            ],
            [
              -77.00225300004652,
              38.9939930000384
            ],
            [
              -77.00214199971843,
              38.99396999984609
            ],
            [
              -77.00122799984945,
              38.99395299982055
            ],
            [
              -77.00125100031399,
              38.994503000136184
            ],
            [
              -77.00128899994881,
              38.994644000196445
            ],
            [
              -77.00139600007894,
              38.994917999817126
            ],
            [
              -77.00161700001188,
              38.99542900000589
            ],
            [
              -77.00174699970822,
              38.99578800015741
            ],
            [
              -77.00176199977685,
              38.99586799989247
            ],
            [
              -77.0008160001208,
              38.99596400001367
            ],
            [
              -77.00004500036695,
              38.99603200025346
            ],
            [
              -76.99986200006884,
              38.9957159998996
            ],
            [
              -76.99978599990087,
              38.99564299979618
            ],
            [
              -76.99963299973999,
              38.995559000014396
            ],
            [
              -76.99938199966982,
              38.995456000220614
            ],
            [
              -76.99912200027715,
              38.99578800015741
            ],
            [
              -76.99903100004053,
              38.99592899975184
            ],
            [
              -76.99880199971167,
              38.9964290001539
            ],
            [
              -76.9987029999775,
              38.99671499972551
            ],
            [
              -76.99868000041127,
              38.99684099974601
            ],
            [
              -76.9982600002867,
              38.99679100008611
            ],
            [
              -76.99806399956981,
              38.996754000021795
            ],
            [
              -76.99805400042237,
              38.99682899988676
            ],
            [
              -76.99797800025439,
              38.997058000108815
            ],
            [
              -76.99796999985847,
              38.997176999867584
            ],
            [
              -76.99800800039162,
              38.99733700029553
            ],
            [
              -76.99803099995785,
              38.99758500031377
            ],
            [
              -76.99810700012583,
              38.99785200013309
            ],
            [
              -76.99806899959268,
              38.998035000007874
            ],
            [
              -76.99809999955481,
              38.99810700000051
            ],
            [
              -76.99821400025596,
              38.998244999956206
            ],
            [
              -76.99821400025596,
              38.998279000035495
            ],
            [
              -76.99811499962343,
              38.99847000015675
            ],
            [
              -76.99812300001935,
              38.99857999996337
            ],
            [
              -76.99822900032457,
              38.998863000038135
            ],
            [
              -76.99876400007686,
              38.9987409997401
            ],
            [
              -76.9998160000381,
              38.998558000294956
            ],
            [
              -77.00054900015712,
              38.99846599983054
            ],
            [
              -77.00105200012236,
              38.99842399988227
            ],
            [
              -77.00111599969647,
              38.99841899982026
            ],
            [
              -77.00231900016875,
              38.9983440002443
            ],
            [
              -77.00332799957397,
              38.99829200008207
            ],
            [
              -77.00353400033661,
              38.998260000178036
            ]
          ]
        ]
      },
      "properties": {
        "geo_id": "240317019001",
        "name": "Block Group 1, Census Tract 7019.00",
        "geography_type": "block_group",
        "boundary_vintage": "Census 2020",
        "metrics": {
          "population": 1818.0,
          "housing_units": 589.0,
          "population_density": 32014.7
        },
        "evidence": [
          {
            "evidence_id": "census2020:240317019001:population",
            "type": "structured_data",
            "title": "2020 Census POP100 — Block Group 1, Census Tract 7019.00",
            "source": "U.S. Census Bureau TIGERweb Census 2020",
            "url": "https://tigerweb.geo.census.gov/arcgis/rest/services/TIGERweb/tigerWMS_Census2020/MapServer/8/query",
            "date": "2020-04-01",
            "retrieved_at": "2026-09-19T05:38:33.805674+00:00",
            "geo_id": "240317019001",
            "metric": "population",
            "value": 1818.0,
            "unit": "people",
            "excerpt": null,
            "page": null,
            "section": null,
            "page_label": null,
            "document_scope": null
          },
          {
            "evidence_id": "census2020:240317019001:housing_units",
            "type": "structured_data",
            "title": "2020 Census HU100 — Block Group 1, Census Tract 7019.00",
            "source": "U.S. Census Bureau TIGERweb Census 2020",
            "url": "https://tigerweb.geo.census.gov/arcgis/rest/services/TIGERweb/tigerWMS_Census2020/MapServer/8/query",
            "date": "2020-04-01",
            "retrieved_at": "2026-09-19T05:38:33.805674+00:00",
            "geo_id": "240317019001",
            "metric": "housing_units",
            "value": 589.0,
            "unit": "units",
            "excerpt": null,
            "page": null,
            "section": null,
            "page_label": null,
            "document_scope": null
          },
          {
            "evidence_id": "census2020:240317019001:population_density",
            "type": "structured_data",
            "title": "2020 Census Derived Density — Block Group 1, Census Tract 7019.00",
            "source": "U.S. Census Bureau TIGERweb Census 2020",
            "url": "https://tigerweb.geo.census.gov/arcgis/rest/services/TIGERweb/tigerWMS_Census2020/MapServer/8/query",
            "date": "2020-04-01",
            "retrieved_at": "2026-09-19T05:38:33.805674+00:00",
            "geo_id": "240317019001",
            "metric": "population_density",
            "value": 32014.7,
            "unit": "people per sq mi",
            "excerpt": null,
            "page": null,
            "section": null,
            "page_label": null,
            "document_scope": null
          }
        ]
      }
    },
    {
      "type": "Feature",
      "id": "240317025031",
      "geometry": {
        "type": "Polygon",
        "coordinates": [
          [
            [
              -77.03336000004555,
              38.995574999880766
            ],
            [
              -77.03362199998638,
              38.995460000018866
            ],
            [
              -77.03291599963154,
              38.99492200034392
            ],
            [
              -77.03167500042272,
              38.99394500005353
            ],
            [
              -77.03156699956938,
              38.99399600012366
            ],
            [
              -77.0314479997437,
              38.99406800003688
            ],
            [
              -77.03139699969007,
              38.99409599986697
            ],
            [
              -77.03021199965944,
              38.994788999811895
            ],
            [
              -77.02976899996865,
              38.99505599970852
            ],
            [
              -77.02938800020213,
              38.995291999921086
            ],
            [
              -77.02917399994189,
              38.99542200018126
            ],
            [
              -77.02872399968011,
              38.995681000213295
            ],
            [
              -77.02825000002719,
              38.99597300001835
            ],
            [
              -77.02815600031585,
              38.996089000209
            ],
            [
              -77.02854999960283,
              38.996467999909655
            ],
            [
              -77.02922400017061,
              38.99707800004117
            ],
            [
              -77.0297449996792,
              38.99754899971196
            ],
            [
              -77.02984000011375,
              38.99745499983837
            ],
            [
              -77.03052499965388,
              38.996779999974684
            ],
            [
              -77.0308219997548,
              38.99655100024924
            ],
            [
              -77.03097499991568,
              38.99645599998714
            ],
            [
              -77.03124199987937,
              38.996336999714025
            ],
            [
              -77.03195900010486,
              38.99608199975148
            ],
            [
              -77.03205799983907,
              38.9960360000191
            ],
            [
              -77.03313400008975,
              38.99567399971541
            ],
            [
              -77.03330999981684,
              38.995596999778435
            ],
            [
              -77.03336000004555,
              38.995574999880766
            ]
          ]
        ]
      },
      "properties": {
        "geo_id": "240317025031",
        "name": "Block Group 1, Census Tract 7025.03",
        "geography_type": "block_group",
        "boundary_vintage": "Census 2020",
        "metrics": {
          "population": 885.0,
          "housing_units": 549.0,
          "population_density": 27989.4
        },
        "evidence": [
          {
            "evidence_id": "census2020:240317025031:population",
            "type": "structured_data",
            "title": "2020 Census POP100 — Block Group 1, Census Tract 7025.03",
            "source": "U.S. Census Bureau TIGERweb Census 2020",
            "url": "https://tigerweb.geo.census.gov/arcgis/rest/services/TIGERweb/tigerWMS_Census2020/MapServer/8/query",
            "date": "2020-04-01",
            "retrieved_at": "2026-09-19T05:38:33.805674+00:00",
            "geo_id": "240317025031",
            "metric": "population",
            "value": 885.0,
            "unit": "people",
            "excerpt": null,
            "page": null,
            "section": null,
            "page_label": null,
            "document_scope": null
          },
          {
            "evidence_id": "census2020:240317025031:housing_units",
            "type": "structured_data",
            "title": "2020 Census HU100 — Block Group 1, Census Tract 7025.03",
            "source": "U.S. Census Bureau TIGERweb Census 2020",
            "url": "https://tigerweb.geo.census.gov/arcgis/rest/services/TIGERweb/tigerWMS_Census2020/MapServer/8/query",
            "date": "2020-04-01",
            "retrieved_at": "2026-09-19T05:38:33.805674+00:00",
            "geo_id": "240317025031",
            "metric": "housing_units",
            "value": 549.0,
            "unit": "units",
            "excerpt": null,
            "page": null,
            "section": null,
            "page_label": null,
            "document_scope": null
          },
          {
            "evidence_id": "census2020:240317025031:population_density",
            "type": "structured_data",
            "title": "2020 Census Derived Density — Block Group 1, Census Tract 7025.03",
            "source": "U.S. Census Bureau TIGERweb Census 2020",
            "url": "https://tigerweb.geo.census.gov/arcgis/rest/services/TIGERweb/tigerWMS_Census2020/MapServer/8/query",
            "date": "2020-04-01",
            "retrieved_at": "2026-09-19T05:38:33.805674+00:00",
            "geo_id": "240317025031",
            "metric": "population_density",
            "value": 27989.4,
            "unit": "people per sq mi",
            "excerpt": null,
            "page": null,
            "section": null,
            "page_label": null,
            "document_scope": null
          }
        ]
      }
    },
    {
      "type": "Feature",
      "id": "240317029001",
      "geometry": {
        "type": "Polygon",
        "coordinates": [
          [
            [
              -77.04025199977114,
              39.008636000106954
            ],
            [
              -77.03994700017263,
              39.00793800027192
            ],
            [
              -77.03987100000465,
              39.0077620001842
            ],
            [
              -77.03980999990527,
              39.0076099999147
            ],
            [
              -77.039523999675,
              39.00721400023205
            ],
            [
              -77.03914600028155,
              39.006580999947985
            ],
            [
              -77.03889000018852,
              39.00620900012257
            ],
            [
              -77.03828000009314,
              39.00551899992824
            ],
            [
              -77.03787900023515,
              39.00514100017944
            ],
            [
              -77.03779700021938,
              39.005075999932345
            ],
            [
              -77.03692199981015,
              39.004250999660805
            ],
            [
              -77.03689300039613,
              39.00422499966087
            ],
            [
              -77.03588599974242,
              39.00327799978247
            ],
            [
              -77.03575799969592,
              39.003341000260136
            ],
            [
              -77.03530099976142,
              39.00358199976342
            ],
            [
              -77.03419400044692,
              39.00413799994061
            ],
            [
              -77.03373699961412,
              39.00435199991895
            ],
            [
              -77.03314199958736,
              39.004573000264216
            ],
            [
              -77.03269100039897,
              39.00468799997497
            ],
            [
              -77.03214200040297,
              39.00477600005834
            ],
            [
              -77.03157800033836,
              39.004815000099896
            ],
            [
              -77.03017300019968,
              39.00478799996601
            ],
            [
              -77.02919200038356,
              39.00474899990951
            ],
            [
              -77.02870500031185,
              39.00476800011871
            ],
            [
              -77.02854399975506,
              39.00477899968637
            ],
            [
              -77.02844099982289,
              39.00477000010368
            ],
            [
              -77.02831899962415,
              39.004740999966884
            ],
            [
              -77.02656500040435,
              39.00416100031841
            ],
            [
              -77.02616700002109,
              39.00399299993647
            ],
            [
              -77.02582100041468,
              39.00381000011354
            ],
            [
              -77.02560999962917,
              39.003653000037
            ],
            [
              -77.02485099957089,
              39.002834999715
            ],
            [
              -77.02460299987376,
              39.00259500013355
            ],
            [
              -77.02445200026104,
              39.00288099991406
            ],
            [
              -77.02379199993696,
              39.00403199971166
            ],
            [
              -77.02353099982105,
              39.0044860002739
            ],
            [
              -77.02287999971779,
              39.0052490001143
            ],
            [
              -77.02371900014201,
              39.00562599965471
            ],
            [
              -77.02500100025702,
              39.00616400031509
            ],
            [
              -77.02630599993824,
              39.00672899977741
            ],
            [
              -77.02703800023237,
              39.00704899965179
            ],
            [
              -77.02906699981176,
              39.007933999782985
            ],
            [
              -77.02954100036303,
              39.00813600010885
            ],
            [
              -77.03003599993235,
              39.00829600018565
            ],
            [
              -77.03017400002462,
              39.0083379998579
            ],
            [
              -77.03034899992679,
              39.00836500003291
            ],
            [
              -77.03060900021778,
              39.008392000197624
            ],
            [
              -77.03086000028794,
              39.00839599996261
            ],
            [
              -77.03126500034391,
              39.00835800009193
            ],
            [
              -77.03148600027684,
              39.00831199996399
            ],
            [
              -77.03160599992744,
              39.00828299988315
            ],
            [
              -77.03280600002668,
              39.007994999710625
            ],
            [
              -77.03320299968672,
              39.00789199987084
            ],
            [
              -77.03349300011494,
              39.00782000006316
            ],
            [
              -77.0340189996464,
              39.007716999968544
            ],
            [
              -77.03433199964086,
              39.007758999984596
            ],
            [
              -77.03498799976697,
              39.007884000283646
            ],
            [
              -77.03696399964294,
              39.008327000145584
            ],
            [
              -77.0370940002376,
              39.00835400032479
            ],
            [
              -77.03742200030065,
              39.008467999881994
            ],
            [
              -77.03768900026435,
              39.00870900006783
            ],
            [
              -77.03782900000643,
              39.008829000059805
            ],
            [
              -77.03793399958842,
              39.008898000085175
            ],
            [
              -77.03806400018307,
              39.00895899987953
            ],
            [
              -77.03821599962073,
              39.00901200016165
            ],
            [
              -77.03842200038336,
              39.00903900007938
            ],
            [
              -77.0385589997524,
              39.00903599993394
            ],
            [
              -77.03886400024925,
              39.00897799965598
            ],
            [
              -77.03961900010957,
              39.00878899985245
            ],
            [
              -77.04025199977114,
              39.008636000106954
            ]
          ]
        ]
      },
      "properties": {
        "geo_id": "240317029001",
        "name": "Block Group 1, Census Tract 7029.00",
        "geography_type": "block_group",
        "boundary_vintage": "Census 2020",
        "metrics": {
          "population": 879.0,
          "housing_units": 303.0,
          "population_density": 4390.6
        },
        "evidence": [
          {
            "evidence_id": "census2020:240317029001:population",
            "type": "structured_data",
            "title": "2020 Census POP100 — Block Group 1, Census Tract 7029.00",
            "source": "U.S. Census Bureau TIGERweb Census 2020",
            "url": "https://tigerweb.geo.census.gov/arcgis/rest/services/TIGERweb/tigerWMS_Census2020/MapServer/8/query",
            "date": "2020-04-01",
            "retrieved_at": "2026-09-19T05:38:33.805674+00:00",
            "geo_id": "240317029001",
            "metric": "population",
            "value": 879.0,
            "unit": "people",
            "excerpt": null,
            "page": null,
            "section": null,
            "page_label": null,
            "document_scope": null
          },
          {
            "evidence_id": "census2020:240317029001:housing_units",
            "type": "structured_data",
            "title": "2020 Census HU100 — Block Group 1, Census Tract 7029.00",
            "source": "U.S. Census Bureau TIGERweb Census 2020",
            "url": "https://tigerweb.geo.census.gov/arcgis/rest/services/TIGERweb/tigerWMS_Census2020/MapServer/8/query",
            "date": "2020-04-01",
            "retrieved_at": "2026-09-19T05:38:33.805674+00:00",
            "geo_id": "240317029001",
            "metric": "housing_units",
            "value": 303.0,
            "unit": "units",
            "excerpt": null,
            "page": null,
            "section": null,
            "page_label": null,
            "document_scope": null
          },
          {
            "evidence_id": "census2020:240317029001:population_density",
            "type": "structured_data",
            "title": "2020 Census Derived Density — Block Group 1, Census Tract 7029.00",
            "source": "U.S. Census Bureau TIGERweb Census 2020",
            "url": "https://tigerweb.geo.census.gov/arcgis/rest/services/TIGERweb/tigerWMS_Census2020/MapServer/8/query",
            "date": "2020-04-01",
            "retrieved_at": "2026-09-19T05:38:33.805674+00:00",
            "geo_id": "240317029001",
            "metric": "population_density",
            "value": 4390.6,
            "unit": "people per sq mi",
            "excerpt": null,
            "page": null,
            "section": null,
            "page_label": null,
            "document_scope": null
          }
        ]
      }
    },
    {
      "type": "Feature",
      "id": "240317029004",
      "geometry": {
        "type": "Polygon",
        "coordinates": [
          [
            [
              -77.02579299992728,
              39.00008099970858
            ],
            [
              -77.02618399973953,
              38.99900000019066
            ],
            [
              -77.02577200001087,
              38.998957999861254
            ],
            [
              -77.02551199971988,
              38.99896200015965
            ],
            [
              -77.02517699998411,
              38.99899599989441
            ],
            [
              -77.02489400012689,
              38.99902699974104
            ],
            [
              -77.02463499966082,
              38.99902300014441
            ],
            [
              -77.02438299976573,
              38.99898500012576
            ],
            [
              -77.02429099970425,
              38.998957999861254
            ],
            [
              -77.02401700006784,
              38.9988210003255
            ],
            [
              -77.02304799994728,
              38.998077000187
            ],
            [
              -77.02187299996238,
              38.99716500006525
            ],
            [
              -77.02105700000271,
              38.997806000154995
            ],
            [
              -77.02084299974246,
              38.99803899966031
            ],
            [
              -77.0204159999452,
              38.998558000294956
            ],
            [
              -77.02019500001227,
              38.998706000153675
            ],
            [
              -77.01978999995632,
              38.998873999825754
            ],
            [
              -77.01898099966932,
              38.999041999797036
            ],
            [
              -77.01811899967886,
              38.99922500008479
            ],
            [
              -77.01768400038401,
              38.99928599984281
            ],
            [
              -77.01746299955275,
              38.99930099984396
            ],
            [
              -77.01748600001727,
              38.9997969999048
            ],
            [
              -77.01754700011665,
              39.00016699982253
            ],
            [
              -77.01763900017815,
              39.00051099993107
            ],
            [
              -77.01776800004959,
              39.00080099995316
            ],
            [
              -77.01781400008034,
              39.00094900000699
            ],
            [
              -77.01784500004248,
              39.00104100003539
            ],
            [
              -77.01801999994467,
              39.00127699983434
            ],
            [
              -77.01821099974038,
              39.00150999977764
            ],
            [
              -77.0183250004415,
              39.001605000235415
            ],
            [
              -77.01856200026796,
              39.001777000144436
            ],
            [
              -77.01891299989725,
              39.00197200002667
            ],
            [
              -77.0190500001646,
              39.002033000208804
            ],
            [
              -77.01926400042485,
              39.00214300006101
            ],
            [
              -77.01947699996185,
              39.00227699971337
            ],
            [
              -77.01991999965266,
              39.002608999759204
            ],
            [
              -77.01996599968341,
              39.00271200031047
            ],
            [
              -77.02084299974246,
              39.00360799999968
            ],
            [
              -77.02124699997351,
              39.00291000011529
            ],
            [
              -77.02187299996238,
              39.00324600003918
            ],
            [
              -77.02292599974854,
              39.0037610001493
            ],
            [
              -77.02379199993696,
              39.00403199971166
            ],
            [
              -77.02445200026104,
              39.00288099991406
            ],
            [
              -77.02460299987376,
              39.00259500013355
            ],
            [
              -77.0248720003856,
              39.0021519999779
            ],
            [
              -77.02494000015766,
              39.002044999883694
            ],
            [
              -77.02505899998336,
              39.001808999854106
            ],
            [
              -77.02548199958265,
              39.000921000096035
            ],
            [
              -77.02579299992728,
              39.00008099970858
            ]
          ]
        ]
      },
      "properties": {
        "geo_id": "240317029004",
        "name": "Block Group 4, Census Tract 7029.00",
        "geography_type": "block_group",
        "boundary_vintage": "Census 2020",
        "metrics": {
          "population": 1359.0,
          "housing_units": 731.0,
          "population_density": 10697.8
        },
        "evidence": [
          {
            "evidence_id": "census2020:240317029004:population",
            "type": "structured_data",
            "title": "2020 Census POP100 — Block Group 4, Census Tract 7029.00",
            "source": "U.S. Census Bureau TIGERweb Census 2020",
            "url": "https://tigerweb.geo.census.gov/arcgis/rest/services/TIGERweb/tigerWMS_Census2020/MapServer/8/query",
            "date": "2020-04-01",
            "retrieved_at": "2026-09-19T05:38:33.805674+00:00",
            "geo_id": "240317029004",
            "metric": "population",
            "value": 1359.0,
            "unit": "people",
            "excerpt": null,
            "page": null,
            "section": null,
            "page_label": null,
            "document_scope": null
          },
          {
            "evidence_id": "census2020:240317029004:housing_units",
            "type": "structured_data",
            "title": "2020 Census HU100 — Block Group 4, Census Tract 7029.00",
            "source": "U.S. Census Bureau TIGERweb Census 2020",
            "url": "https://tigerweb.geo.census.gov/arcgis/rest/services/TIGERweb/tigerWMS_Census2020/MapServer/8/query",
            "date": "2020-04-01",
            "retrieved_at": "2026-09-19T05:38:33.805674+00:00",
            "geo_id": "240317029004",
            "metric": "housing_units",
            "value": 731.0,
            "unit": "units",
            "excerpt": null,
            "page": null,
            "section": null,
            "page_label": null,
            "document_scope": null
          },
          {
            "evidence_id": "census2020:240317029004:population_density",
            "type": "structured_data",
            "title": "2020 Census Derived Density — Block Group 4, Census Tract 7029.00",
            "source": "U.S. Census Bureau TIGERweb Census 2020",
            "url": "https://tigerweb.geo.census.gov/arcgis/rest/services/TIGERweb/tigerWMS_Census2020/MapServer/8/query",
            "date": "2020-04-01",
            "retrieved_at": "2026-09-19T05:38:33.805674+00:00",
            "geo_id": "240317029004",
            "metric": "population_density",
            "value": 10697.8,
            "unit": "people per sq mi",
            "excerpt": null,
            "page": null,
            "section": null,
            "page_label": null,
            "document_scope": null
          }
        ]
      }
    },
    {
      "type": "Feature",
      "id": "240317029005",
      "geometry": {
        "type": "Polygon",
        "coordinates": [
          [
            [
              -77.02353099982105,
              39.0044860002739
            ],
            [
              -77.02379199993696,
              39.00403199971166
            ],
            [
              -77.02292599974854,
              39.0037610001493
            ],
            [
              -77.02187299996238,
              39.00324600003918
            ],
            [
              -77.02124699997351,
              39.00291000011529
            ],
            [
              -77.02084299974246,
              39.00360799999968
            ],
            [
              -77.01996599968341,
              39.00271200031047
            ],
            [
              -77.01991999965266,
              39.002608999759204
            ],
            [
              -77.01947699996185,
              39.00227699971337
            ],
            [
              -77.01926400042485,
              39.00214300006101
            ],
            [
              -77.0190500001646,
              39.002033000208804
            ],
            [
              -77.01891299989725,
              39.00197200002667
            ],
            [
              -77.01856200026796,
              39.001777000144436
            ],
            [
              -77.0183250004415,
              39.001605000235415
            ],
            [
              -77.01821099974038,
              39.00150999977764
            ],
            [
              -77.01801999994467,
              39.00127699983434
            ],
            [
              -77.01784500004248,
              39.00104100003539
            ],
            [
              -77.01781400008034,
              39.00094900000699
            ],
            [
              -77.01776800004959,
              39.00080099995316
            ],
            [
              -77.01763900017815,
              39.00051099993107
            ],
            [
              -77.01754700011665,
              39.00016699982253
            ],
            [
              -77.01748600001727,
              38.9997969999048
            ],
            [
              -77.01746299955275,
              38.99930099984396
            ],
            [
              -77.01697499965611,
              38.999323999699875
            ],
            [
              -77.01624200043543,
              38.99933200025505
            ],
            [
              -77.01560899987552,
              38.9993589996787
            ],
            [
              -77.01537299987396,
              38.99939299992083
            ],
            [
              -77.01511299958297,
              38.99946900019764
            ],
            [
              -77.01477799984721,
              38.99963299989224
            ],
            [
              -77.0144110003244,
              38.999767000109735
            ],
            [
              -77.01409099975895,
              38.999835000185506
            ],
            [
              -77.01332800040103,
              38.99988100024082
            ],
            [
              -77.01294699973622,
              38.9998930002807
            ],
            [
              -77.0121230002789,
              39.000063999754886
            ],
            [
              -77.01190099962275,
              39.00004899991549
            ],
            [
              -77.01164200005498,
              39.00000000013886
            ],
            [
              -77.01098599992885,
              38.99975900030183
            ],
            [
              -77.01098599992885,
              38.99982800009858
            ],
            [
              -77.01087100030112,
              38.99994200013143
            ],
            [
              -77.01085600023251,
              39.00001099974972
            ],
            [
              -77.01087100030112,
              39.00012899972014
            ],
            [
              -77.0109320004005,
              39.00027399996446
            ],
            [
              -77.01103199995961,
              39.0004110001775
            ],
            [
              -77.01132400003766,
              39.00070200031035
            ],
            [
              -77.01140500022852,
              39.00078200007474
            ],
            [
              -77.0114739998255,
              39.00087299992365
            ],
            [
              -77.01158900035153,
              39.001135999726664
            ],
            [
              -77.01187100038383,
              39.00153699976641
            ],
            [
              -77.01198500018666,
              39.00164399993078
            ],
            [
              -77.01228300011248,
              39.00185000020266
            ],
            [
              -77.01290800027645,
              39.00222300029038
            ],
            [
              -77.01326700030165,
              39.00232600000739
            ],
            [
              -77.01338100010447,
              39.00241400023651
            ],
            [
              -77.01355699983156,
              39.002693000247135
            ],
            [
              -77.01365599956577,
              39.002810999933075
            ],
            [
              -77.01385399993248,
              39.00300900015898
            ],
            [
              -77.01396899956022,
              39.00308200034217
            ],
            [
              -77.0141219997211,
              39.003173000025214
            ],
            [
              -77.01449900018795,
              39.003314000261774
            ],
            [
              -77.01457199998289,
              39.003341000260136
            ],
            [
              -77.01466300021949,
              39.00345199983499
            ],
            [
              -77.01471699974785,
              39.003490000246934
            ],
            [
              -77.01519700014687,
              39.00357399968882
            ],
            [
              -77.0153960003385,
              39.00366199976179
            ],
            [
              -77.0154950000727,
              39.003726000253764
            ],
            [
              -77.01572400040156,
              39.00397800023197
            ],
            [
              -77.0162270003668,
              39.00462699998777
            ],
            [
              -77.0164259996601,
              39.00480199985578
            ],
            [
              -77.01655500042986,
              39.004943000335984
            ],
            [
              -77.01698300005204,
              39.005473999681776
            ],
            [
              -77.01710500025078,
              39.00574799994777
            ],
            [
              -77.01714299988562,
              39.00591199974705
            ],
            [
              -77.01714299988562,
              39.00607999976012
            ],
            [
              -77.0172340001222,
              39.00654600005155
            ],
            [
              -77.01728000015295,
              39.00664499989337
            ],
            [
              -77.01734899974993,
              39.00672100005869
            ],
            [
              -77.01744800038244,
              39.006777999780056
            ],
            [
              -77.01779099961581,
              39.006869999907
            ],
            [
              -77.01818800017416,
              39.00689300009456
            ],
            [
              -77.01856899994065,
              39.00687399975805
            ],
            [
              -77.01910399969296,
              39.006790000046195
            ],
            [
              -77.0192180003941,
              39.00675500025313
            ],
            [
              -77.01927100009753,
              39.006706000234594
            ],
            [
              -77.01942400025841,
              39.00665599986725
            ],
            [
              -77.01958400009198,
              39.00663700016515
            ],
            [
              -77.0196569998869,
              39.006644000276395
            ],
            [
              -77.01980500002492,
              39.00673599987961
            ],
            [
              -77.01991999965266,
              39.00680099999753
            ],
            [
              -77.02003400035377,
              39.00697299983888
            ],
            [
              -77.02026299978434,
              39.00736599995637
            ],
            [
              -77.0203670004397,
              39.007463999743244
            ],
            [
              -77.0209570004436,
              39.00710599980688
            ],
            [
              -77.02133900003501,
              39.00682800006118
            ],
            [
              -77.0219650000239,
              39.00622900026054
            ],
            [
              -77.02239199982117,
              39.00580899966637
            ],
            [
              -77.02274300034877,
              39.00540099987261
            ],
            [
              -77.02287999971779,
              39.0052490001143
            ],
            [
              -77.02353099982105,
              39.0044860002739
            ]
          ]
        ]
      },
      "properties": {
        "geo_id": "240317029005",
        "name": "Block Group 5, Census Tract 7029.00",
        "geography_type": "block_group",
        "boundary_vintage": "Census 2020",
        "metrics": {
          "population": 634.0,
          "housing_units": 255.0,
          "population_density": 3722.9
        },
        "evidence": [
          {
            "evidence_id": "census2020:240317029005:population",
            "type": "structured_data",
            "title": "2020 Census POP100 — Block Group 5, Census Tract 7029.00",
            "source": "U.S. Census Bureau TIGERweb Census 2020",
            "url": "https://tigerweb.geo.census.gov/arcgis/rest/services/TIGERweb/tigerWMS_Census2020/MapServer/8/query",
            "date": "2020-04-01",
            "retrieved_at": "2026-09-19T05:38:33.805674+00:00",
            "geo_id": "240317029005",
            "metric": "population",
            "value": 634.0,
            "unit": "people",
            "excerpt": null,
            "page": null,
            "section": null,
            "page_label": null,
            "document_scope": null
          },
          {
            "evidence_id": "census2020:240317029005:housing_units",
            "type": "structured_data",
            "title": "2020 Census HU100 — Block Group 5, Census Tract 7029.00",
            "source": "U.S. Census Bureau TIGERweb Census 2020",
            "url": "https://tigerweb.geo.census.gov/arcgis/rest/services/TIGERweb/tigerWMS_Census2020/MapServer/8/query",
            "date": "2020-04-01",
            "retrieved_at": "2026-09-19T05:38:33.805674+00:00",
            "geo_id": "240317029005",
            "metric": "housing_units",
            "value": 255.0,
            "unit": "units",
            "excerpt": null,
            "page": null,
            "section": null,
            "page_label": null,
            "document_scope": null
          },
          {
            "evidence_id": "census2020:240317029005:population_density",
            "type": "structured_data",
            "title": "2020 Census Derived Density — Block Group 5, Census Tract 7029.00",
            "source": "U.S. Census Bureau TIGERweb Census 2020",
            "url": "https://tigerweb.geo.census.gov/arcgis/rest/services/TIGERweb/tigerWMS_Census2020/MapServer/8/query",
            "date": "2020-04-01",
            "retrieved_at": "2026-09-19T05:38:33.805674+00:00",
            "geo_id": "240317029005",
            "metric": "population_density",
            "value": 3722.9,
            "unit": "people per sq mi",
            "excerpt": null,
            "page": null,
            "section": null,
            "page_label": null,
            "document_scope": null
          }
        ]
      }
    },
    {
      "type": "Feature",
      "id": "240317030001",
      "geometry": {
        "type": "Polygon",
        "coordinates": [
          [
            [
              -77.0238019999827,
              39.016884000347424
            ],
            [
              -77.02384899983835,
              39.01672100033631
            ],
            [
              -77.02270800018866,
              39.01652599993217
            ],
            [
              -77.02188399983305,
              39.01637499982964
            ],
            [
              -77.02063500022831,
              39.01615699990783
            ],
            [
              -77.01951799996975,
              39.015972999963054
            ],
            [
              -77.01936499980887,
              39.01595100011968
            ],
            [
              -77.01871999955341,
              39.015892999928816
            ],
            [
              -77.0176419996529,
              39.01581399998932
            ],
            [
              -77.01726900028231,
              39.01580800027303
            ],
            [
              -77.0167060000426,
              39.01580199985831
            ],
            [
              -77.01648299956152,
              39.01581699984731
            ],
            [
              -77.01627500004737,
              39.01583499969033
            ],
            [
              -77.01603300019805,
              39.015862999979845
            ],
            [
              -77.01453199979991,
              39.01600500023059
            ],
            [
              -77.01290400007849,
              39.016225999763655
            ],
            [
              -77.01220799976942,
              39.01632799985208
            ],
            [
              -77.01169399993351,
              39.01637499982964
            ],
            [
              -77.01109300005896,
              39.0163989998952
            ],
            [
              -77.01051200027592,
              39.01637499982964
            ],
            [
              -77.0097859998296,
              39.01630499994079
            ],
            [
              -77.00923400035887,
              39.01619700013591
            ],
            [
              -77.00868299981474,
              39.01605100024089
            ],
            [
              -77.00801099979509,
              39.015876000285
            ],
            [
              -77.00780300028094,
              39.01581699984731
            ],
            [
              -77.00756499973126,
              39.01575200033728
            ],
            [
              -77.00626599989782,
              39.01539300028149
            ],
            [
              -77.00605800038366,
              39.01533599982497
            ],
            [
              -77.00587599991047,
              39.015302000265535
            ],
            [
              -77.0053849996408,
              39.01521999978269
            ],
            [
              -77.0051460001645,
              39.015189000052054
            ],
            [
              -77.00488400022368,
              39.01516800015927
            ],
            [
              -77.0049560001937,
              39.015270999872875
            ],
            [
              -77.00503200036168,
              39.015363000120395
            ],
            [
              -77.00504599970706,
              39.01538800002283
            ],
            [
              -77.00524999992159,
              39.01566100008534
            ],
            [
              -77.00541700032616,
              39.015892999928816
            ],
            [
              -77.00557299996176,
              39.01608299977516
            ],
            [
              -77.00567000004615,
              39.01621300022084
            ],
            [
              -77.00604099976691,
              39.0167030000209
            ],
            [
              -77.00697599955228,
              39.01791699970616
            ],
            [
              -77.00720200040642,
              39.01815500004097
            ],
            [
              -77.00763400022655,
              39.01847999990805
            ],
            [
              -77.00795100041896,
              39.01866599990074
            ],
            [
              -77.00810799987947,
              39.01873000007779
            ],
            [
              -77.00878699957181,
              39.0190179998086
            ],
            [
              -77.00948500042905,
              39.01918399982332
            ],
            [
              -77.0102009999313,
              39.0193319998021
            ],
            [
              -77.01071499976719,
              39.019434000295675
            ],
            [
              -77.01085700005743,
              39.019449000212155
            ],
            [
              -77.01117300042492,
              39.01953399967872
            ],
            [
              -77.01157699975765,
              39.019671999711846
            ],
            [
              -77.01188499972922,
              39.019849999730965
            ],
            [
              -77.01265999968102,
              39.02028499973886
            ],
            [
              -77.01322600029378,
              39.01969999987788
            ],
            [
              -77.01427700043011,
              39.018578000347944
            ],
            [
              -77.01447900009647,
              39.01864400019732
            ],
            [
              -77.01541100040711,
              39.0189470003014
            ],
            [
              -77.01634199999452,
              39.01925200007842
            ],
            [
              -77.01726500008435,
              39.01956900012736
            ],
            [
              -77.01806599997542,
              39.019839999843754
            ],
            [
              -77.01884400030028,
              39.020095000016475
            ],
            [
              -77.0195990001606,
              39.020354999875174
            ],
            [
              -77.02040099987659,
              39.02061799982788
            ],
            [
              -77.02075900007686,
              39.020740000084125
            ],
            [
              -77.02159099993008,
              39.02101800028208
            ],
            [
              -77.02259799968549,
              39.02135000030133
            ],
            [
              -77.02267399985345,
              39.021044999803756
            ],
            [
              -77.02341399964519,
              39.018530999740854
            ],
            [
              -77.02368099960886,
              39.017634999938295
            ],
            [
              -77.02366600043857,
              39.01755900033316
            ],
            [
              -77.02366600043857,
              39.01742099966578
            ],
            [
              -77.02375000010417,
              39.01708200026661
            ],
            [
              -77.0238019999827,
              39.016884000347424
            ]
          ]
        ]
      },
      "properties": {
        "geo_id": "240317030001",
        "name": "Block Group 1, Census Tract 7030.00",
        "geography_type": "block_group",
        "boundary_vintage": "Census 2020",
        "metrics": {
          "population": 817.0,
          "housing_units": 306.0,
          "population_density": 3597.1
        },
        "evidence": [
          {
            "evidence_id": "census2020:240317030001:population",
            "type": "structured_data",
            "title": "2020 Census POP100 — Block Group 1, Census Tract 7030.00",
            "source": "U.S. Census Bureau TIGERweb Census 2020",
            "url": "https://tigerweb.geo.census.gov/arcgis/rest/services/TIGERweb/tigerWMS_Census2020/MapServer/8/query",
            "date": "2020-04-01",
            "retrieved_at": "2026-09-19T05:38:33.805674+00:00",
            "geo_id": "240317030001",
            "metric": "population",
            "value": 817.0,
            "unit": "people",
            "excerpt": null,
            "page": null,
            "section": null,
            "page_label": null,
            "document_scope": null
          },
          {
            "evidence_id": "census2020:240317030001:housing_units",
            "type": "structured_data",
            "title": "2020 Census HU100 — Block Group 1, Census Tract 7030.00",
            "source": "U.S. Census Bureau TIGERweb Census 2020",
            "url": "https://tigerweb.geo.census.gov/arcgis/rest/services/TIGERweb/tigerWMS_Census2020/MapServer/8/query",
            "date": "2020-04-01",
            "retrieved_at": "2026-09-19T05:38:33.805674+00:00",
            "geo_id": "240317030001",
            "metric": "housing_units",
            "value": 306.0,
            "unit": "units",
            "excerpt": null,
            "page": null,
            "section": null,
            "page_label": null,
            "document_scope": null
          },
          {
            "evidence_id": "census2020:240317030001:population_density",
            "type": "structured_data",
            "title": "2020 Census Derived Density — Block Group 1, Census Tract 7030.00",
            "source": "U.S. Census Bureau TIGERweb Census 2020",
            "url": "https://tigerweb.geo.census.gov/arcgis/rest/services/TIGERweb/tigerWMS_Census2020/MapServer/8/query",
            "date": "2020-04-01",
            "retrieved_at": "2026-09-19T05:38:33.805674+00:00",
            "geo_id": "240317030001",
            "metric": "population_density",
            "value": 3597.1,
            "unit": "people per sq mi",
            "excerpt": null,
            "page": null,
            "section": null,
            "page_label": null,
            "document_scope": null
          }
        ]
      }
    },
    {
      "type": "Feature",
      "id": "240317030002",
      "geometry": {
        "type": "Polygon",
        "coordinates": [
          [
            [
              -77.03314900015836,
              39.01824499972418
            ],
            [
              -77.03315699965597,
              39.01810000002305
            ],
            [
              -77.03304200002825,
              39.01769199993752
            ],
            [
              -77.03302000028692,
              39.01756200011706
            ],
            [
              -77.03301199989102,
              39.01693700027441
            ],
            [
              -77.03289700026328,
              39.0165899999523
            ],
            [
              -77.03285200005743,
              39.01622000008233
            ],
            [
              -77.03285899973014,
              39.01613200027725
            ],
            [
              -77.03285899973014,
              39.01595299978852
            ],
            [
              -77.03283600016393,
              39.01583800024534
            ],
            [
              -77.03279099995807,
              39.01573499996164
            ],
            [
              -77.0326379997972,
              39.01552900034016
            ],
            [
              -77.03239400029804,
              39.01534999972095
            ],
            [
              -77.03236300033592,
              39.01530399995268
            ],
            [
              -77.03232099960478,
              39.01507900024521
            ],
            [
              -77.03230899990922,
              39.01503499999541
            ],
            [
              -77.03226299987847,
              39.01486200001676
            ],
            [
              -77.03140900028394,
              39.01537700001103
            ],
            [
              -77.03080400021146,
              39.01568000015532
            ],
            [
              -77.03043099994255,
              39.015848000000624
            ],
            [
              -77.02992700015241,
              39.016046000028766
            ],
            [
              -77.02935300004204,
              39.01626099975585
            ],
            [
              -77.02852600021168,
              39.01648800024181
            ],
            [
              -77.02758700022837,
              39.01668199987975
            ],
            [
              -77.02693199992714,
              39.01676999969834
            ],
            [
              -77.02620499965592,
              39.016823999881794
            ],
            [
              -77.02526900004564,
              39.01682799986789
            ],
            [
              -77.02443499964428,
              39.01678100019143
            ],
            [
              -77.02384899983835,
              39.01672100033631
            ],
            [
              -77.0238019999827,
              39.016884000347424
            ],
            [
              -77.02375000010417,
              39.01708200026661
            ],
            [
              -77.02366600043857,
              39.01742099966578
            ],
            [
              -77.02366600043857,
              39.01755900033316
            ],
            [
              -77.02368099960886,
              39.017634999938295
            ],
            [
              -77.02341399964519,
              39.018530999740854
            ],
            [
              -77.02267399985345,
              39.021044999803756
            ],
            [
              -77.02259799968549,
              39.02135000030133
            ],
            [
              -77.02320799978085,
              39.02155300010002
            ],
            [
              -77.02347499974455,
              39.02159500027438
            ],
            [
              -77.02371199957102,
              39.0216560002838
            ],
            [
              -77.0240630000986,
              39.02174699979953
            ],
            [
              -77.02439799983436,
              39.02183500029358
            ],
            [
              -77.02500100025702,
              39.02188100000067
            ],
            [
              -77.0253369998177,
              39.02192299998017
            ],
            [
              -77.02539799991706,
              39.02194899975559
            ],
            [
              -77.02556600014655,
              39.02207099980884
            ],
            [
              -77.02580999964572,
              39.02227400032893
            ],
            [
              -77.02657299990196,
              39.02192299998017
            ],
            [
              -77.02785400019206,
              39.021326999929855
            ],
            [
              -77.02802999991916,
              39.0212239999647
            ],
            [
              -77.02813700004927,
              39.02130799998143
            ],
            [
              -77.02895300000897,
              39.021544999964256
            ],
            [
              -77.02903699967456,
              39.02159500027438
            ],
            [
              -77.02921999997264,
              39.021579000011506
            ],
            [
              -77.02966299966343,
              39.02173899968577
            ],
            [
              -77.02982300039533,
              39.021830999892856
            ],
            [
              -77.03002099986372,
              39.02185799980193
            ],
            [
              -77.03010500042762,
              39.0218919996986
            ],
            [
              -77.0301809996973,
              39.02192600027689
            ],
            [
              -77.03050899976036,
              39.02200599976661
            ],
            [
              -77.0306240002864,
              39.0218919996986
            ],
            [
              -77.0308219997548,
              39.02182299978855
            ],
            [
              -77.03087600018148,
              39.02175499991243
            ],
            [
              -77.03090600031871,
              39.021667000016734
            ],
            [
              -77.03095200034946,
              39.02161699975753
            ],
            [
              -77.0310820000458,
              39.02158700014336
            ],
            [
              -77.03121099991723,
              39.02159500027438
            ],
            [
              -77.03128799991012,
              39.02156800026487
            ],
            [
              -77.03129499958281,
              39.021502999760195
            ],
            [
              -77.03124199987937,
              39.02141500024875
            ],
            [
              -77.03122699981076,
              39.02134300024976
            ],
            [
              -77.03126500034391,
              39.02130499965853
            ],
            [
              -77.03136400007811,
              39.02130099992569
            ],
            [
              -77.03143299967508,
              39.02132400030564
            ],
            [
              -77.03149399977445,
              39.02136900023847
            ],
            [
              -77.03155499987383,
              39.02135799976124
            ],
            [
              -77.03170700020978,
              39.02119400018377
            ],
            [
              -77.0319060004014,
              39.02115600021033
            ],
            [
              -77.0320960003722,
              39.02102200003094
            ],
            [
              -77.03240900036667,
              39.0208620001299
            ],
            [
              -77.03254599973569,
              39.02082799973785
            ],
            [
              -77.03266899975934,
              39.020843000056516
            ],
            [
              -77.03275199960001,
              39.0208010001333
            ],
            [
              -77.03280600002668,
              39.020736000319374
            ],
            [
              -77.03279799963076,
              39.0206599998598
            ],
            [
              -77.03276800039185,
              39.02061799982788
            ],
            [
              -77.03266899975934,
              39.02056100009367
            ],
            [
              -77.0326379997972,
              39.02048400002468
            ],
            [
              -77.03277500006455,
              39.0203510000886
            ],
            [
              -77.03293599972302,
              39.02027800027972
            ],
            [
              -77.03297400025617,
              39.02021000031349
            ],
            [
              -77.03299699982239,
              39.02009899981754
            ],
            [
              -77.03307299999037,
              39.02001099995441
            ],
            [
              -77.03306499959446,
              39.01970200013853
            ],
            [
              -77.03298099992888,
              39.019419999812385
            ],
            [
              -77.03297400025617,
              39.01934799987559
            ],
            [
              -77.03298900032479,
              39.01925999977569
            ],
            [
              -77.03313400008975,
              39.01895899989874
            ],
            [
              -77.03314199958736,
              39.018852000102164
            ],
            [
              -77.033088000059,
              39.01847399972001
            ],
            [
              -77.0330959995566,
              39.018379000281115
            ],
            [
              -77.03314900015836,
              39.01824499972418
            ]
          ]
        ]
      },
      "properties": {
        "geo_id": "240317030002",
        "name": "Block Group 2, Census Tract 7030.00",
        "geography_type": "block_group",
        "boundary_vintage": "Census 2020",
        "metrics": {
          "population": 1012.0,
          "housing_units": 372.0,
          "population_density": 5247.2
        },
        "evidence": [
          {
            "evidence_id": "census2020:240317030002:population",
            "type": "structured_data",
            "title": "2020 Census POP100 — Block Group 2, Census Tract 7030.00",
            "source": "U.S. Census Bureau TIGERweb Census 2020",
            "url": "https://tigerweb.geo.census.gov/arcgis/rest/services/TIGERweb/tigerWMS_Census2020/MapServer/8/query",
            "date": "2020-04-01",
            "retrieved_at": "2026-09-19T05:38:33.805674+00:00",
            "geo_id": "240317030002",
            "metric": "population",
            "value": 1012.0,
            "unit": "people",
            "excerpt": null,
            "page": null,
            "section": null,
            "page_label": null,
            "document_scope": null
          },
          {
            "evidence_id": "census2020:240317030002:housing_units",
            "type": "structured_data",
            "title": "2020 Census HU100 — Block Group 2, Census Tract 7030.00",
            "source": "U.S. Census Bureau TIGERweb Census 2020",
            "url": "https://tigerweb.geo.census.gov/arcgis/rest/services/TIGERweb/tigerWMS_Census2020/MapServer/8/query",
            "date": "2020-04-01",
            "retrieved_at": "2026-09-19T05:38:33.805674+00:00",
            "geo_id": "240317030002",
            "metric": "housing_units",
            "value": 372.0,
            "unit": "units",
            "excerpt": null,
            "page": null,
            "section": null,
            "page_label": null,
            "document_scope": null
          },
          {
            "evidence_id": "census2020:240317030002:population_density",
            "type": "structured_data",
            "title": "2020 Census Derived Density — Block Group 2, Census Tract 7030.00",
            "source": "U.S. Census Bureau TIGERweb Census 2020",
            "url": "https://tigerweb.geo.census.gov/arcgis/rest/services/TIGERweb/tigerWMS_Census2020/MapServer/8/query",
            "date": "2020-04-01",
            "retrieved_at": "2026-09-19T05:38:33.805674+00:00",
            "geo_id": "240317030002",
            "metric": "population_density",
            "value": 5247.2,
            "unit": "people per sq mi",
            "excerpt": null,
            "page": null,
            "section": null,
            "page_label": null,
            "document_scope": null
          }
        ]
      }
    },
    {
      "type": "Feature",
      "id": "240317017033",
      "geometry": {
        "type": "Polygon",
        "coordinates": [
          [
            [
              -76.99491799973183,
              38.9874339999638
            ],
            [
              -76.994803999929,
              38.98733499977446
            ],
            [
              -76.99474299982963,
              38.98725500016921
            ],
            [
              -76.99468900030128,
              38.98707900030046
            ],
            [
              -76.9946130001333,
              38.98692700028379
            ],
            [
              -76.9946209996309,
              38.98688100018687
            ],
            [
              -76.994591000392,
              38.98669700019843
            ],
            [
              -76.99456000042984,
              38.986503000019084
            ],
            [
              -76.99449900033046,
              38.98636999972568
            ],
            [
              -76.99439999969798,
              38.98628899982357
            ],
            [
              -76.99429299956785,
              38.986248000234305
            ],
            [
              -76.99423900003947,
              38.98624399991548
            ],
            [
              -76.99408699970351,
              38.98629300013986
            ],
            [
              -76.99399499964201,
              38.98627800017453
            ],
            [
              -76.99388800041021,
              38.986208999734416
            ],
            [
              -76.99375100014285,
              38.98607600028519
            ],
            [
              -76.9937129996097,
              38.9859690003211
            ],
            [
              -76.99372799967831,
              38.98590399991811
            ],
            [
              -76.99365900008135,
              38.98563300005481
            ],
            [
              -76.99362100044651,
              38.985379999763914
            ],
            [
              -76.99356000034713,
              38.98519099976531
            ],
            [
              -76.99354500027853,
              38.98517600026471
            ],
            [
              -76.99344599964601,
              38.985195000143634
            ],
            [
              -76.99339999961526,
              38.985187000084984
            ],
            [
              -76.99327800031483,
              38.98514499993681
            ],
            [
              -76.99318600025332,
              38.9850759997889
            ],
            [
              -76.99302600041976,
              38.98487799965896
            ],
            [
              -76.9928740000838,
              38.98457700010754
            ],
            [
              -76.99279000041821,
              38.984489000040995
            ],
            [
              -76.99266800021947,
              38.98449700017852
            ],
            [
              -76.992423999822,
              38.984572999694244
            ],
            [
              -76.99233199976048,
              38.98456500026358
            ],
            [
              -76.99230099979835,
              38.984522999746375
            ],
            [
              -76.99230099979835,
              38.984447000176935
            ],
            [
              -76.99240100025578,
              38.984336000117125
            ],
            [
              -76.99239299985986,
              38.98413400027255
            ],
            [
              -76.99268300028808,
              38.983963000012366
            ],
            [
              -76.99272900031885,
              38.983860000101444
            ],
            [
              -76.99272099992292,
              38.983787000338246
            ],
            [
              -76.99268300028808,
              38.983691999701506
            ],
            [
              -76.99250699966268,
              38.98351200027701
            ],
            [
              -76.992431000393,
              38.9832909997913
            ],
            [
              -76.99203399983466,
              38.98314199986759
            ],
            [
              -76.99198899962883,
              38.983103999700944
            ],
            [
              -76.99195799966667,
              38.98301300004588
            ],
            [
              -76.99198100013122,
              38.98289800002295
            ],
            [
              -76.99210300032993,
              38.98273399995242
            ],
            [
              -76.9921490003607,
              38.9826389999975
            ],
            [
              -76.99226300016352,
              38.9825089999997
            ],
            [
              -76.99236199989772,
              38.982330000321106
            ],
            [
              -76.99236199989772,
              38.982287999874515
            ],
            [
              -76.99226300016352,
              38.982112000226145
            ],
            [
              -76.99216400042931,
              38.98202799974771
            ],
            [
              -76.99207999986541,
              38.981985999820274
            ],
            [
              -76.99184399986386,
              38.98193300024207
            ],
            [
              -76.991734000259,
              38.98180099971037
            ],
            [
              -76.99164499967223,
              38.981742000181356
            ],
            [
              -76.9914320001352,
              38.98170399996159
            ],
            [
              -76.99108099960762,
              38.98157800022625
            ],
            [
              -76.99089800020784,
              38.98156699984528
            ],
            [
              -76.99078299968178,
              38.981520999756924
            ],
            [
              -76.99071499990973,
              38.98143000016213
            ],
            [
              -76.9906920003435,
              38.981288000338196
            ],
            [
              -76.99038600002176,
              38.981169999677704
            ],
            [
              -76.99011900005806,
              38.981113000276494
            ],
            [
              -76.98983000035307,
              38.98096399995891
            ],
            [
              -76.98964600023004,
              38.980818999953314
            ],
            [
              -76.98958900032865,
              38.980690000088856
            ],
            [
              -76.98954699959754,
              38.980594000199574
            ],
            [
              -76.98952099965827,
              38.98053199970726
            ],
            [
              -76.98944000036573,
              38.98063100033235
            ],
            [
              -76.98885100018674,
              38.981497999701546
            ],
            [
              -76.98861500018519,
              38.98211600008015
            ],
            [
              -76.98849899983423,
              38.982557000058904
            ],
            [
              -76.98833499980272,
              38.98333199969655
            ],
            [
              -76.98810899984692,
              38.98514900031773
            ],
            [
              -76.9880729998619,
              38.98543799983595
            ],
            [
              -76.98800099989187,
              38.985880999890135
            ],
            [
              -76.98776900008828,
              38.98798200020704
            ],
            [
              -76.98770799998891,
              38.988434999841324
            ],
            [
              -76.98765600011038,
              38.988826999725276
            ],
            [
              -76.98763900039194,
              38.98897899985138
            ],
            [
              -76.98779500002756,
              38.989098999793846
            ],
            [
              -76.98789399976175,
              38.98919099986802
            ],
            [
              -76.98802799965607,
              38.9893079998655
            ],
            [
              -76.98813300013636,
              38.98940899980923
            ],
            [
              -76.98857099980427,
              38.98982700029754
            ],
            [
              -76.98874800025459,
              38.990005000019984
            ],
            [
              -76.98908899983813,
              38.99035099965106
            ],
            [
              -76.98948499967325,
              38.990761999876426
            ],
            [
              -76.98997099992006,
              38.99126000011137
            ],
            [
              -76.99109800022437,
              38.992405000133886
            ],
            [
              -76.99142999958707,
              38.992758999803726
            ],
            [
              -76.99158899959573,
              38.992668999807016
            ],
            [
              -76.99179399963515,
              38.992546000185015
            ],
            [
              -76.99205099955309,
              38.992418999681135
            ],
            [
              -76.9921490003607,
              38.99239700019192
            ],
            [
              -76.99205700029918,
              38.99200400000799
            ],
            [
              -76.99198100013122,
              38.991789999686624
            ],
            [
              -76.9920649997968,
              38.99157699994438
            ],
            [
              -76.9922480000949,
              38.99084400008599
            ],
            [
              -76.99237799979123,
              38.99029099971922
            ],
            [
              -76.99238500036225,
              38.99021900015281
            ],
            [
              -76.99236199989772,
              38.990076999804124
            ],
            [
              -76.99229400012565,
              38.989933000162644
            ],
            [
              -76.99193500010045,
              38.989577999766055
            ],
            [
              -76.9922480000949,
              38.989363999789894
            ],
            [
              -76.99256100008934,
              38.989077999836084
            ],
            [
              -76.99279000041821,
              38.98865100027393
            ],
            [
              -76.99289699965001,
              38.988483000071994
            ],
            [
              -76.99302600041976,
              38.98835699983349
            ],
            [
              -76.99314100004749,
              38.98826199974362
            ],
            [
              -76.99330900027698,
              38.98816999985847
            ],
            [
              -76.9938039998463,
              38.987995000050454
            ],
            [
              -76.9941629998715,
              38.98813200029604
            ],
            [
              -76.99441499976656,
              38.98788399996792
            ],
            [
              -76.99491799973183,
              38.9874339999638
            ]
          ]
        ]
      },
      "properties": {
        "geo_id": "240317017033",
        "name": "Block Group 3, Census Tract 7017.03",
        "geography_type": "block_group",
        "boundary_vintage": "Census 2020",
        "metrics": {
          "population": 1462.0,
          "housing_units": 443.0,
          "population_density": 8154.4
        },
        "evidence": [
          {
            "evidence_id": "census2020:240317017033:population",
            "type": "structured_data",
            "title": "2020 Census POP100 — Block Group 3, Census Tract 7017.03",
            "source": "U.S. Census Bureau TIGERweb Census 2020",
            "url": "https://tigerweb.geo.census.gov/arcgis/rest/services/TIGERweb/tigerWMS_Census2020/MapServer/8/query",
            "date": "2020-04-01",
            "retrieved_at": "2026-09-19T05:38:33.805674+00:00",
            "geo_id": "240317017033",
            "metric": "population",
            "value": 1462.0,
            "unit": "people",
            "excerpt": null,
            "page": null,
            "section": null,
            "page_label": null,
            "document_scope": null
          },
          {
            "evidence_id": "census2020:240317017033:housing_units",
            "type": "structured_data",
            "title": "2020 Census HU100 — Block Group 3, Census Tract 7017.03",
            "source": "U.S. Census Bureau TIGERweb Census 2020",
            "url": "https://tigerweb.geo.census.gov/arcgis/rest/services/TIGERweb/tigerWMS_Census2020/MapServer/8/query",
            "date": "2020-04-01",
            "retrieved_at": "2026-09-19T05:38:33.805674+00:00",
            "geo_id": "240317017033",
            "metric": "housing_units",
            "value": 443.0,
            "unit": "units",
            "excerpt": null,
            "page": null,
            "section": null,
            "page_label": null,
            "document_scope": null
          },
          {
            "evidence_id": "census2020:240317017033:population_density",
            "type": "structured_data",
            "title": "2020 Census Derived Density — Block Group 3, Census Tract 7017.03",
            "source": "U.S. Census Bureau TIGERweb Census 2020",
            "url": "https://tigerweb.geo.census.gov/arcgis/rest/services/TIGERweb/tigerWMS_Census2020/MapServer/8/query",
            "date": "2020-04-01",
            "retrieved_at": "2026-09-19T05:38:33.805674+00:00",
            "geo_id": "240317017033",
            "metric": "population_density",
            "value": 8154.4,
            "unit": "people per sq mi",
            "excerpt": null,
            "page": null,
            "section": null,
            "page_label": null,
            "document_scope": null
          }
        ]
      }
    },
    {
      "type": "Feature",
      "id": "240317020001",
      "geometry": {
        "type": "Polygon",
        "coordinates": [
          [
            [
              -76.9918199995744,
              38.997351000263414
            ],
            [
              -76.99175199980236,
              38.99672299987752
            ],
            [
              -76.99168499985521,
              38.996719000150705
            ],
            [
              -76.99148499983866,
              38.99670700027071
            ],
            [
              -76.99129400004294,
              38.996733999997815
            ],
            [
              -76.99108099960762,
              38.996779999974684
            ],
            [
              -76.99044700012114,
              38.996973999912186
            ],
            [
              -76.98984500042168,
              38.99636800002736
            ],
            [
              -76.98856300030667,
              38.99678800011933
            ],
            [
              -76.98851399990286,
              38.996659999790225
            ],
            [
              -76.98854300021517,
              38.996468999670405
            ],
            [
              -76.98868799998014,
              38.99614999987788
            ],
            [
              -76.98892300015677,
              38.99583199981341
            ],
            [
              -76.9890589997009,
              38.99557700012562
            ],
            [
              -76.98860500013946,
              38.99599600025785
            ],
            [
              -76.98826500038085,
              38.99628800015939
            ],
            [
              -76.98757699956936,
              38.997269999662954
            ],
            [
              -76.98681800040937,
              38.998355999846694
            ],
            [
              -76.98595100039607,
              38.999385000070696
            ],
            [
              -76.98569299975489,
              38.99998000033426
            ],
            [
              -76.98516100037564,
              39.00055000022953
            ],
            [
              -76.98415000042228,
              39.001437999757215
            ],
            [
              -76.98458499971716,
              39.00130699968729
            ],
            [
              -76.98486099990167,
              39.00124799966186
            ],
            [
              -76.98517399989612,
              39.00121000014005
            ],
            [
              -76.98538800015638,
              39.00120699966251
            ],
            [
              -76.9856309998306,
              39.00119800032354
            ],
            [
              -76.98586500018236,
              39.00121500000482
            ],
            [
              -76.98609100013816,
              39.0012400000214
            ],
            [
              -76.9864259998739,
              39.00127400005776
            ],
            [
              -76.9866519998297,
              39.001290000028156
            ],
            [
              -76.98693600041015,
              39.001290000028156
            ],
            [
              -76.98742099993375,
              39.00125699969259
            ],
            [
              -76.9877139998367,
              39.00122300034618
            ],
            [
              -76.98802400035642,
              39.00118999997935
            ],
            [
              -76.98829200014501,
              39.00113999990192
            ],
            [
              -76.98849200016154,
              39.00108999978921
            ],
            [
              -76.98872700033817,
              39.00102299991783
            ],
            [
              -76.98902000024115,
              39.00090500004219
            ],
            [
              -76.98930399992328,
              39.00076300019126
            ],
            [
              -76.9897340000936,
              39.00054199981208
            ],
            [
              -76.98980600006361,
              39.00049800029224
            ],
            [
              -76.99021699996736,
              39.00021999971079
            ],
            [
              -76.99072199958243,
              38.99998800011712
            ],
            [
              -76.990600000282,
              38.99977400020265
            ],
            [
              -76.990600000282,
              38.999686999895786
            ],
            [
              -76.99062299984823,
              38.999629000329925
            ],
            [
              -76.99111900014076,
              38.99885899973409
            ],
            [
              -76.9915080003032,
              38.998141999883224
            ],
            [
              -76.99170599977161,
              38.99771400010909
            ],
            [
              -76.9918199995744,
              38.997351000263414
            ]
          ]
        ]
      },
      "properties": {
        "geo_id": "240317020001",
        "name": "Block Group 1, Census Tract 7020.00",
        "geography_type": "block_group",
        "boundary_vintage": "Census 2020",
        "metrics": {
          "population": 2167.0,
          "housing_units": 549.0,
          "population_density": 28008.0
        },
        "evidence": [
          {
            "evidence_id": "census2020:240317020001:population",
            "type": "structured_data",
            "title": "2020 Census POP100 — Block Group 1, Census Tract 7020.00",
            "source": "U.S. Census Bureau TIGERweb Census 2020",
            "url": "https://tigerweb.geo.census.gov/arcgis/rest/services/TIGERweb/tigerWMS_Census2020/MapServer/8/query",
            "date": "2020-04-01",
            "retrieved_at": "2026-09-19T05:38:33.805674+00:00",
            "geo_id": "240317020001",
            "metric": "population",
            "value": 2167.0,
            "unit": "people",
            "excerpt": null,
            "page": null,
            "section": null,
            "page_label": null,
            "document_scope": null
          },
          {
            "evidence_id": "census2020:240317020001:housing_units",
            "type": "structured_data",
            "title": "2020 Census HU100 — Block Group 1, Census Tract 7020.00",
            "source": "U.S. Census Bureau TIGERweb Census 2020",
            "url": "https://tigerweb.geo.census.gov/arcgis/rest/services/TIGERweb/tigerWMS_Census2020/MapServer/8/query",
            "date": "2020-04-01",
            "retrieved_at": "2026-09-19T05:38:33.805674+00:00",
            "geo_id": "240317020001",
            "metric": "housing_units",
            "value": 549.0,
            "unit": "units",
            "excerpt": null,
            "page": null,
            "section": null,
            "page_label": null,
            "document_scope": null
          },
          {
            "evidence_id": "census2020:240317020001:population_density",
            "type": "structured_data",
            "title": "2020 Census Derived Density — Block Group 1, Census Tract 7020.00",
            "source": "U.S. Census Bureau TIGERweb Census 2020",
            "url": "https://tigerweb.geo.census.gov/arcgis/rest/services/TIGERweb/tigerWMS_Census2020/MapServer/8/query",
            "date": "2020-04-01",
            "retrieved_at": "2026-09-19T05:38:33.805674+00:00",
            "geo_id": "240317020001",
            "metric": "population_density",
            "value": 28008.0,
            "unit": "people per sq mi",
            "excerpt": null,
            "page": null,
            "section": null,
            "page_label": null,
            "document_scope": null
          }
        ]
      }
    },
    {
      "type": "Feature",
      "id": "240317025011",
      "geometry": {
        "type": "Polygon",
        "coordinates": [
          [
            [
              -77.03234099969627,
              38.99362099965316
            ],
            [
              -77.03185299979965,
              38.993120999658515
            ],
            [
              -77.03178400020266,
              38.993041000309034
            ],
            [
              -77.0306379996318,
              38.99178700020606
            ],
            [
              -77.02894499961305,
              38.98993599972178
            ],
            [
              -77.0287170000074,
              38.989703999925766
            ],
            [
              -77.02827500014153,
              38.98918599985188
            ],
            [
              -77.02757700018263,
              38.98839599984818
            ],
            [
              -77.0268790002237,
              38.98763600016741
            ],
            [
              -77.02670500014642,
              38.98748499983799
            ],
            [
              -77.02677600029153,
              38.98783699991196
            ],
            [
              -77.02678100031441,
              38.98875300032661
            ],
            [
              -77.02678499961407,
              38.98887499969011
            ],
            [
              -77.02675899967478,
              38.98931500029486
            ],
            [
              -77.02676200004784,
              38.989664000076694
            ],
            [
              -77.02676700007072,
              38.990234999830015
            ],
            [
              -77.0267860003373,
              38.99085799994201
            ],
            [
              -77.02675500037513,
              38.99154200030566
            ],
            [
              -77.0267650004209,
              38.992086000175036
            ],
            [
              -77.02676899972055,
              38.992473000302574
            ],
            [
              -77.02679100036015,
              38.99295999966245
            ],
            [
              -77.02680600042878,
              38.99330399989882
            ],
            [
              -77.02680800007859,
              38.993403999921796
            ],
            [
              -77.02689000009435,
              38.99426600029324
            ],
            [
              -77.02692199988141,
              38.99442600032138
            ],
            [
              -77.02698899982856,
              38.99456699983687
            ],
            [
              -77.02708900028598,
              38.99470699998398
            ],
            [
              -77.02730699984588,
              38.99506799986849
            ],
            [
              -77.0277599995824,
              38.99553300031106
            ],
            [
              -77.02814299989706,
              38.99587300013467
            ],
            [
              -77.02825000002719,
              38.99597300001835
            ],
            [
              -77.02872399968011,
              38.995681000213295
            ],
            [
              -77.02917399994189,
              38.99542200018126
            ],
            [
              -77.02938800020213,
              38.995291999921086
            ],
            [
              -77.02976899996865,
              38.99505599970852
            ],
            [
              -77.03021199965944,
              38.994788999811895
            ],
            [
              -77.03139699969007,
              38.99409599986697
            ],
            [
              -77.0314479997437,
              38.99406800003688
            ],
            [
              -77.03156699956938,
              38.99399600012366
            ],
            [
              -77.03167500042272,
              38.99394500005353
            ],
            [
              -77.03234099969627,
              38.99362099965316
            ]
          ]
        ]
      },
      "properties": {
        "geo_id": "240317025011",
        "name": "Block Group 1, Census Tract 7025.01",
        "geography_type": "block_group",
        "boundary_vintage": "Census 2020",
        "metrics": {
          "population": 2866.0,
          "housing_units": 1924.0,
          "population_density": 32461.2
        },
        "evidence": [
          {
            "evidence_id": "census2020:240317025011:population",
            "type": "structured_data",
            "title": "2020 Census POP100 — Block Group 1, Census Tract 7025.01",
            "source": "U.S. Census Bureau TIGERweb Census 2020",
            "url": "https://tigerweb.geo.census.gov/arcgis/rest/services/TIGERweb/tigerWMS_Census2020/MapServer/8/query",
            "date": "2020-04-01",
            "retrieved_at": "2026-09-19T05:38:33.805674+00:00",
            "geo_id": "240317025011",
            "metric": "population",
            "value": 2866.0,
            "unit": "people",
            "excerpt": null,
            "page": null,
            "section": null,
            "page_label": null,
            "document_scope": null
          },
          {
            "evidence_id": "census2020:240317025011:housing_units",
            "type": "structured_data",
            "title": "2020 Census HU100 — Block Group 1, Census Tract 7025.01",
            "source": "U.S. Census Bureau TIGERweb Census 2020",
            "url": "https://tigerweb.geo.census.gov/arcgis/rest/services/TIGERweb/tigerWMS_Census2020/MapServer/8/query",
            "date": "2020-04-01",
            "retrieved_at": "2026-09-19T05:38:33.805674+00:00",
            "geo_id": "240317025011",
            "metric": "housing_units",
            "value": 1924.0,
            "unit": "units",
            "excerpt": null,
            "page": null,
            "section": null,
            "page_label": null,
            "document_scope": null
          },
          {
            "evidence_id": "census2020:240317025011:population_density",
            "type": "structured_data",
            "title": "2020 Census Derived Density — Block Group 1, Census Tract 7025.01",
            "source": "U.S. Census Bureau TIGERweb Census 2020",
            "url": "https://tigerweb.geo.census.gov/arcgis/rest/services/TIGERweb/tigerWMS_Census2020/MapServer/8/query",
            "date": "2020-04-01",
            "retrieved_at": "2026-09-19T05:38:33.805674+00:00",
            "geo_id": "240317025011",
            "metric": "population_density",
            "value": 32461.2,
            "unit": "people per sq mi",
            "excerpt": null,
            "page": null,
            "section": null,
            "page_label": null,
            "document_scope": null
          }
        ]
      }
    },
    {
      "type": "Feature",
      "id": "240317015053",
      "geometry": {
        "type": "Polygon",
        "coordinates": [
          [
            [
              -76.99945000034022,
              39.02758399968003
            ],
            [
              -76.99956499996793,
              39.02751899982181
            ],
            [
              -76.99862900035764,
              39.026710000149315
            ],
            [
              -76.9981139997985,
              39.026122000296105
            ],
            [
              -76.99783500013925,
              39.02580400027452
            ],
            [
              -76.9977179999634,
              39.025324999900874
            ],
            [
              -76.99757300019844,
              39.025134999765676
            ],
            [
              -76.99744400032701,
              39.02502400002334
            ],
            [
              -76.99732200012828,
              39.024887000025636
            ],
            [
              -76.99723000006678,
              39.02475299993912
            ],
            [
              -76.99708500030181,
              39.02435299968038
            ],
            [
              -76.99678800020088,
              39.02362800011617
            ],
            [
              -76.99674899984284,
              39.02353999976029
            ],
            [
              -76.99670399963698,
              39.023345000016754
            ],
            [
              -76.99662699964409,
              39.02320000030618
            ],
            [
              -76.99654600035157,
              39.022905999652906
            ],
            [
              -76.99637599957393,
              39.02229999997526
            ],
            [
              -76.99628400041074,
              39.021815999783804
            ],
            [
              -76.99612399967884,
              39.02086599988752
            ],
            [
              -76.99591799981454,
              39.01996200004659
            ],
            [
              -76.99582599975302,
              39.01947699976855
            ],
            [
              -76.99578800011818,
              39.01914500002729
            ],
            [
              -76.99564300035323,
              39.018938999870755
            ],
            [
              -76.99514000038799,
              39.01873299981206
            ],
            [
              -76.99500999979334,
              39.01865699999117
            ],
            [
              -76.99490299966321,
              39.01852000021797
            ],
            [
              -76.9947050001948,
              39.01811500022252
            ],
            [
              -76.99428500007024,
              39.01780699995524
            ],
            [
              -76.99424900008523,
              39.01775399998244
            ],
            [
              -76.9942199997729,
              39.0177110001597
            ],
            [
              -76.99420999972716,
              39.01769499971577
            ],
            [
              -76.9941200002138,
              39.017560999956466
            ],
            [
              -76.9941059999701,
              39.017540000070134
            ],
            [
              -76.99301300000099,
              39.017791999690424
            ],
            [
              -76.99230699964613,
              39.017970999711636
            ],
            [
              -76.99182200012255,
              39.018097000261925
            ],
            [
              -76.98999000018662,
              39.01857999994244
            ],
            [
              -76.98902699991385,
              39.0188290003139
            ],
            [
              -76.98746600013958,
              39.01922700014618
            ],
            [
              -76.98666000022564,
              39.01938999996394
            ],
            [
              -76.98592799993155,
              39.01952399974681
            ],
            [
              -76.98523300034567,
              39.019621000004086
            ],
            [
              -76.984369999632,
              39.0197209998206
            ],
            [
              -76.98341599958005,
              39.01975799973785
            ],
            [
              -76.98270599992556,
              39.0197680003346
            ],
            [
              -76.98188599976791,
              39.01977999979261
            ],
            [
              -76.98154799965911,
              39.01976100012639
            ],
            [
              -76.97990300021925,
              39.0196060001241
            ],
            [
              -76.97900199987076,
              39.01948400000488
            ],
            [
              -76.97834400009481,
              39.019356000259904
            ],
            [
              -76.9772159999656,
              39.019142000310495
            ],
            [
              -76.97677599974955,
              39.01905899995363
            ],
            [
              -76.97674800016044,
              39.019274999729085
            ],
            [
              -76.97673599956657,
              39.019604999992374
            ],
            [
              -76.97672800006895,
              39.01990900029322
            ],
            [
              -76.97674899998535,
              39.02028499973886
            ],
            [
              -76.9770059999033,
              39.02121099994488
            ],
            [
              -76.9770340003907,
              39.02127100017744
            ],
            [
              -76.97751700026446,
              39.02219599993672
            ],
            [
              -76.97776199958854,
              39.0225380002124
            ],
            [
              -76.97882699996856,
              39.02366800030518
            ],
            [
              -76.97953499997324,
              39.024464999841356
            ],
            [
              -76.98065899990449,
              39.025595999885944
            ],
            [
              -76.9821300001654,
              39.02714699986982
            ],
            [
              -76.98258499955175,
              39.02762899981531
            ],
            [
              -76.98301600044529,
              39.028198000201535
            ],
            [
              -76.9831879999744,
              39.028472999664984
            ],
            [
              -76.98328800043184,
              39.02866599991069
            ],
            [
              -76.9835250002583,
              39.02924800026312
            ],
            [
              -76.98365199958158,
              39.029701000166675
            ],
            [
              -76.98375899971171,
              39.030031999897936
            ],
            [
              -76.98386400019201,
              39.03027999973073
            ],
            [
              -76.98410799969118,
              39.03086799988605
            ],
            [
              -76.98428900033946,
              39.03123999979339
            ],
            [
              -76.98456399980076,
              39.03168499980424
            ],
            [
              -76.98463300029606,
              39.03178400004189
            ],
            [
              -76.98484500000816,
              39.032083999788384
            ],
            [
              -76.98499200032124,
              39.03199400027727
            ],
            [
              -76.98511000032201,
              39.03192199988807
            ],
            [
              -76.98525799956171,
              39.03182499976138
            ],
            [
              -76.98547600001991,
              39.031654000314525
            ],
            [
              -76.9856939995798,
              39.031448000321305
            ],
            [
              -76.98625099997172,
              39.0309249996837
            ],
            [
              -76.98643400026981,
              39.030798999665414
            ],
            [
              -76.98660199960099,
              39.030700000141444
            ],
            [
              -76.98722799958989,
              39.03042200033495
            ],
            [
              -76.98738800032177,
              39.030348999760214
            ],
            [
              -76.98828799994706,
              39.02994899976522
            ],
            [
              -76.99076000011557,
              39.02884200031175
            ],
            [
              -76.99085200017709,
              39.02879700025092
            ],
            [
              -76.99093599984266,
              39.02877800021658
            ],
            [
              -76.99116500017152,
              39.02878500022981
            ],
            [
              -76.99137799970855,
              39.02885400032312
            ],
            [
              -76.9915159998008,
              39.028980000319635
            ],
            [
              -76.99197299973528,
              39.029479000193135
            ],
            [
              -76.99202700016197,
              39.029560000198266
            ],
            [
              -76.99203399983466,
              39.02963600016176
            ],
            [
              -76.99201899976603,
              39.029715999998274
            ],
            [
              -76.99195799966667,
              39.029795999744294
            ],
            [
              -76.99176000019827,
              39.02995599966247
            ],
            [
              -76.9900660003546,
              39.031149999905324
            ],
            [
              -76.99165300006815,
              39.03220699974898
            ],
            [
              -76.9923400001564,
              39.032614999804544
            ],
            [
              -76.99246900002785,
              39.032664999960595
            ],
            [
              -76.9927059998543,
              39.03269099997197
            ],
            [
              -76.99281299998442,
              39.03268400034558
            ],
            [
              -76.99313299965155,
              39.03245900012296
            ],
            [
              -76.99362100044651,
              39.032287000164466
            ],
            [
              -76.99378899977769,
              39.03226799967273
            ],
            [
              -76.9938959999078,
              39.03229499978233
            ],
            [
              -76.99400300003794,
              39.03232099992977
            ],
            [
              -76.99416200004659,
              39.03240200016687
            ],
            [
              -76.9941779999401,
              39.03234400021333
            ],
            [
              -76.99427699967431,
              39.03230999976122
            ],
            [
              -76.99465900016405,
              39.03223000006958
            ],
            [
              -76.994803999929,
              39.03218000030358
            ],
            [
              -76.99484199956383,
              39.03213800013785
            ],
            [
              -76.99486500002838,
              39.031958999699874
            ],
            [
              -76.99492600012775,
              39.03187499977859
            ],
            [
              -76.99508599996132,
              39.03176100027395
            ],
            [
              -76.99530000022156,
              39.031654000314525
            ],
            [
              -76.9954449999865,
              39.03160400014103
            ],
            [
              -76.9955289996521,
              39.03159699970917
            ],
            [
              -76.995613000216,
              39.0316119998362
            ],
            [
              -76.9958030001868,
              39.03170700033426
            ],
            [
              -76.99588699985239,
              39.0317110001761
            ],
            [
              -76.99594100027906,
              39.03168099996088
            ],
            [
              -76.99596399984527,
              39.031654000314525
            ],
            [
              -76.99597100041629,
              39.03160000029308
            ],
            [
              -76.99589500024831,
              39.0315130000554
            ],
            [
              -76.99590299974591,
              39.03142499974615
            ],
            [
              -76.99594799995175,
              39.031340999888
            ],
            [
              -76.99608600004402,
              39.03120800014097
            ],
            [
              -76.9961470001434,
              39.0310550000542
            ],
            [
              -76.99619999984684,
              39.03100200024336
            ],
            [
              -76.99631500037287,
              39.0309249996837
            ],
            [
              -76.99653600030582,
              39.03059299997136
            ],
            [
              -76.99672600027662,
              39.030437000013535
            ],
            [
              -76.99687100004158,
              39.03026899994228
            ],
            [
              -76.99719999992953,
              39.030028999945294
            ],
            [
              -76.99739800029626,
              39.02981900015168
            ],
            [
              -76.99760400016058,
              39.02964400007968
            ],
            [
              -76.99767299975755,
              39.02951399990522
            ],
            [
              -76.99766500025994,
              39.02938000021586
            ],
            [
              -76.99782500009351,
              39.029158999928455
            ],
            [
              -76.99787899962188,
              39.028942000344344
            ],
            [
              -76.99793200022364,
              39.02885000031954
            ],
            [
              -76.99800800039162,
              39.0287930002441
            ],
            [
              -76.99820699968494,
              39.028701000025364
            ],
            [
              -76.99829799992153,
              39.02862899977068
            ],
            [
              -76.99832600040894,
              39.02857700023891
            ],
            [
              -76.99856499988522,
              39.02814100029816
            ],
            [
              -76.99874099961232,
              39.027945999987246
            ],
            [
              -76.99919099987412,
              39.02765200023001
            ],
            [
              -76.99945000034022,
              39.02758399968003
            ]
          ]
        ]
      },
      "properties": {
        "geo_id": "240317015053",
        "name": "Block Group 3, Census Tract 7015.05",
        "geography_type": "block_group",
        "boundary_vintage": "Census 2020",
        "metrics": {
          "population": 2191.0,
          "housing_units": 811.0,
          "population_density": 2888.0
        },
        "evidence": [
          {
            "evidence_id": "census2020:240317015053:population",
            "type": "structured_data",
            "title": "2020 Census POP100 — Block Group 3, Census Tract 7015.05",
            "source": "U.S. Census Bureau TIGERweb Census 2020",
            "url": "https://tigerweb.geo.census.gov/arcgis/rest/services/TIGERweb/tigerWMS_Census2020/MapServer/8/query",
            "date": "2020-04-01",
            "retrieved_at": "2026-09-19T05:38:33.805674+00:00",
            "geo_id": "240317015053",
            "metric": "population",
            "value": 2191.0,
            "unit": "people",
            "excerpt": null,
            "page": null,
            "section": null,
            "page_label": null,
            "document_scope": null
          },
          {
            "evidence_id": "census2020:240317015053:housing_units",
            "type": "structured_data",
            "title": "2020 Census HU100 — Block Group 3, Census Tract 7015.05",
            "source": "U.S. Census Bureau TIGERweb Census 2020",
            "url": "https://tigerweb.geo.census.gov/arcgis/rest/services/TIGERweb/tigerWMS_Census2020/MapServer/8/query",
            "date": "2020-04-01",
            "retrieved_at": "2026-09-19T05:38:33.805674+00:00",
            "geo_id": "240317015053",
            "metric": "housing_units",
            "value": 811.0,
            "unit": "units",
            "excerpt": null,
            "page": null,
            "section": null,
            "page_label": null,
            "document_scope": null
          },
          {
            "evidence_id": "census2020:240317015053:population_density",
            "type": "structured_data",
            "title": "2020 Census Derived Density — Block Group 3, Census Tract 7015.05",
            "source": "U.S. Census Bureau TIGERweb Census 2020",
            "url": "https://tigerweb.geo.census.gov/arcgis/rest/services/TIGERweb/tigerWMS_Census2020/MapServer/8/query",
            "date": "2020-04-01",
            "retrieved_at": "2026-09-19T05:38:33.805674+00:00",
            "geo_id": "240317015053",
            "metric": "population_density",
            "value": 2888.0,
            "unit": "people per sq mi",
            "excerpt": null,
            "page": null,
            "section": null,
            "page_label": null,
            "document_scope": null
          }
        ]
      }
    },
    {
      "type": "Feature",
      "id": "240317023023",
      "geometry": {
        "type": "Polygon",
        "coordinates": [
          [
            [
              -77.0203670004397,
              39.007463999743244
            ],
            [
              -77.02026299978434,
              39.00736599995637
            ],
            [
              -77.02003400035377,
              39.00697299983888
            ],
            [
              -77.01991999965266,
              39.00680099999753
            ],
            [
              -77.01980500002492,
              39.00673599987961
            ],
            [
              -77.0196569998869,
              39.006644000276395
            ],
            [
              -77.01958400009198,
              39.00663700016515
            ],
            [
              -77.01942400025841,
              39.00665599986725
            ],
            [
              -77.01927100009753,
              39.006706000234594
            ],
            [
              -77.0192180003941,
              39.00675500025313
            ],
            [
              -77.01910399969296,
              39.006790000046195
            ],
            [
              -77.01856899994065,
              39.00687399975805
            ],
            [
              -77.01818800017416,
              39.00689300009456
            ],
            [
              -77.01779099961581,
              39.006869999907
            ],
            [
              -77.01744800038244,
              39.006777999780056
            ],
            [
              -77.01734899974993,
              39.00672100005869
            ],
            [
              -77.01728000015295,
              39.00664499989337
            ],
            [
              -77.0172340001222,
              39.00654600005155
            ],
            [
              -77.01714299988562,
              39.00607999976012
            ],
            [
              -77.01714299988562,
              39.00591199974705
            ],
            [
              -77.01710500025078,
              39.00574799994777
            ],
            [
              -77.01698300005204,
              39.005473999681776
            ],
            [
              -77.01655500042986,
              39.004943000335984
            ],
            [
              -77.0164259996601,
              39.00480199985578
            ],
            [
              -77.0162270003668,
              39.00462699998777
            ],
            [
              -77.01572400040156,
              39.00397800023197
            ],
            [
              -77.0154950000727,
              39.003726000253764
            ],
            [
              -77.0153960003385,
              39.00366199976179
            ],
            [
              -77.01519700014687,
              39.00357399968882
            ],
            [
              -77.01471699974785,
              39.003490000246934
            ],
            [
              -77.01466300021949,
              39.00345199983499
            ],
            [
              -77.01457199998289,
              39.003341000260136
            ],
            [
              -77.01449900018795,
              39.003314000261774
            ],
            [
              -77.0141219997211,
              39.003173000025214
            ],
            [
              -77.01396899956022,
              39.00308200034217
            ],
            [
              -77.01385399993248,
              39.00300900015898
            ],
            [
              -77.01365599956577,
              39.002810999933075
            ],
            [
              -77.01355699983156,
              39.002693000247135
            ],
            [
              -77.01338100010447,
              39.00241400023651
            ],
            [
              -77.01326700030165,
              39.00232600000739
            ],
            [
              -77.01290800027645,
              39.00222300029038
            ],
            [
              -77.01228300011248,
              39.00185000020266
            ],
            [
              -77.01198500018666,
              39.00164399993078
            ],
            [
              -77.01187100038383,
              39.00153699976641
            ],
            [
              -77.01158900035153,
              39.001135999726664
            ],
            [
              -77.0114739998255,
              39.00087299992365
            ],
            [
              -77.01140500022852,
              39.00078200007474
            ],
            [
              -77.01132400003766,
              39.00070200031035
            ],
            [
              -77.01103199995961,
              39.0004110001775
            ],
            [
              -77.0109320004005,
              39.00027399996446
            ],
            [
              -77.01087100030112,
              39.00012899972014
            ],
            [
              -77.01085600023251,
              39.00001099974972
            ],
            [
              -77.01087100030112,
              38.99994200013143
            ],
            [
              -77.01098599992885,
              38.99982800009858
            ],
            [
              -77.01098599992885,
              38.99975900030183
            ],
            [
              -77.01092499982948,
              38.99973200033268
            ],
            [
              -77.01061199983505,
              38.99963299989224
            ],
            [
              -77.01032200030514,
              38.999622000222615
            ],
            [
              -77.0101309996111,
              38.99963299989224
            ],
            [
              -77.00977300030912,
              38.99970199981187
            ],
            [
              -77.00977999998182,
              38.999850999783185
            ],
            [
              -77.00988000043925,
              39.000399999930686
            ],
            [
              -77.0099330001427,
              39.000705000111175
            ],
            [
              -77.01004699994553,
              39.001006999887046
            ],
            [
              -77.01017699964186,
              39.00118599980692
            ],
            [
              -77.01041400036664,
              39.00144499968485
            ],
            [
              -77.0104749995677,
              39.00149100008961
            ],
            [
              -77.0108410001639,
              39.00177300000519
            ],
            [
              -77.01097800043125,
              39.001910999791875
            ],
            [
              -77.0110389996323,
              39.00199499971238
            ],
            [
              -77.01107700016546,
              39.002105000321784
            ],
            [
              -77.01108499966305,
              39.00265100001566
            ],
            [
              -77.01114599976242,
              39.00309300017199
            ],
            [
              -77.01123000032634,
              39.003368000248244
            ],
            [
              -77.01132200038782,
              39.00353199998031
            ],
            [
              -77.01142100012203,
              39.00364600032782
            ],
            [
              -77.01162699998636,
              39.00385999970017
            ],
            [
              -77.01185600031522,
              39.00403900008069
            ],
            [
              -77.0121230002789,
              39.004191999996216
            ],
            [
              -77.01246600041058,
              39.00432900030139
            ],
            [
              -77.0144039997534,
              39.00486699965655
            ],
            [
              -77.01393099992539,
              39.005621999733044
            ],
            [
              -77.013945999994,
              39.00619800007923
            ],
            [
              -77.01423600042223,
              39.00661399989436
            ],
            [
              -77.01323600033952,
              39.00666800015408
            ],
            [
              -77.01144399968825,
              39.007269999948036
            ],
            [
              -77.01099299960156,
              39.007433999708965
            ],
            [
              -77.01088700019466,
              39.007449999682294
            ],
            [
              -77.01102399956369,
              39.00688099984589
            ],
            [
              -77.01114599976242,
              39.006568000028345
            ],
            [
              -77.0110389996323,
              39.00659500018092
            ],
            [
              -77.01012399993841,
              39.006617999759875
            ],
            [
              -77.00962799964584,
              39.006617999759875
            ],
            [
              -77.00862799956316,
              39.006641000029376
            ],
            [
              -77.00905600008363,
              39.00738100033858
            ],
            [
              -77.00948299988092,
              39.0081740000988
            ],
            [
              -77.00973499977599,
              39.00869299968124
            ],
            [
              -77.00967399967662,
              39.008997999709045
            ],
            [
              -77.00946000031469,
              39.01012799980382
            ],
            [
              -77.00971200020977,
              39.010093000266394
            ],
            [
              -77.00995599970891,
              39.0100359997262
            ],
            [
              -77.01037500000858,
              39.009928999690295
            ],
            [
              -77.0104670000701,
              39.00989099994515
            ],
            [
              -77.01059699976643,
              39.009840999735125
            ],
            [
              -77.01145100025927,
              39.00963200027536
            ],
            [
              -77.01159600002423,
              39.00956699996679
            ],
            [
              -77.01171800022294,
              39.00951299982607
            ],
            [
              -77.01219100005098,
              39.009428999757944
            ],
            [
              -77.01272499997835,
              39.00936099982921
            ],
            [
              -77.01338100010447,
              39.0092920002555
            ],
            [
              -77.01370199959652,
              39.009239000183186
            ],
            [
              -77.01425099959253,
              39.00910100003244
            ],
            [
              -77.01601399993147,
              39.00864400030715
            ],
            [
              -77.01631100003239,
              39.00857899978862
            ],
            [
              -77.01681499982254,
              39.00851399990847
            ],
            [
              -77.0175089995835,
              39.00854799993914
            ],
            [
              -77.01807400037134,
              39.008627999905855
            ],
            [
              -77.01827199983975,
              39.00867399982823
            ],
            [
              -77.01841300030505,
              39.008721000006425
            ],
            [
              -77.01882099983574,
              39.00845299973031
            ],
            [
              -77.01982799959114,
              39.00780400017353
            ],
            [
              -77.02010799997363,
              39.0076230003409
            ],
            [
              -77.0203670004397,
              39.007463999743244
            ]
          ]
        ]
      },
      "properties": {
        "geo_id": "240317023023",
        "name": "Block Group 3, Census Tract 7023.02",
        "geography_type": "block_group",
        "boundary_vintage": "Census 2020",
        "metrics": {
          "population": 1906.0,
          "housing_units": 846.0,
          "population_density": 12626.8
        },
        "evidence": [
          {
            "evidence_id": "census2020:240317023023:population",
            "type": "structured_data",
            "title": "2020 Census POP100 — Block Group 3, Census Tract 7023.02",
            "source": "U.S. Census Bureau TIGERweb Census 2020",
            "url": "https://tigerweb.geo.census.gov/arcgis/rest/services/TIGERweb/tigerWMS_Census2020/MapServer/8/query",
            "date": "2020-04-01",
            "retrieved_at": "2026-09-19T05:38:33.805674+00:00",
            "geo_id": "240317023023",
            "metric": "population",
            "value": 1906.0,
            "unit": "people",
            "excerpt": null,
            "page": null,
            "section": null,
            "page_label": null,
            "document_scope": null
          },
          {
            "evidence_id": "census2020:240317023023:housing_units",
            "type": "structured_data",
            "title": "2020 Census HU100 — Block Group 3, Census Tract 7023.02",
            "source": "U.S. Census Bureau TIGERweb Census 2020",
            "url": "https://tigerweb.geo.census.gov/arcgis/rest/services/TIGERweb/tigerWMS_Census2020/MapServer/8/query",
            "date": "2020-04-01",
            "retrieved_at": "2026-09-19T05:38:33.805674+00:00",
            "geo_id": "240317023023",
            "metric": "housing_units",
            "value": 846.0,
            "unit": "units",
            "excerpt": null,
            "page": null,
            "section": null,
            "page_label": null,
            "document_scope": null
          },
          {
            "evidence_id": "census2020:240317023023:population_density",
            "type": "structured_data",
            "title": "2020 Census Derived Density — Block Group 3, Census Tract 7023.02",
            "source": "U.S. Census Bureau TIGERweb Census 2020",
            "url": "https://tigerweb.geo.census.gov/arcgis/rest/services/TIGERweb/tigerWMS_Census2020/MapServer/8/query",
            "date": "2020-04-01",
            "retrieved_at": "2026-09-19T05:38:33.805674+00:00",
            "geo_id": "240317023023",
            "metric": "population_density",
            "value": 12626.8,
            "unit": "people per sq mi",
            "excerpt": null,
            "page": null,
            "section": null,
            "page_label": null,
            "document_scope": null
          }
        ]
      }
    },
    {
      "type": "Feature",
      "id": "240317029003",
      "geometry": {
        "type": "Polygon",
        "coordinates": [
          [
            [
              -77.03575799969592,
              39.003341000260136
            ],
            [
              -77.03588599974242,
              39.00327799978247
            ],
            [
              -77.03495199978195,
              39.00241000013323
            ],
            [
              -77.03465600040428,
              39.00218099977983
            ],
            [
              -77.03361899961334,
              39.00115799998971
            ],
            [
              -77.03349899996273,
              39.00103899994499
            ],
            [
              -77.03340299970327,
              39.000965000050876
            ],
            [
              -77.0333280002585,
              39.000889999683025
            ],
            [
              -77.03181900036279,
              38.99949699998511
            ],
            [
              -77.03163799971449,
              38.99951800034206
            ],
            [
              -77.03153300013251,
              38.99958500024233
            ],
            [
              -77.03141500013173,
              38.99967299969195
            ],
            [
              -77.03131300002448,
              38.99976599969744
            ],
            [
              -77.03114399997007,
              38.99998000033426
            ],
            [
              -77.0310259999693,
              39.00011600001113
            ],
            [
              -77.03090200012076,
              39.00022600005133
            ],
            [
              -77.0308150000821,
              39.00027699978344
            ],
            [
              -77.03071899982264,
              39.00032399995577
            ],
            [
              -77.03056900003482,
              39.000371999802425
            ],
            [
              -77.03046299972961,
              39.00039299989966
            ],
            [
              -77.03031899978957,
              39.00041300028565
            ],
            [
              -77.03021900023045,
              39.0004110001775
            ],
            [
              -77.03006000022178,
              39.000404999852705
            ],
            [
              -77.0298919999923,
              39.00038399975902
            ],
            [
              -77.0297229999379,
              39.00035200010298
            ],
            [
              -77.02956999977702,
              39.00031299969543
            ],
            [
              -77.02914399980467,
              39.00018599986605
            ],
            [
              -77.02790799972041,
              38.99966799971828
            ],
            [
              -77.02654199993982,
              38.99909199996081
            ],
            [
              -77.02632100000687,
              38.99902300014441
            ],
            [
              -77.02618399973953,
              38.99900000019066
            ],
            [
              -77.02579299992728,
              39.00008099970858
            ],
            [
              -77.02548199958265,
              39.000921000096035
            ],
            [
              -77.02505899998336,
              39.001808999854106
            ],
            [
              -77.02494000015766,
              39.002044999883694
            ],
            [
              -77.0248720003856,
              39.0021519999779
            ],
            [
              -77.02460299987376,
              39.00259500013355
            ],
            [
              -77.02485099957089,
              39.002834999715
            ],
            [
              -77.02560999962917,
              39.003653000037
            ],
            [
              -77.02582100041468,
              39.00381000011354
            ],
            [
              -77.02616700002109,
              39.00399299993647
            ],
            [
              -77.02656500040435,
              39.00416100031841
            ],
            [
              -77.02831899962415,
              39.004740999966884
            ],
            [
              -77.02844099982289,
              39.00477000010368
            ],
            [
              -77.02854399975506,
              39.00477899968637
            ],
            [
              -77.02870500031185,
              39.00476800011871
            ],
            [
              -77.02919200038356,
              39.00474899990951
            ],
            [
              -77.03017300019968,
              39.00478799996601
            ],
            [
              -77.03157800033836,
              39.004815000099896
            ],
            [
              -77.03214200040297,
              39.00477600005834
            ],
            [
              -77.03269100039897,
              39.00468799997497
            ],
            [
              -77.03314199958736,
              39.004573000264216
            ],
            [
              -77.03373699961412,
              39.00435199991895
            ],
            [
              -77.03419400044692,
              39.00413799994061
            ],
            [
              -77.03530099976142,
              39.00358199976342
            ],
            [
              -77.03575799969592,
              39.003341000260136
            ]
          ]
        ]
      },
      "properties": {
        "geo_id": "240317029003",
        "name": "Block Group 3, Census Tract 7029.00",
        "geography_type": "block_group",
        "boundary_vintage": "Census 2020",
        "metrics": {
          "population": 1020.0,
          "housing_units": 552.0,
          "population_density": 6506.8
        },
        "evidence": [
          {
            "evidence_id": "census2020:240317029003:population",
            "type": "structured_data",
            "title": "2020 Census POP100 — Block Group 3, Census Tract 7029.00",
            "source": "U.S. Census Bureau TIGERweb Census 2020",
            "url": "https://tigerweb.geo.census.gov/arcgis/rest/services/TIGERweb/tigerWMS_Census2020/MapServer/8/query",
            "date": "2020-04-01",
            "retrieved_at": "2026-09-19T05:38:33.805674+00:00",
            "geo_id": "240317029003",
            "metric": "population",
            "value": 1020.0,
            "unit": "people",
            "excerpt": null,
            "page": null,
            "section": null,
            "page_label": null,
            "document_scope": null
          },
          {
            "evidence_id": "census2020:240317029003:housing_units",
            "type": "structured_data",
            "title": "2020 Census HU100 — Block Group 3, Census Tract 7029.00",
            "source": "U.S. Census Bureau TIGERweb Census 2020",
            "url": "https://tigerweb.geo.census.gov/arcgis/rest/services/TIGERweb/tigerWMS_Census2020/MapServer/8/query",
            "date": "2020-04-01",
            "retrieved_at": "2026-09-19T05:38:33.805674+00:00",
            "geo_id": "240317029003",
            "metric": "housing_units",
            "value": 552.0,
            "unit": "units",
            "excerpt": null,
            "page": null,
            "section": null,
            "page_label": null,
            "document_scope": null
          },
          {
            "evidence_id": "census2020:240317029003:population_density",
            "type": "structured_data",
            "title": "2020 Census Derived Density — Block Group 3, Census Tract 7029.00",
            "source": "U.S. Census Bureau TIGERweb Census 2020",
            "url": "https://tigerweb.geo.census.gov/arcgis/rest/services/TIGERweb/tigerWMS_Census2020/MapServer/8/query",
            "date": "2020-04-01",
            "retrieved_at": "2026-09-19T05:38:33.805674+00:00",
            "geo_id": "240317029003",
            "metric": "population_density",
            "value": 6506.8,
            "unit": "people per sq mi",
            "excerpt": null,
            "page": null,
            "section": null,
            "page_label": null,
            "document_scope": null
          }
        ]
      }
    },
    {
      "type": "Feature",
      "id": "240338057001",
      "geometry": {
        "type": "Polygon",
        "coordinates": [
          [
            [
              -76.99067599955166,
              38.99302099993387
            ],
            [
              -76.98994900017874,
              38.99315900003348
            ],
            [
              -76.98913499986888,
              38.99331300024185
            ],
            [
              -76.98876499997303,
              38.99338900006699
            ],
            [
              -76.98852999979637,
              38.99342299968676
            ],
            [
              -76.98833399997781,
              38.993428999905476
            ],
            [
              -76.98813899998413,
              38.99341799996957
            ],
            [
              -76.98792300007408,
              38.993385999956
            ],
            [
              -76.9877699999132,
              38.993356000235636
            ],
            [
              -76.98666699989832,
              38.99304999998725
            ],
            [
              -76.98644500014048,
              38.99347300033
            ],
            [
              -76.98623000005533,
              38.993883999880346
            ],
            [
              -76.98488799966584,
              38.99644600028282
            ],
            [
              -76.98337100027251,
              38.99927599984034
            ],
            [
              -76.98292799968341,
              39.00011300018533
            ],
            [
              -76.98260700019135,
              39.000765999989454
            ],
            [
              -76.98244599963456,
              39.00108400022007
            ],
            [
              -76.98270000007778,
              39.00122499973325
            ],
            [
              -76.98288099982776,
              39.001355999955
            ],
            [
              -76.98302399994289,
              39.00148600024435
            ],
            [
              -76.98317600027885,
              39.00164800007732
            ],
            [
              -76.98351600003747,
              39.0021100001233
            ],
            [
              -76.98362900001537,
              39.00226700013362
            ],
            [
              -76.98367000002325,
              39.00220099966038
            ],
            [
              -76.98415000042228,
              39.001437999757215
            ],
            [
              -76.98516100037564,
              39.00055000022953
            ],
            [
              -76.98569299975489,
              38.99998000033426
            ],
            [
              -76.98595100039607,
              38.999385000070696
            ],
            [
              -76.98681800040937,
              38.998355999846694
            ],
            [
              -76.98757699956936,
              38.997269999662954
            ],
            [
              -76.98826500038085,
              38.99628800015939
            ],
            [
              -76.98860500013946,
              38.99599600025785
            ],
            [
              -76.9890589997009,
              38.99557700012562
            ],
            [
              -76.98988399988143,
              38.99398600007173
            ],
            [
              -76.99067599955166,
              38.99302099993387
            ]
          ]
        ]
      },
      "properties": {
        "geo_id": "240338057001",
        "name": "Block Group 1, Census Tract 8057.00",
        "geography_type": "block_group",
        "boundary_vintage": "Census 2020",
        "metrics": {
          "population": 1908.0,
          "housing_units": 567.0,
          "population_density": 19897.2
        },
        "evidence": [
          {
            "evidence_id": "census2020:240338057001:population",
            "type": "structured_data",
            "title": "2020 Census POP100 — Block Group 1, Census Tract 8057.00",
            "source": "U.S. Census Bureau TIGERweb Census 2020",
            "url": "https://tigerweb.geo.census.gov/arcgis/rest/services/TIGERweb/tigerWMS_Census2020/MapServer/8/query",
            "date": "2020-04-01",
            "retrieved_at": "2026-09-19T05:38:33.805674+00:00",
            "geo_id": "240338057001",
            "metric": "population",
            "value": 1908.0,
            "unit": "people",
            "excerpt": null,
            "page": null,
            "section": null,
            "page_label": null,
            "document_scope": null
          },
          {
            "evidence_id": "census2020:240338057001:housing_units",
            "type": "structured_data",
            "title": "2020 Census HU100 — Block Group 1, Census Tract 8057.00",
            "source": "U.S. Census Bureau TIGERweb Census 2020",
            "url": "https://tigerweb.geo.census.gov/arcgis/rest/services/TIGERweb/tigerWMS_Census2020/MapServer/8/query",
            "date": "2020-04-01",
            "retrieved_at": "2026-09-19T05:38:33.805674+00:00",
            "geo_id": "240338057001",
            "metric": "housing_units",
            "value": 567.0,
            "unit": "units",
            "excerpt": null,
            "page": null,
            "section": null,
            "page_label": null,
            "document_scope": null
          },
          {
            "evidence_id": "census2020:240338057001:population_density",
            "type": "structured_data",
            "title": "2020 Census Derived Density — Block Group 1, Census Tract 8057.00",
            "source": "U.S. Census Bureau TIGERweb Census 2020",
            "url": "https://tigerweb.geo.census.gov/arcgis/rest/services/TIGERweb/tigerWMS_Census2020/MapServer/8/query",
            "date": "2020-04-01",
            "retrieved_at": "2026-09-19T05:38:33.805674+00:00",
            "geo_id": "240338057001",
            "metric": "population_density",
            "value": 19897.2,
            "unit": "people per sq mi",
            "excerpt": null,
            "page": null,
            "section": null,
            "page_label": null,
            "document_scope": null
          }
        ]
      }
    },
    {
      "type": "Feature",
      "id": "240317025021",
      "geometry": {
        "type": "Polygon",
        "coordinates": [
          [
            [
              -77.02698899982856,
              38.99456699983687
            ],
            [
              -77.02692199988141,
              38.99442600032138
            ],
            [
              -77.02689000009435,
              38.99426600029324
            ],
            [
              -77.02680800007859,
              38.993403999921796
            ],
            [
              -77.02680600042878,
              38.99330399989882
            ],
            [
              -77.02679100036015,
              38.99295999966245
            ],
            [
              -77.02676899972055,
              38.992473000302574
            ],
            [
              -77.0267650004209,
              38.992086000175036
            ],
            [
              -77.02675500037513,
              38.99154200030566
            ],
            [
              -77.0267860003373,
              38.99085799994201
            ],
            [
              -77.02676700007072,
              38.990234999830015
            ],
            [
              -77.02676200004784,
              38.989664000076694
            ],
            [
              -77.02675899967478,
              38.98931500029486
            ],
            [
              -77.02678499961407,
              38.98887499969011
            ],
            [
              -77.02678100031441,
              38.98875300032661
            ],
            [
              -77.02677600029153,
              38.98783699991196
            ],
            [
              -77.02670500014642,
              38.98748499983799
            ],
            [
              -77.02669699975051,
              38.98733299999492
            ],
            [
              -77.0266890002529,
              38.98656299967064
            ],
            [
              -77.02664900006994,
              38.98575200017151
            ],
            [
              -77.0266110004351,
              38.98467599996439
            ],
            [
              -77.02659600036648,
              38.98451199982293
            ],
            [
              -77.02573299965282,
              38.983832999652606
            ],
            [
              -77.024260999567,
              38.98271899993125
            ],
            [
              -77.02317000014602,
              38.98185699998717
            ],
            [
              -77.02314699968149,
              38.98183899987808
            ],
            [
              -77.02235599983615,
              38.981329999981384
            ],
            [
              -77.02233800029282,
              38.98138000008941
            ],
            [
              -77.02038900018103,
              38.9798729996792
            ],
            [
              -77.02146799990643,
              38.98182399966733
            ],
            [
              -77.02204100019189,
              38.98281800029147
            ],
            [
              -77.02291800025094,
              38.984286999934675
            ],
            [
              -77.02303000040395,
              38.98445900004089
            ],
            [
              -77.0228169999686,
              38.984795000293225
            ],
            [
              -77.02293499996938,
              38.985034000273096
            ],
            [
              -77.02297500015234,
              38.98519099976531
            ],
            [
              -77.02296799958134,
              38.98536500030342
            ],
            [
              -77.02294599984005,
              38.98555000017772
            ],
            [
              -77.02292400009873,
              38.98574099974075
            ],
            [
              -77.022950000038,
              38.9859299996675
            ],
            [
              -77.02305299997016,
              38.98620400020591
            ],
            [
              -77.02329300016966,
              38.98684399982914
            ],
            [
              -77.02342600023906,
              38.98723299977311
            ],
            [
              -77.02358400042282,
              38.987790999708146
            ],
            [
              -77.02361100018699,
              38.98787000022196
            ],
            [
              -77.02377900041647,
              38.98841000018835
            ],
            [
              -77.02388800019642,
              38.988824000119145
            ],
            [
              -77.02393199967904,
              38.989196999747286
            ],
            [
              -77.02392500000634,
              38.98951700001822
            ],
            [
              -77.02395599996848,
              38.990202999773715
            ],
            [
              -77.02403600033442,
              38.99161499975199
            ],
            [
              -77.02408499983991,
              38.993041000309034
            ],
            [
              -77.0241049999314,
              38.993669999658096
            ],
            [
              -77.02411599980205,
              38.993987999663304
            ],
            [
              -77.02413900026657,
              38.99441499984231
            ],
            [
              -77.0241619998328,
              38.99462100021566
            ],
            [
              -77.02422299993218,
              38.9948949999254
            ],
            [
              -77.0244210002989,
              38.9953989997552
            ],
            [
              -77.02551199971988,
              38.99480000023282
            ],
            [
              -77.02587099974508,
              38.99462800011957
            ],
            [
              -77.02595500030898,
              38.99460899997994
            ],
            [
              -77.02682099959908,
              38.99457200017106
            ],
            [
              -77.02698899982856,
              38.99456699983687
            ]
          ]
        ]
      },
      "properties": {
        "geo_id": "240317025021",
        "name": "Block Group 1, Census Tract 7025.02",
        "geography_type": "block_group",
        "boundary_vintage": "Census 2020",
        "metrics": {
          "population": 1731.0,
          "housing_units": 1316.0,
          "population_density": 11690.4
        },
        "evidence": [
          {
            "evidence_id": "census2020:240317025021:population",
            "type": "structured_data",
            "title": "2020 Census POP100 — Block Group 1, Census Tract 7025.02",
            "source": "U.S. Census Bureau TIGERweb Census 2020",
            "url": "https://tigerweb.geo.census.gov/arcgis/rest/services/TIGERweb/tigerWMS_Census2020/MapServer/8/query",
            "date": "2020-04-01",
            "retrieved_at": "2026-09-19T05:38:33.805674+00:00",
            "geo_id": "240317025021",
            "metric": "population",
            "value": 1731.0,
            "unit": "people",
            "excerpt": null,
            "page": null,
            "section": null,
            "page_label": null,
            "document_scope": null
          },
          {
            "evidence_id": "census2020:240317025021:housing_units",
            "type": "structured_data",
            "title": "2020 Census HU100 — Block Group 1, Census Tract 7025.02",
            "source": "U.S. Census Bureau TIGERweb Census 2020",
            "url": "https://tigerweb.geo.census.gov/arcgis/rest/services/TIGERweb/tigerWMS_Census2020/MapServer/8/query",
            "date": "2020-04-01",
            "retrieved_at": "2026-09-19T05:38:33.805674+00:00",
            "geo_id": "240317025021",
            "metric": "housing_units",
            "value": 1316.0,
            "unit": "units",
            "excerpt": null,
            "page": null,
            "section": null,
            "page_label": null,
            "document_scope": null
          },
          {
            "evidence_id": "census2020:240317025021:population_density",
            "type": "structured_data",
            "title": "2020 Census Derived Density — Block Group 1, Census Tract 7025.02",
            "source": "U.S. Census Bureau TIGERweb Census 2020",
            "url": "https://tigerweb.geo.census.gov/arcgis/rest/services/TIGERweb/tigerWMS_Census2020/MapServer/8/query",
            "date": "2020-04-01",
            "retrieved_at": "2026-09-19T05:38:33.805674+00:00",
            "geo_id": "240317025021",
            "metric": "population_density",
            "value": 11690.4,
            "unit": "people per sq mi",
            "excerpt": null,
            "page": null,
            "section": null,
            "page_label": null,
            "document_scope": null
          }
        ]
      }
    },
    {
      "type": "Feature",
      "id": "240317027001",
      "geometry": {
        "type": "Polygon",
        "coordinates": [
          [
            [
              -77.05421400039587,
              38.996882999935735
            ],
            [
              -77.05422199989349,
              38.99669999987432
            ],
            [
              -77.05409200019714,
              38.99551299994199
            ],
            [
              -77.05400799963324,
              38.995207999722595
            ],
            [
              -77.05385500037067,
              38.99498700014555
            ],
            [
              -77.05364899960803,
              38.99476999971549
            ],
            [
              -77.0531459996428,
              38.99448300017419
            ],
            [
              -77.05217200039768,
              38.99389799983317
            ],
            [
              -77.05197099965791,
              38.99377800034705
            ],
            [
              -77.05181800039534,
              38.99385399967283
            ],
            [
              -77.05127699989696,
              38.99418600014355
            ],
            [
              -77.05092700009257,
              38.99443600031114
            ],
            [
              -77.05085699977238,
              38.99448700002743
            ],
            [
              -77.0505060001431,
              38.994719999988604
            ],
            [
              -77.0501549996155,
              38.994903000283216
            ],
            [
              -77.0498729995832,
              38.99499799983753
            ],
            [
              -77.04953000034983,
              38.995063000267486
            ],
            [
              -77.04884300026158,
              38.995162000120274
            ],
            [
              -77.04832400040281,
              38.995235000021694
            ],
            [
              -77.04790400027825,
              38.99526900015096
            ],
            [
              -77.0474849999786,
              38.995272999959724
            ],
            [
              -77.04705800018131,
              38.99525399999326
            ],
            [
              -77.04670699965374,
              38.99520399991016
            ],
            [
              -77.0456000003392,
              38.994964000276255
            ],
            [
              -77.0446699996784,
              38.994753999667104
            ],
            [
              -77.0443109996532,
              38.99471600014858
            ],
            [
              -77.04403600019191,
              38.99473099972207
            ],
            [
              -77.0436779999916,
              38.99481199973802
            ],
            [
              -77.04325799986705,
              38.99499099997026
            ],
            [
              -77.04263899955086,
              38.99530499981819
            ],
            [
              -77.04223699986794,
              38.99550900014679
            ],
            [
              -77.04229399976934,
              38.99559299998793
            ],
            [
              -77.04231999970862,
              38.995632000204466
            ],
            [
              -77.04234300017316,
              38.99570600009072
            ],
            [
              -77.04232899992944,
              38.995772000339144
            ],
            [
              -77.04231200021103,
              38.99581699977505
            ],
            [
              -77.04215700040031,
              38.99580999998881
            ],
            [
              -77.04212499971496,
              38.99584699984859
            ],
            [
              -77.04209899977567,
              38.99604800001289
            ],
            [
              -77.04203000017871,
              38.99633999969987
            ],
            [
              -77.04197099972917,
              38.99661500019221
            ],
            [
              -77.04194499978989,
              38.996822000200545
            ],
            [
              -77.04193899994212,
              38.997209000261385
            ],
            [
              -77.04189299991135,
              38.99764999976379
            ],
            [
              -77.04298500005557,
              38.997656000322216
            ],
            [
              -77.04303199991124,
              38.99935700023889
            ],
            [
              -77.04314599971406,
              38.999430000001524
            ],
            [
              -77.04321100001138,
              39.001155000208136
            ],
            [
              -77.04321600003426,
              39.001205000274915
            ],
            [
              -77.04336499999718,
              39.00127400005776
            ],
            [
              -77.04371599962644,
              39.00144100022496
            ],
            [
              -77.04497500017523,
              39.00204000007758
            ],
            [
              -77.04499100006876,
              39.00202600033934
            ],
            [
              -77.04500500031247,
              39.002013999963175
            ],
            [
              -77.04507399990945,
              39.0019529997646
            ],
            [
              -77.04520399960579,
              39.00193400019559
            ],
            [
              -77.04534900026906,
              39.001963999769956
            ],
            [
              -77.04625700029024,
              39.00240699970663
            ],
            [
              -77.04676799975311,
              39.001414999890414
            ],
            [
              -77.04753799968205,
              38.99984299998482
            ],
            [
              -77.04782800011026,
              38.99922099980126
            ],
            [
              -77.0480070002104,
              38.99926799997692
            ],
            [
              -77.04845699957389,
              38.999305999843635
            ],
            [
              -77.04872400043588,
              38.99931700026053
            ],
            [
              -77.04904099972998,
              38.99930000012322
            ],
            [
              -77.04937800001387,
              38.99927799998058
            ],
            [
              -77.04994799992627,
              38.99919500004715
            ],
            [
              -77.04998999975906,
              38.999227999948246
            ],
            [
              -77.04996899984268,
              38.99934899968654
            ],
            [
              -77.04995499959897,
              38.99952499976152
            ],
            [
              -77.04996200016997,
              38.99965099966529
            ],
            [
              -77.0500330003151,
              38.99984299998482
            ],
            [
              -77.0501670002094,
              38.99999099994824
            ],
            [
              -77.0503010001037,
              39.00004199984974
            ],
            [
              -77.05106299963671,
              38.99962599978533
            ],
            [
              -77.05238300028486,
              38.99884000003236
            ],
            [
              -77.05319199967354,
              38.99835899974695
            ],
            [
              -77.05352700030761,
              38.998111000347016
            ],
            [
              -77.05369499963878,
              38.99795900028521
            ],
            [
              -77.05384799979967,
              38.99777600021388
            ],
            [
              -77.05398500006702,
              38.9975699999489
            ],
            [
              -77.0541380002279,
              38.99723799999486
            ],
            [
              -77.05421400039587,
              38.996882999935735
            ]
          ]
        ]
      },
      "properties": {
        "geo_id": "240317027001",
        "name": "Block Group 1, Census Tract 7027.00",
        "geography_type": "block_group",
        "boundary_vintage": "Census 2020",
        "metrics": {
          "population": 2834.0,
          "housing_units": 904.0,
          "population_density": 12500.1
        },
        "evidence": [
          {
            "evidence_id": "census2020:240317027001:population",
            "type": "structured_data",
            "title": "2020 Census POP100 — Block Group 1, Census Tract 7027.00",
            "source": "U.S. Census Bureau TIGERweb Census 2020",
            "url": "https://tigerweb.geo.census.gov/arcgis/rest/services/TIGERweb/tigerWMS_Census2020/MapServer/8/query",
            "date": "2020-04-01",
            "retrieved_at": "2026-09-19T05:38:33.805674+00:00",
            "geo_id": "240317027001",
            "metric": "population",
            "value": 2834.0,
            "unit": "people",
            "excerpt": null,
            "page": null,
            "section": null,
            "page_label": null,
            "document_scope": null
          },
          {
            "evidence_id": "census2020:240317027001:housing_units",
            "type": "structured_data",
            "title": "2020 Census HU100 — Block Group 1, Census Tract 7027.00",
            "source": "U.S. Census Bureau TIGERweb Census 2020",
            "url": "https://tigerweb.geo.census.gov/arcgis/rest/services/TIGERweb/tigerWMS_Census2020/MapServer/8/query",
            "date": "2020-04-01",
            "retrieved_at": "2026-09-19T05:38:33.805674+00:00",
            "geo_id": "240317027001",
            "metric": "housing_units",
            "value": 904.0,
            "unit": "units",
            "excerpt": null,
            "page": null,
            "section": null,
            "page_label": null,
            "document_scope": null
          },
          {
            "evidence_id": "census2020:240317027001:population_density",
            "type": "structured_data",
            "title": "2020 Census Derived Density — Block Group 1, Census Tract 7027.00",
            "source": "U.S. Census Bureau TIGERweb Census 2020",
            "url": "https://tigerweb.geo.census.gov/arcgis/rest/services/TIGERweb/tigerWMS_Census2020/MapServer/8/query",
            "date": "2020-04-01",
            "retrieved_at": "2026-09-19T05:38:33.805674+00:00",
            "geo_id": "240317027001",
            "metric": "population_density",
            "value": 12500.1,
            "unit": "people per sq mi",
            "excerpt": null,
            "page": null,
            "section": null,
            "page_label": null,
            "document_scope": null
          }
        ]
      }
    },
    {
      "type": "Feature",
      "id": "240317041001",
      "geometry": {
        "type": "Polygon",
        "coordinates": [
          [
            [
              -77.06952500018444,
              39.02198499980466
            ],
            [
              -77.06927099974122,
              39.02188499970068
            ],
            [
              -77.06922899990843,
              39.02186900020136
            ],
            [
              -77.06904599961032,
              39.02179300026179
            ],
            [
              -77.06806099959624,
              39.021427000125115
            ],
            [
              -77.06725999970517,
              39.021132999775745
            ],
            [
              -77.0669249999694,
              39.0209920001643
            ],
            [
              -77.06666499967841,
              39.02090799977213
            ],
            [
              -77.0663600000799,
              39.02077800028115
            ],
            [
              -77.06507799996488,
              39.020084000038956
            ],
            [
              -77.06423100004304,
              39.01964900019031
            ],
            [
              -77.06439199970154,
              39.019358999967615
            ],
            [
              -77.06443699990737,
              39.019167999712764
            ],
            [
              -77.06440699977013,
              39.01892399984608
            ],
            [
              -77.06432300010457,
              39.01870700024989
            ],
            [
              -77.06395700040666,
              39.01792900017626
            ],
            [
              -77.06359099981046,
              39.01706599968035
            ],
            [
              -77.06349899974894,
              39.01679599997274
            ],
            [
              -77.06347600018272,
              39.016653999914475
            ],
            [
              -77.06347600018272,
              39.016464000206405
            ],
            [
              -77.06351399981756,
              39.01624599986104
            ],
            [
              -77.06376599971264,
              39.015467999930465
            ],
            [
              -77.06381900031441,
              39.01522399985952
            ],
            [
              -77.06384199988064,
              39.014910999968954
            ],
            [
              -77.06384199988064,
              39.01425100015478
            ],
            [
              -77.06385799977414,
              39.01356799966135
            ],
            [
              -77.06384199988064,
              39.01285100020964
            ],
            [
              -77.06383799968268,
              39.01271600011591
            ],
            [
              -77.06383500020792,
              39.01261499993415
            ],
            [
              -77.06379599984987,
              39.01236300001271
            ],
            [
              -77.06375099964401,
              39.01225199976248
            ],
            [
              -77.06369700011567,
              39.0121680001553
            ],
            [
              -77.06365799975761,
              39.01211399990643
            ],
            [
              -77.06346500031208,
              39.01185099973357
            ],
            [
              -77.06311799998245,
              39.01245400032057
            ],
            [
              -77.06273899986576,
              39.01292500023442
            ],
            [
              -77.06231600026645,
              39.01330900019479
            ],
            [
              -77.0618059997302,
              39.01364599979993
            ],
            [
              -77.06131799983358,
              39.01388800000457
            ],
            [
              -77.06075999961675,
              39.01405700012941
            ],
            [
              -77.06035799993383,
              39.01411700015096
            ],
            [
              -77.06015999956712,
              39.0141310002882
            ],
            [
              -77.05930599997261,
              39.014123000010706
            ],
            [
              -77.05817799984337,
              39.014038999833815
            ],
            [
              -77.0579820000248,
              39.01402000002097
            ],
            [
              -77.05742800000593,
              39.014130000079085
            ],
            [
              -77.0572079998979,
              39.01418800032001
            ],
            [
              -77.05717899958557,
              39.01421400014783
            ],
            [
              -77.05699199998783,
              39.01439000023426
            ],
            [
              -77.05684399984982,
              39.01460900022193
            ],
            [
              -77.05662899976467,
              39.01492799984471
            ],
            [
              -77.05733000009664,
              39.01542900017874
            ],
            [
              -77.05746200034112,
              39.0155339998908
            ],
            [
              -77.05767400005323,
              39.01570200008295
            ],
            [
              -77.0582439999656,
              39.01620299981919
            ],
            [
              -77.05819700010994,
              39.0162219997435
            ],
            [
              -77.0581440004065,
              39.016244000200494
            ],
            [
              -77.05808599978185,
              39.01627900018377
            ],
            [
              -77.05806900006343,
              39.016291000233885
            ],
            [
              -77.05815699992696,
              39.01636299979379
            ],
            [
              -77.05828999999636,
              39.01648300006058
            ],
            [
              -77.05832699980628,
              39.0165310001103
            ],
            [
              -77.05835399957046,
              39.016572000301466
            ],
            [
              -77.05837200001213,
              39.016620000290764
            ],
            [
              -77.05838500043093,
              39.01666000025695
            ],
            [
              -77.05838799990565,
              39.01673600013036
            ],
            [
              -77.05837500038518,
              39.01682299971071
            ],
            [
              -77.05833000017934,
              39.016982999678376
            ],
            [
              -77.05829099982128,
              39.01713600021174
            ],
            [
              -77.0582849999735,
              39.01717700005213
            ],
            [
              -77.05827999995061,
              39.01721299973914
            ],
            [
              -77.05827400010284,
              39.01726200015616
            ],
            [
              -77.05828300032366,
              39.0173140003336
            ],
            [
              -77.05829300036942,
              39.01735299974368
            ],
            [
              -77.05833100000424,
              39.01742599978068
            ],
            [
              -77.05843200028657,
              39.01760200024834
            ],
            [
              -77.05906999997103,
              39.01857300031456
            ],
            [
              -77.05912900042058,
              39.018677000098926
            ],
            [
              -77.05980700028802,
              39.01964300010148
            ],
            [
              -77.06015299989443,
              39.0201209997662
            ],
            [
              -77.0606149998518,
              39.020487999803684
            ],
            [
              -77.06051600011759,
              39.02059499991619
            ],
            [
              -77.06023400008527,
              39.020843000056516
            ],
            [
              -77.06001999982502,
              39.021068000266986
            ],
            [
              -77.0599970002588,
              39.02112099984944
            ],
            [
              -77.0600659998558,
              39.02247600017501
            ],
            [
              -77.06013399962785,
              39.02377300034463
            ],
            [
              -77.06013399962785,
              39.02404700020513
            ],
            [
              -77.06012899960497,
              39.02409299986871
            ],
            [
              -77.06012699995514,
              39.0241200003097
            ],
            [
              -77.05995899972568,
              39.02448200021173
            ],
            [
              -77.05994399965705,
              39.02460800032489
            ],
            [
              -77.06001200032742,
              39.025302000124725
            ],
            [
              -77.06005199961207,
              39.025740000220146
            ],
            [
              -77.06008900032033,
              39.02612999991388
            ],
            [
              -77.06165299956933,
              39.026046000043586
            ],
            [
              -77.06201900016553,
              39.026003999722015
            ],
            [
              -77.06224000009846,
              39.025954999780616
            ],
            [
              -77.0623699997948,
              39.02591700027265
            ],
            [
              -77.0626369997585,
              39.02578700022214
            ],
            [
              -77.0634460000455,
              39.02536299972708
            ],
            [
              -77.06375800021503,
              39.025211000299755
            ],
            [
              -77.06401799960773,
              39.025107999712354
            ],
            [
              -77.06452099957296,
              39.02499000023715
            ],
            [
              -77.06485700003194,
              39.02495499968073
            ],
            [
              -77.0662760004143,
              39.02489799995376
            ],
            [
              -77.0665580004466,
              39.024882999797555
            ],
            [
              -77.06676400031094,
              39.02487099980992
            ],
            [
              -77.06731400013184,
              39.02483699995014
            ],
            [
              -77.06766300011131,
              39.02487900026715
            ],
            [
              -77.06791800037942,
              39.02485100005858
            ],
            [
              -77.06810199960412,
              39.02483499983472
            ],
            [
              -77.06815000018302,
              39.024821999781004
            ],
            [
              -77.06820999955916,
              39.02480400013216
            ],
            [
              -77.06832199971217,
              39.02474500016547
            ],
            [
              -77.06850400018536,
              39.02459300010721
            ],
            [
              -77.0683180004125,
              39.02440200003433
            ],
            [
              -77.06816000022876,
              39.02423799984137
            ],
            [
              -77.06823700022164,
              39.02410800019254
            ],
            [
              -77.06885499981462,
              39.02308900031714
            ],
            [
              -77.06952500018444,
              39.02198499980466
            ]
          ]
        ]
      },
      "properties": {
        "geo_id": "240317041001",
        "name": "Block Group 1, Census Tract 7041.00",
        "geography_type": "block_group",
        "boundary_vintage": "Census 2020",
        "metrics": {
          "population": 1325.0,
          "housing_units": 512.0,
          "population_density": 4536.3
        },
        "evidence": [
          {
            "evidence_id": "census2020:240317041001:population",
            "type": "structured_data",
            "title": "2020 Census POP100 — Block Group 1, Census Tract 7041.00",
            "source": "U.S. Census Bureau TIGERweb Census 2020",
            "url": "https://tigerweb.geo.census.gov/arcgis/rest/services/TIGERweb/tigerWMS_Census2020/MapServer/8/query",
            "date": "2020-04-01",
            "retrieved_at": "2026-09-19T05:38:33.805674+00:00",
            "geo_id": "240317041001",
            "metric": "population",
            "value": 1325.0,
            "unit": "people",
            "excerpt": null,
            "page": null,
            "section": null,
            "page_label": null,
            "document_scope": null
          },
          {
            "evidence_id": "census2020:240317041001:housing_units",
            "type": "structured_data",
            "title": "2020 Census HU100 — Block Group 1, Census Tract 7041.00",
            "source": "U.S. Census Bureau TIGERweb Census 2020",
            "url": "https://tigerweb.geo.census.gov/arcgis/rest/services/TIGERweb/tigerWMS_Census2020/MapServer/8/query",
            "date": "2020-04-01",
            "retrieved_at": "2026-09-19T05:38:33.805674+00:00",
            "geo_id": "240317041001",
            "metric": "housing_units",
            "value": 512.0,
            "unit": "units",
            "excerpt": null,
            "page": null,
            "section": null,
            "page_label": null,
            "document_scope": null
          },
          {
            "evidence_id": "census2020:240317041001:population_density",
            "type": "structured_data",
            "title": "2020 Census Derived Density — Block Group 1, Census Tract 7041.00",
            "source": "U.S. Census Bureau TIGERweb Census 2020",
            "url": "https://tigerweb.geo.census.gov/arcgis/rest/services/TIGERweb/tigerWMS_Census2020/MapServer/8/query",
            "date": "2020-04-01",
            "retrieved_at": "2026-09-19T05:38:33.805674+00:00",
            "geo_id": "240317041001",
            "metric": "population_density",
            "value": 4536.3,
            "unit": "people per sq mi",
            "excerpt": null,
            "page": null,
            "section": null,
            "page_label": null,
            "document_scope": null
          }
        ]
      }
    },
    {
      "type": "Feature",
      "id": "240317019002",
      "geometry": {
        "type": "Polygon",
        "coordinates": [
          [
            [
              -77.00176199977685,
              38.99586799989247
            ],
            [
              -77.00174699970822,
              38.99578800015741
            ],
            [
              -77.00161700001188,
              38.99542900000589
            ],
            [
              -77.00139600007894,
              38.994917999817126
            ],
            [
              -77.00128899994881,
              38.994644000196445
            ],
            [
              -77.00125100031399,
              38.994503000136184
            ],
            [
              -77.00122799984945,
              38.99395299982055
            ],
            [
              -77.00123500042046,
              38.99343100021098
            ],
            [
              -77.00122000035184,
              38.993289000022884
            ],
            [
              -77.00114400018386,
              38.99300299987071
            ],
            [
              -77.00102199998511,
              38.9927329997699
            ],
            [
              -77.00078500015866,
              38.99211499991333
            ],
            [
              -77.00048800005774,
              38.99137099978717
            ],
            [
              -77.00034300029279,
              38.99100400017031
            ],
            [
              -77.00027399979751,
              38.99088200028715
            ],
            [
              -77.00015199959876,
              38.99071799986106
            ],
            [
              -76.99986999956646,
              38.990458999819154
            ],
            [
              -76.999083999744,
              38.99039800013236
            ],
            [
              -76.99844299968649,
              38.990356000283136
            ],
            [
              -76.99779499995628,
              38.99053099983965
            ],
            [
              -76.99785600005565,
              38.990584999806934
            ],
            [
              -76.997993000323,
              38.99064600003079
            ],
            [
              -76.99805400042237,
              38.99069199977562
            ],
            [
              -76.99812999969205,
              38.990778999970246
            ],
            [
              -76.99816800022519,
              38.99084800014491
            ],
            [
              -76.9981759997228,
              38.99092799987859
            ],
            [
              -76.9980850003845,
              38.99098200024127
            ],
            [
              -76.99803900035376,
              38.99105399972973
            ],
            [
              -76.99803099995785,
              38.991274999719174
            ],
            [
              -76.99796999985847,
              38.99140499967818
            ],
            [
              -76.9980009998206,
              38.9914890002014
            ],
            [
              -76.99806199991998,
              38.99153100007652
            ],
            [
              -76.99821400025596,
              38.99158000013205
            ],
            [
              -76.99828299985293,
              38.991621999953175
            ],
            [
              -76.99847399964862,
              38.99182499990087
            ],
            [
              -76.9987029999775,
              38.99200400000799
            ],
            [
              -76.99887000038207,
              38.99237000020647
            ],
            [
              -76.99886299981105,
              38.992473000302574
            ],
            [
              -76.99875599968092,
              38.992553000294116
            ],
            [
              -76.99868000041127,
              38.99267500008967
            ],
            [
              -76.99865699994675,
              38.99299599980612
            ],
            [
              -76.99854999981662,
              38.99332800011271
            ],
            [
              -76.99850399978585,
              38.99364399995889
            ],
            [
              -76.99851899985447,
              38.99376200007433
            ],
            [
              -76.99856499988522,
              38.99390000012543
            ],
            [
              -76.99861099991597,
              38.99411699973231
            ],
            [
              -76.99869499958156,
              38.994234999757225
            ],
            [
              -76.99885500031344,
              38.994403000269806
            ],
            [
              -76.99896999994118,
              38.994709000253415
            ],
            [
              -76.99894700037495,
              38.99480000023282
            ],
            [
              -76.99886299981105,
              38.994903000283216
            ],
            [
              -76.99880199971167,
              38.99501399983074
            ],
            [
              -76.99875599968092,
              38.99518499992518
            ],
            [
              -76.99856499988522,
              38.99566600014293
            ],
            [
              -76.99819099979142,
              38.99632199978272
            ],
            [
              -76.99815300015658,
              38.996490000227865
            ],
            [
              -76.99806399956981,
              38.996754000021795
            ],
            [
              -76.9982600002867,
              38.99679100008611
            ],
            [
              -76.99868000041127,
              38.99684099974601
            ],
            [
              -76.9987029999775,
              38.99671499972551
            ],
            [
              -76.99880199971167,
              38.9964290001539
            ],
            [
              -76.99903100004053,
              38.99592899975184
            ],
            [
              -76.99912200027715,
              38.99578800015741
            ],
            [
              -76.99938199966982,
              38.995456000220614
            ],
            [
              -76.99963299973999,
              38.995559000014396
            ],
            [
              -76.99978599990087,
              38.99564299979618
            ],
            [
              -76.99986200006884,
              38.9957159998996
            ],
            [
              -77.00004500036695,
              38.99603200025346
            ],
            [
              -77.0008160001208,
              38.99596400001367
            ],
            [
              -77.00176199977685,
              38.99586799989247
            ]
          ]
        ]
      },
      "properties": {
        "geo_id": "240317019002",
        "name": "Block Group 2, Census Tract 7019.00",
        "geography_type": "block_group",
        "boundary_vintage": "Census 2020",
        "metrics": {
          "population": 727.0,
          "housing_units": 363.0,
          "population_density": 14011.5
        },
        "evidence": [
          {
            "evidence_id": "census2020:240317019002:population",
            "type": "structured_data",
            "title": "2020 Census POP100 — Block Group 2, Census Tract 7019.00",
            "source": "U.S. Census Bureau TIGERweb Census 2020",
            "url": "https://tigerweb.geo.census.gov/arcgis/rest/services/TIGERweb/tigerWMS_Census2020/MapServer/8/query",
            "date": "2020-04-01",
            "retrieved_at": "2026-09-19T05:38:33.805674+00:00",
            "geo_id": "240317019002",
            "metric": "population",
            "value": 727.0,
            "unit": "people",
            "excerpt": null,
            "page": null,
            "section": null,
            "page_label": null,
            "document_scope": null
          },
          {
            "evidence_id": "census2020:240317019002:housing_units",
            "type": "structured_data",
            "title": "2020 Census HU100 — Block Group 2, Census Tract 7019.00",
            "source": "U.S. Census Bureau TIGERweb Census 2020",
            "url": "https://tigerweb.geo.census.gov/arcgis/rest/services/TIGERweb/tigerWMS_Census2020/MapServer/8/query",
            "date": "2020-04-01",
            "retrieved_at": "2026-09-19T05:38:33.805674+00:00",
            "geo_id": "240317019002",
            "metric": "housing_units",
            "value": 363.0,
            "unit": "units",
            "excerpt": null,
            "page": null,
            "section": null,
            "page_label": null,
            "document_scope": null
          },
          {
            "evidence_id": "census2020:240317019002:population_density",
            "type": "structured_data",
            "title": "2020 Census Derived Density — Block Group 2, Census Tract 7019.00",
            "source": "U.S. Census Bureau TIGERweb Census 2020",
            "url": "https://tigerweb.geo.census.gov/arcgis/rest/services/TIGERweb/tigerWMS_Census2020/MapServer/8/query",
            "date": "2020-04-01",
            "retrieved_at": "2026-09-19T05:38:33.805674+00:00",
            "geo_id": "240317019002",
            "metric": "population_density",
            "value": 14011.5,
            "unit": "people per sq mi",
            "excerpt": null,
            "page": null,
            "section": null,
            "page_label": null,
            "document_scope": null
          }
        ]
      }
    },
    {
      "type": "Feature",
      "id": "240317016023",
      "geometry": {
        "type": "Polygon",
        "coordinates": [
          [
            [
              -76.99182200012255,
              39.018097000261925
            ],
            [
              -76.99110400007216,
              39.0173369999167
            ],
            [
              -76.99005100028599,
              39.016109000302166
            ],
            [
              -76.98985200009437,
              39.01598299969924
            ],
            [
              -76.98956199966614,
              39.015918000341806
            ],
            [
              -76.98831899990918,
              39.01597199977999
            ],
            [
              -76.98744900042115,
              39.015998000347814
            ],
            [
              -76.98712100035809,
              39.01597899966535
            ],
            [
              -76.98689200002923,
              39.01595999967575
            ],
            [
              -76.98667899959389,
              39.015918000341806
            ],
            [
              -76.98628399958369,
              39.015789999725214
            ],
            [
              -76.98604500010741,
              39.01571199985747
            ],
            [
              -76.98554899981484,
              39.01556699984788
            ],
            [
              -76.98506099991822,
              39.01547600005585
            ],
            [
              -76.9847789998859,
              39.015429999671554
            ],
            [
              -76.98442800025661,
              39.01540700016612
            ],
            [
              -76.98414600022433,
              39.01540300009969
            ],
            [
              -76.98379499969673,
              39.01542600030435
            ],
            [
              -76.98142200016072,
              39.01564000033271
            ],
            [
              -76.9810480000669,
              39.01566600032468
            ],
            [
              -76.98065899990449,
              39.01565100030367
            ],
            [
              -76.97967499971531,
              39.01554399968907
            ],
            [
              -76.97809600039768,
              39.01535699966787
            ],
            [
              -76.97797199965083,
              39.015337000017084
            ],
            [
              -76.97771499973287,
              39.01604199999843
            ],
            [
              -76.97733899998923,
              39.01712000033572
            ],
            [
              -76.977316000423,
              39.01722800012678
            ],
            [
              -76.97716400008706,
              39.01764699975829
            ],
            [
              -76.97711300003343,
              39.01779600031973
            ],
            [
              -76.97698400016198,
              39.01813200002598
            ],
            [
              -76.97686100013834,
              39.018611999728144
            ],
            [
              -76.97677599974955,
              39.01905899995363
            ],
            [
              -76.9772159999656,
              39.019142000310495
            ],
            [
              -76.97834400009481,
              39.019356000259904
            ],
            [
              -76.97900199987076,
              39.01948400000488
            ],
            [
              -76.97990300021925,
              39.0196060001241
            ],
            [
              -76.98154799965911,
              39.01976100012639
            ],
            [
              -76.98188599976791,
              39.01977999979261
            ],
            [
              -76.98270599992556,
              39.0197680003346
            ],
            [
              -76.98341599958005,
              39.01975799973785
            ],
            [
              -76.984369999632,
              39.0197209998206
            ],
            [
              -76.98523300034567,
              39.019621000004086
            ],
            [
              -76.98592799993155,
              39.01952399974681
            ],
            [
              -76.98666000022564,
              39.01938999996394
            ],
            [
              -76.98746600013958,
              39.01922700014618
            ],
            [
              -76.98902699991385,
              39.0188290003139
            ],
            [
              -76.98999000018662,
              39.01857999994244
            ],
            [
              -76.99182200012255,
              39.018097000261925
            ]
          ]
        ]
      },
      "properties": {
        "geo_id": "240317016023",
        "name": "Block Group 3, Census Tract 7016.02",
        "geography_type": "block_group",
        "boundary_vintage": "Census 2020",
        "metrics": {
          "population": 1322.0,
          "housing_units": 350.0,
          "population_density": 7060.4
        },
        "evidence": [
          {
            "evidence_id": "census2020:240317016023:population",
            "type": "structured_data",
            "title": "2020 Census POP100 — Block Group 3, Census Tract 7016.02",
            "source": "U.S. Census Bureau TIGERweb Census 2020",
            "url": "https://tigerweb.geo.census.gov/arcgis/rest/services/TIGERweb/tigerWMS_Census2020/MapServer/8/query",
            "date": "2020-04-01",
            "retrieved_at": "2026-09-19T05:38:33.805674+00:00",
            "geo_id": "240317016023",
            "metric": "population",
            "value": 1322.0,
            "unit": "people",
            "excerpt": null,
            "page": null,
            "section": null,
            "page_label": null,
            "document_scope": null
          },
          {
            "evidence_id": "census2020:240317016023:housing_units",
            "type": "structured_data",
            "title": "2020 Census HU100 — Block Group 3, Census Tract 7016.02",
            "source": "U.S. Census Bureau TIGERweb Census 2020",
            "url": "https://tigerweb.geo.census.gov/arcgis/rest/services/TIGERweb/tigerWMS_Census2020/MapServer/8/query",
            "date": "2020-04-01",
            "retrieved_at": "2026-09-19T05:38:33.805674+00:00",
            "geo_id": "240317016023",
            "metric": "housing_units",
            "value": 350.0,
            "unit": "units",
            "excerpt": null,
            "page": null,
            "section": null,
            "page_label": null,
            "document_scope": null
          },
          {
            "evidence_id": "census2020:240317016023:population_density",
            "type": "structured_data",
            "title": "2020 Census Derived Density — Block Group 3, Census Tract 7016.02",
            "source": "U.S. Census Bureau TIGERweb Census 2020",
            "url": "https://tigerweb.geo.census.gov/arcgis/rest/services/TIGERweb/tigerWMS_Census2020/MapServer/8/query",
            "date": "2020-04-01",
            "retrieved_at": "2026-09-19T05:38:33.805674+00:00",
            "geo_id": "240317016023",
            "metric": "population_density",
            "value": 7060.4,
            "unit": "people per sq mi",
            "excerpt": null,
            "page": null,
            "section": null,
            "page_label": null,
            "document_scope": null
          }
        ]
      }
    },
    {
      "type": "Feature",
      "id": "240317023021",
      "geometry": {
        "type": "Polygon",
        "coordinates": [
          [
            [
              -77.01393099992539,
              39.005621999733044
            ],
            [
              -77.0144039997534,
              39.00486699965655
            ],
            [
              -77.01246600041058,
              39.00432900030139
            ],
            [
              -77.0121230002789,
              39.004191999996216
            ],
            [
              -77.01185600031522,
              39.00403900008069
            ],
            [
              -77.01162699998636,
              39.00385999970017
            ],
            [
              -77.01142100012203,
              39.00364600032782
            ],
            [
              -77.01132200038782,
              39.00353199998031
            ],
            [
              -77.01123000032634,
              39.003368000248244
            ],
            [
              -77.01114599976242,
              39.00309300017199
            ],
            [
              -77.01108499966305,
              39.00265100001566
            ],
            [
              -77.01107700016546,
              39.002105000321784
            ],
            [
              -77.0110389996323,
              39.00199499971238
            ],
            [
              -77.01097800043125,
              39.001910999791875
            ],
            [
              -77.0108410001639,
              39.00177300000519
            ],
            [
              -77.0104749995677,
              39.00149100008961
            ],
            [
              -77.01041400036664,
              39.00144499968485
            ],
            [
              -77.01017699964186,
              39.00118599980692
            ],
            [
              -77.01004699994553,
              39.001006999887046
            ],
            [
              -77.0099330001427,
              39.000705000111175
            ],
            [
              -77.00988000043925,
              39.000399999930686
            ],
            [
              -77.00977999998182,
              38.999850999783185
            ],
            [
              -77.00977300030912,
              38.99970199981187
            ],
            [
              -77.00969600031624,
              38.99971699972483
            ],
            [
              -77.00943699985017,
              38.99982800009858
            ],
            [
              -77.00930700015381,
              38.9999039999082
            ],
            [
              -77.00905600008363,
              39.00011399989454
            ],
            [
              -77.00867399959391,
              39.000728000208774
            ],
            [
              -77.00775899990002,
              39.00167400032622
            ],
            [
              -77.00732399970684,
              39.002101000201094
            ],
            [
              -77.00713299991112,
              39.00225800023137
            ],
            [
              -77.00701900010831,
              39.00234599984696
            ],
            [
              -77.00680499984806,
              39.00246800021182
            ],
            [
              -77.00635499958626,
              39.00265100001566
            ],
            [
              -77.00726299960748,
              39.00423400001098
            ],
            [
              -77.00862799956316,
              39.006641000029376
            ],
            [
              -77.00962799964584,
              39.006617999759875
            ],
            [
              -77.01012399993841,
              39.006617999759875
            ],
            [
              -77.0110389996323,
              39.00659500018092
            ],
            [
              -77.01114599976242,
              39.006568000028345
            ],
            [
              -77.01102399956369,
              39.00688099984589
            ],
            [
              -77.01088700019466,
              39.007449999682294
            ],
            [
              -77.01099299960156,
              39.007433999708965
            ],
            [
              -77.01144399968825,
              39.007269999948036
            ],
            [
              -77.01323600033952,
              39.00666800015408
            ],
            [
              -77.01423600042223,
              39.00661399989436
            ],
            [
              -77.013945999994,
              39.00619800007923
            ],
            [
              -77.01393099992539,
              39.005621999733044
            ]
          ]
        ]
      },
      "properties": {
        "geo_id": "240317023021",
        "name": "Block Group 1, Census Tract 7023.02",
        "geography_type": "block_group",
        "boundary_vintage": "Census 2020",
        "metrics": {
          "population": 1543.0,
          "housing_units": 568.0,
          "population_density": 14414.8
        },
        "evidence": [
          {
            "evidence_id": "census2020:240317023021:population",
            "type": "structured_data",
            "title": "2020 Census POP100 — Block Group 1, Census Tract 7023.02",
            "source": "U.S. Census Bureau TIGERweb Census 2020",
            "url": "https://tigerweb.geo.census.gov/arcgis/rest/services/TIGERweb/tigerWMS_Census2020/MapServer/8/query",
            "date": "2020-04-01",
            "retrieved_at": "2026-09-19T05:38:33.805674+00:00",
            "geo_id": "240317023021",
            "metric": "population",
            "value": 1543.0,
            "unit": "people",
            "excerpt": null,
            "page": null,
            "section": null,
            "page_label": null,
            "document_scope": null
          },
          {
            "evidence_id": "census2020:240317023021:housing_units",
            "type": "structured_data",
            "title": "2020 Census HU100 — Block Group 1, Census Tract 7023.02",
            "source": "U.S. Census Bureau TIGERweb Census 2020",
            "url": "https://tigerweb.geo.census.gov/arcgis/rest/services/TIGERweb/tigerWMS_Census2020/MapServer/8/query",
            "date": "2020-04-01",
            "retrieved_at": "2026-09-19T05:38:33.805674+00:00",
            "geo_id": "240317023021",
            "metric": "housing_units",
            "value": 568.0,
            "unit": "units",
            "excerpt": null,
            "page": null,
            "section": null,
            "page_label": null,
            "document_scope": null
          },
          {
            "evidence_id": "census2020:240317023021:population_density",
            "type": "structured_data",
            "title": "2020 Census Derived Density — Block Group 1, Census Tract 7023.02",
            "source": "U.S. Census Bureau TIGERweb Census 2020",
            "url": "https://tigerweb.geo.census.gov/arcgis/rest/services/TIGERweb/tigerWMS_Census2020/MapServer/8/query",
            "date": "2020-04-01",
            "retrieved_at": "2026-09-19T05:38:33.805674+00:00",
            "geo_id": "240317023021",
            "metric": "population_density",
            "value": 14414.8,
            "unit": "people per sq mi",
            "excerpt": null,
            "page": null,
            "section": null,
            "page_label": null,
            "document_scope": null
          }
        ]
      }
    },
    {
      "type": "Feature",
      "id": "240317028003",
      "geometry": {
        "type": "Polygon",
        "coordinates": [
          [
            [
              -77.03549900012814,
              38.99719200031577
            ],
            [
              -77.0357130003884,
              38.99705099974715
            ],
            [
              -77.03451499993896,
              38.996134999906985
            ],
            [
              -77.03427700028757,
              38.996279999958205
            ],
            [
              -77.03423700010461,
              38.99630399986099
            ],
            [
              -77.03412599977653,
              38.99637199977406
            ],
            [
              -77.0332710003571,
              38.99666200000441
            ],
            [
              -77.03289700026328,
              38.99678399969803
            ],
            [
              -77.03275199960001,
              38.996810000338066
            ],
            [
              -77.03249300003225,
              38.99683300030551
            ],
            [
              -77.03234800026729,
              38.996894000031205
            ],
            [
              -77.03205799983907,
              38.99712699974689
            ],
            [
              -77.03178400020266,
              38.99738299988041
            ],
            [
              -77.03216499996918,
              38.99770699981233
            ],
            [
              -77.0328500004076,
              38.99835000004573
            ],
            [
              -77.03320299968672,
              38.99868000021038
            ],
            [
              -77.0344539998396,
              38.997885999703115
            ],
            [
              -77.03533900029457,
              38.99730599970855
            ],
            [
              -77.03545999977007,
              38.99722000030612
            ],
            [
              -77.03549900012814,
              38.99719200031577
            ]
          ]
        ]
      },
      "properties": {
        "geo_id": "240317028003",
        "name": "Block Group 3, Census Tract 7028.00",
        "geography_type": "block_group",
        "boundary_vintage": "Census 2020",
        "metrics": {
          "population": 620.0,
          "housing_units": 418.0,
          "population_density": 33646.8
        },
        "evidence": [
          {
            "evidence_id": "census2020:240317028003:population",
            "type": "structured_data",
            "title": "2020 Census POP100 — Block Group 3, Census Tract 7028.00",
            "source": "U.S. Census Bureau TIGERweb Census 2020",
            "url": "https://tigerweb.geo.census.gov/arcgis/rest/services/TIGERweb/tigerWMS_Census2020/MapServer/8/query",
            "date": "2020-04-01",
            "retrieved_at": "2026-09-19T05:38:33.805674+00:00",
            "geo_id": "240317028003",
            "metric": "population",
            "value": 620.0,
            "unit": "people",
            "excerpt": null,
            "page": null,
            "section": null,
            "page_label": null,
            "document_scope": null
          },
          {
            "evidence_id": "census2020:240317028003:housing_units",
            "type": "structured_data",
            "title": "2020 Census HU100 — Block Group 3, Census Tract 7028.00",
            "source": "U.S. Census Bureau TIGERweb Census 2020",
            "url": "https://tigerweb.geo.census.gov/arcgis/rest/services/TIGERweb/tigerWMS_Census2020/MapServer/8/query",
            "date": "2020-04-01",
            "retrieved_at": "2026-09-19T05:38:33.805674+00:00",
            "geo_id": "240317028003",
            "metric": "housing_units",
            "value": 418.0,
            "unit": "units",
            "excerpt": null,
            "page": null,
            "section": null,
            "page_label": null,
            "document_scope": null
          },
          {
            "evidence_id": "census2020:240317028003:population_density",
            "type": "structured_data",
            "title": "2020 Census Derived Density — Block Group 3, Census Tract 7028.00",
            "source": "U.S. Census Bureau TIGERweb Census 2020",
            "url": "https://tigerweb.geo.census.gov/arcgis/rest/services/TIGERweb/tigerWMS_Census2020/MapServer/8/query",
            "date": "2020-04-01",
            "retrieved_at": "2026-09-19T05:38:33.805674+00:00",
            "geo_id": "240317028003",
            "metric": "population_density",
            "value": 33646.8,
            "unit": "people per sq mi",
            "excerpt": null,
            "page": null,
            "section": null,
            "page_label": null,
            "document_scope": null
          }
        ]
      }
    },
    {
      "type": "Feature",
      "id": "240317026023",
      "geometry": {
        "type": "Polygon",
        "coordinates": [
          [
            [
              -77.04191600037589,
              38.99616000032219
            ],
            [
              -77.04223699986794,
              38.99550900014679
            ],
            [
              -77.04173700027576,
              38.995772000339144
            ],
            [
              -77.04142599993112,
              38.99592299974509
            ],
            [
              -77.04117599968588,
              38.99603000002147
            ],
            [
              -77.0408610000416,
              38.9961220001623
            ],
            [
              -77.04062000001717,
              38.99615100034129
            ],
            [
              -77.04041400015285,
              38.99616000032219
            ],
            [
              -77.0402979998019,
              38.99614999987788
            ],
            [
              -77.04007699986896,
              38.99613199991239
            ],
            [
              -77.0397489998059,
              38.99605799977345
            ],
            [
              -77.03943900018452,
              38.9959559997758
            ],
            [
              -77.0391639998249,
              38.99581800024318
            ],
            [
              -77.0385500004299,
              38.99544299965308
            ],
            [
              -77.03807300040391,
              38.995147999719315
            ],
            [
              -77.03776200005927,
              38.99495599992538
            ],
            [
              -77.03743200034639,
              38.994775000035325
            ],
            [
              -77.03720800004041,
              38.9946670001697
            ],
            [
              -77.03678700009094,
              38.9945629999882
            ],
            [
              -77.03640999962408,
              38.99453300006852
            ],
            [
              -77.03646200040092,
              38.99584300007221
            ],
            [
              -77.03652000012724,
              38.99635900007292
            ],
            [
              -77.03656199996004,
              38.99643099967645
            ],
            [
              -77.0366370003031,
              38.9965579999622
            ],
            [
              -77.03685200038827,
              38.99692400034626
            ],
            [
              -77.03722599958377,
              38.99725400017977
            ],
            [
              -77.03790400034951,
              38.99767300015635
            ],
            [
              -77.03875000044641,
              38.99794900009514
            ],
            [
              -77.0392490002137,
              38.99814499979259
            ],
            [
              -77.03990199996677,
              38.99832900004028
            ],
            [
              -77.0399530000204,
              38.9983650002453
            ],
            [
              -77.04003900023413,
              38.99842500031348
            ],
            [
              -77.04015999970964,
              38.998488999957864
            ],
            [
              -77.04024400027355,
              38.99852599981308
            ],
            [
              -77.04039300023646,
              38.99856900012999
            ],
            [
              -77.04047500025221,
              38.998582000123285
            ],
            [
              -77.04056999978847,
              38.99857799980341
            ],
            [
              -77.0406350000858,
              38.99856100018668
            ],
            [
              -77.04066299967488,
              38.99856100018668
            ],
            [
              -77.0407620003074,
              38.99859500011413
            ],
            [
              -77.04083500010235,
              38.99861199972268
            ],
            [
              -77.04093300001163,
              38.998639999849246
            ],
            [
              -77.04101000000452,
              38.998668999694445
            ],
            [
              -77.04115700031761,
              38.99870300026814
            ],
            [
              -77.04125900042486,
              38.99872900020299
            ],
            [
              -77.04136900002972,
              38.998737999856
            ],
            [
              -77.04148100018273,
              38.998763999778035
            ],
            [
              -77.04156700039644,
              38.998745999779345
            ],
            [
              -77.04163400034359,
              38.99870499972643
            ],
            [
              -77.04169500044296,
              38.99863799969097
            ],
            [
              -77.04170799996342,
              38.99856900012999
            ],
            [
              -77.04170999961325,
              38.9984980003395
            ],
            [
              -77.04172300003205,
              38.99832999977474
            ],
            [
              -77.04172499968186,
              38.998194000155685
            ],
            [
              -77.04170799996342,
              38.99807500001282
            ],
            [
              -77.0417129999863,
              38.997874000021014
            ],
            [
              -77.04171100033648,
              38.997667000297525
            ],
            [
              -77.04168899969685,
              38.997520000105894
            ],
            [
              -77.04170399976546,
              38.99735700014909
            ],
            [
              -77.04169799991769,
              38.997227999702936
            ],
            [
              -77.04171499963613,
              38.99705200019778
            ],
            [
              -77.04171700018426,
              38.99691100004836
            ],
            [
              -77.04172200020713,
              38.99683300030551
            ],
            [
              -77.04173700027576,
              38.996734999754814
            ],
            [
              -77.04175700036723,
              38.99660000031989
            ],
            [
              -77.04178499995632,
              38.9964850000292
            ],
            [
              -77.04180199967477,
              38.99636100029561
            ],
            [
              -77.04178900015428,
              38.9963200002571
            ],
            [
              -77.04166100010777,
              38.996271999756054
            ],
            [
              -77.0415869995896,
              38.99624700007858
            ],
            [
              -77.04191600037589,
              38.99616000032219
            ]
          ]
        ]
      },
      "properties": {
        "geo_id": "240317026023",
        "name": "Block Group 3, Census Tract 7026.02",
        "geography_type": "block_group",
        "boundary_vintage": "Census 2020",
        "metrics": {
          "population": 2462.0,
          "housing_units": 1138.0,
          "population_density": 50768.3
        },
        "evidence": [
          {
            "evidence_id": "census2020:240317026023:population",
            "type": "structured_data",
            "title": "2020 Census POP100 — Block Group 3, Census Tract 7026.02",
            "source": "U.S. Census Bureau TIGERweb Census 2020",
            "url": "https://tigerweb.geo.census.gov/arcgis/rest/services/TIGERweb/tigerWMS_Census2020/MapServer/8/query",
            "date": "2020-04-01",
            "retrieved_at": "2026-09-19T05:38:33.805674+00:00",
            "geo_id": "240317026023",
            "metric": "population",
            "value": 2462.0,
            "unit": "people",
            "excerpt": null,
            "page": null,
            "section": null,
            "page_label": null,
            "document_scope": null
          },
          {
            "evidence_id": "census2020:240317026023:housing_units",
            "type": "structured_data",
            "title": "2020 Census HU100 — Block Group 3, Census Tract 7026.02",
            "source": "U.S. Census Bureau TIGERweb Census 2020",
            "url": "https://tigerweb.geo.census.gov/arcgis/rest/services/TIGERweb/tigerWMS_Census2020/MapServer/8/query",
            "date": "2020-04-01",
            "retrieved_at": "2026-09-19T05:38:33.805674+00:00",
            "geo_id": "240317026023",
            "metric": "housing_units",
            "value": 1138.0,
            "unit": "units",
            "excerpt": null,
            "page": null,
            "section": null,
            "page_label": null,
            "document_scope": null
          },
          {
            "evidence_id": "census2020:240317026023:population_density",
            "type": "structured_data",
            "title": "2020 Census Derived Density — Block Group 3, Census Tract 7026.02",
            "source": "U.S. Census Bureau TIGERweb Census 2020",
            "url": "https://tigerweb.geo.census.gov/arcgis/rest/services/TIGERweb/tigerWMS_Census2020/MapServer/8/query",
            "date": "2020-04-01",
            "retrieved_at": "2026-09-19T05:38:33.805674+00:00",
            "geo_id": "240317026023",
            "metric": "population_density",
            "value": 50768.3,
            "unit": "people per sq mi",
            "excerpt": null,
            "page": null,
            "section": null,
            "page_label": null,
            "document_scope": null
          }
        ]
      }
    },
    {
      "type": "Feature",
      "id": "240317026042",
      "geometry": {
        "type": "Polygon",
        "coordinates": [
          [
            [
              -77.03649599983781,
              38.99245400028253
            ],
            [
              -77.03650099986066,
              38.992421000015185
            ],
            [
              -77.03627499990486,
              38.99220899989833
            ],
            [
              -77.03621899982836,
              38.99215799993684
            ],
            [
              -77.03613400033785,
              38.99206200023818
            ],
            [
              -77.03567800022827,
              38.991704999692594
            ],
            [
              -77.03498000026937,
              38.991090999981424
            ],
            [
              -77.03407999974577,
              38.99038999996349
            ],
            [
              -77.03353099974979,
              38.98996299993755
            ],
            [
              -77.03270700029249,
              38.99007400025097
            ],
            [
              -77.03230200023654,
              38.99009300021166
            ],
            [
              -77.03216800034222,
              38.990100999715864
            ],
            [
              -77.03179199970029,
              38.990122999918746
            ],
            [
              -77.03167700007255,
              38.99013100011779
            ],
            [
              -77.03132600044327,
              38.99013100011779
            ],
            [
              -77.03060900021778,
              38.990097000312964
            ],
            [
              -77.03035599959948,
              38.99007199985058
            ],
            [
              -77.03062799958603,
              38.99046500028912
            ],
            [
              -77.03126199997085,
              38.990489999914516
            ],
            [
              -77.03137300029893,
              38.99052000015156
            ],
            [
              -77.03152200026186,
              38.99069199977562
            ],
            [
              -77.03169600033911,
              38.99101999967005
            ],
            [
              -77.03176099973814,
              38.99115700034461
            ],
            [
              -77.03183299970816,
              38.991136000299164
            ],
            [
              -77.0322019997791,
              38.99103500002696
            ],
            [
              -77.03226000040375,
              38.99101499978312
            ],
            [
              -77.0322920001908,
              38.99101499978312
            ],
            [
              -77.03305799992177,
              38.99208799982029
            ],
            [
              -77.03351700040437,
              38.992519000256394
            ],
            [
              -77.03371999989567,
              38.99286500016511
            ],
            [
              -77.03374099981207,
              38.9929060001108
            ],
            [
              -77.03380199991145,
              38.99302199974332
            ],
            [
              -77.03438500024262,
              38.99284099979422
            ],
            [
              -77.03547999986158,
              38.992588000131036
            ],
            [
              -77.0359119996817,
              38.99250599984746
            ],
            [
              -77.0361500002314,
              38.9924749999369
            ],
            [
              -77.03621899982836,
              38.99252400003708
            ],
            [
              -77.0363760001872,
              38.99251500029192
            ],
            [
              -77.03648400014222,
              38.992528000000995
            ],
            [
              -77.03649599983781,
              38.99245400028253
            ]
          ]
        ]
      },
      "properties": {
        "geo_id": "240317026042",
        "name": "Block Group 2, Census Tract 7026.04",
        "geography_type": "block_group",
        "boundary_vintage": "Census 2020",
        "metrics": {
          "population": 1572.0,
          "housing_units": 1023.0,
          "population_density": 53471.2
        },
        "evidence": [
          {
            "evidence_id": "census2020:240317026042:population",
            "type": "structured_data",
            "title": "2020 Census POP100 — Block Group 2, Census Tract 7026.04",
            "source": "U.S. Census Bureau TIGERweb Census 2020",
            "url": "https://tigerweb.geo.census.gov/arcgis/rest/services/TIGERweb/tigerWMS_Census2020/MapServer/8/query",
            "date": "2020-04-01",
            "retrieved_at": "2026-09-19T05:38:33.805674+00:00",
            "geo_id": "240317026042",
            "metric": "population",
            "value": 1572.0,
            "unit": "people",
            "excerpt": null,
            "page": null,
            "section": null,
            "page_label": null,
            "document_scope": null
          },
          {
            "evidence_id": "census2020:240317026042:housing_units",
            "type": "structured_data",
            "title": "2020 Census HU100 — Block Group 2, Census Tract 7026.04",
            "source": "U.S. Census Bureau TIGERweb Census 2020",
            "url": "https://tigerweb.geo.census.gov/arcgis/rest/services/TIGERweb/tigerWMS_Census2020/MapServer/8/query",
            "date": "2020-04-01",
            "retrieved_at": "2026-09-19T05:38:33.805674+00:00",
            "geo_id": "240317026042",
            "metric": "housing_units",
            "value": 1023.0,
            "unit": "units",
            "excerpt": null,
            "page": null,
            "section": null,
            "page_label": null,
            "document_scope": null
          },
          {
            "evidence_id": "census2020:240317026042:population_density",
            "type": "structured_data",
            "title": "2020 Census Derived Density — Block Group 2, Census Tract 7026.04",
            "source": "U.S. Census Bureau TIGERweb Census 2020",
            "url": "https://tigerweb.geo.census.gov/arcgis/rest/services/TIGERweb/tigerWMS_Census2020/MapServer/8/query",
            "date": "2020-04-01",
            "retrieved_at": "2026-09-19T05:38:33.805674+00:00",
            "geo_id": "240317026042",
            "metric": "population_density",
            "value": 53471.2,
            "unit": "people per sq mi",
            "excerpt": null,
            "page": null,
            "section": null,
            "page_label": null,
            "document_scope": null
          }
        ]
      }
    },
    {
      "type": "Feature",
      "id": "240317018002",
      "geometry": {
        "type": "Polygon",
        "coordinates": [
          [
            [
              -77.02303000040395,
              38.98445900004089
            ],
            [
              -77.02291800025094,
              38.984286999934675
            ],
            [
              -77.02204100019189,
              38.98281800029147
            ],
            [
              -77.02146799990643,
              38.98182399966733
            ],
            [
              -77.02038900018103,
              38.9798729996792
            ],
            [
              -77.01949799987825,
              38.979084999807235
            ],
            [
              -77.01913399983019,
              38.97880100024517
            ],
            [
              -77.01879499989647,
              38.97853299977116
            ],
            [
              -77.01860300027586,
              38.97838200027681
            ],
            [
              -77.01856899994065,
              38.9783549998338
            ],
            [
              -77.01824099987759,
              38.97853799984139
            ],
            [
              -77.01814200014341,
              38.97862999967418
            ],
            [
              -77.01795499964734,
              38.978870000223864
            ],
            [
              -77.01714799990847,
              38.98000800029368
            ],
            [
              -77.01598399979424,
              38.98163399998113
            ],
            [
              -77.01583400000642,
              38.98185500005289
            ],
            [
              -77.01561800009637,
              38.98214099986103
            ],
            [
              -77.01554299975328,
              38.98255500014439
            ],
            [
              -77.0155310000577,
              38.98324100033461
            ],
            [
              -77.0155360000806,
              38.98339800031169
            ],
            [
              -77.01550900031641,
              38.98360399993141
            ],
            [
              -77.01546699958529,
              38.98376099980179
            ],
            [
              -77.01533699988894,
              38.984032999784944
            ],
            [
              -77.01515100011612,
              38.98429600002775
            ],
            [
              -77.01476199995369,
              38.98474800028115
            ],
            [
              -77.01460999961772,
              38.984946999999856
            ],
            [
              -77.01421299995768,
              38.98548500008827
            ],
            [
              -77.0143960002558,
              38.98559499982869
            ],
            [
              -77.01490000004596,
              38.98589300020924
            ],
            [
              -77.01575399964048,
              38.9864150002519
            ],
            [
              -77.0164259996601,
              38.98576700024828
            ],
            [
              -77.0165019998281,
              38.98567100026048
            ],
            [
              -77.01661599963093,
              38.98572499974595
            ],
            [
              -77.01720399998499,
              38.98614799987628
            ],
            [
              -77.01789799974594,
              38.986693999803826
            ],
            [
              -77.01860800029871,
              38.98714000005456
            ],
            [
              -77.01867600007078,
              38.98715200016023
            ],
            [
              -77.02034700034824,
              38.98821599981599
            ],
            [
              -77.02076699957448,
              38.98763199992703
            ],
            [
              -77.02103400043649,
              38.987276999860164
            ],
            [
              -77.02146899973135,
              38.98667100003248
            ],
            [
              -77.02191099959722,
              38.98606399999705
            ],
            [
              -77.02233800029282,
              38.98548099972627
            ],
            [
              -77.0228169999686,
              38.984795000293225
            ],
            [
              -77.02303000040395,
              38.98445900004089
            ]
          ]
        ]
      },
      "properties": {
        "geo_id": "240317018002",
        "name": "Block Group 2, Census Tract 7018.00",
        "geography_type": "block_group",
        "boundary_vintage": "Census 2020",
        "metrics": {
          "population": 976.0,
          "housing_units": 316.0,
          "population_density": 5615.1
        },
        "evidence": [
          {
            "evidence_id": "census2020:240317018002:population",
            "type": "structured_data",
            "title": "2020 Census POP100 — Block Group 2, Census Tract 7018.00",
            "source": "U.S. Census Bureau TIGERweb Census 2020",
            "url": "https://tigerweb.geo.census.gov/arcgis/rest/services/TIGERweb/tigerWMS_Census2020/MapServer/8/query",
            "date": "2020-04-01",
            "retrieved_at": "2026-09-19T05:38:33.805674+00:00",
            "geo_id": "240317018002",
            "metric": "population",
            "value": 976.0,
            "unit": "people",
            "excerpt": null,
            "page": null,
            "section": null,
            "page_label": null,
            "document_scope": null
          },
          {
            "evidence_id": "census2020:240317018002:housing_units",
            "type": "structured_data",
            "title": "2020 Census HU100 — Block Group 2, Census Tract 7018.00",
            "source": "U.S. Census Bureau TIGERweb Census 2020",
            "url": "https://tigerweb.geo.census.gov/arcgis/rest/services/TIGERweb/tigerWMS_Census2020/MapServer/8/query",
            "date": "2020-04-01",
            "retrieved_at": "2026-09-19T05:38:33.805674+00:00",
            "geo_id": "240317018002",
            "metric": "housing_units",
            "value": 316.0,
            "unit": "units",
            "excerpt": null,
            "page": null,
            "section": null,
            "page_label": null,
            "document_scope": null
          },
          {
            "evidence_id": "census2020:240317018002:population_density",
            "type": "structured_data",
            "title": "2020 Census Derived Density — Block Group 2, Census Tract 7018.00",
            "source": "U.S. Census Bureau TIGERweb Census 2020",
            "url": "https://tigerweb.geo.census.gov/arcgis/rest/services/TIGERweb/tigerWMS_Census2020/MapServer/8/query",
            "date": "2020-04-01",
            "retrieved_at": "2026-09-19T05:38:33.805674+00:00",
            "geo_id": "240317018002",
            "metric": "population_density",
            "value": 5615.1,
            "unit": "people per sq mi",
            "excerpt": null,
            "page": null,
            "section": null,
            "page_label": null,
            "document_scope": null
          }
        ]
      }
    },
    {
      "type": "Feature",
      "id": "240317027004",
      "geometry": {
        "type": "Polygon",
        "coordinates": [
          [
            [
              -77.06032399959865,
              39.0067999996847
            ],
            [
              -77.0602919998116,
              39.00638400026539
            ],
            [
              -77.05815100007919,
              39.00391900033974
            ],
            [
              -77.05795600008551,
              39.00300100001954
            ],
            [
              -77.05822399987412,
              39.00265000034225
            ],
            [
              -77.05343600007103,
              39.001945000203904
            ],
            [
              -77.0529699999157,
              39.002475000037556
            ],
            [
              -77.05255999983687,
              39.00302099966828
            ],
            [
              -77.05211600032118,
              39.00352399990006
            ],
            [
              -77.05136399993559,
              39.00419100034463
            ],
            [
              -77.05056899989229,
              39.00489999970442
            ],
            [
              -77.05044500004374,
              39.005011999963536
            ],
            [
              -77.05002499991916,
              39.00535200031228
            ],
            [
              -77.0498580004129,
              39.00548899976711
            ],
            [
              -77.05065099990806,
              39.00645800007586
            ],
            [
              -77.05068699989306,
              39.00650999982087
            ],
            [
              -77.05128399956963,
              39.00738100033858
            ],
            [
              -77.05166400040954,
              39.00805600028378
            ],
            [
              -77.05200900019106,
              39.008670000078965
            ],
            [
              -77.0521690000246,
              39.008982999669804
            ],
            [
              -77.05248200001907,
              39.009696000252355
            ],
            [
              -77.052702999952,
              39.010241999991955
            ],
            [
              -77.05306199997722,
              39.011245000235675
            ],
            [
              -77.05335900007812,
              39.01194699980649
            ],
            [
              -77.05368799996609,
              39.012516000072075
            ],
            [
              -77.05393900003627,
              39.01285899993308
            ],
            [
              -77.05424199998495,
              39.01320399997103
            ],
            [
              -77.0545469995835,
              39.01290600012223
            ],
            [
              -77.0544350003288,
              39.012878000057846
            ],
            [
              -77.05435300031306,
              39.012811999712696
            ],
            [
              -77.05432599965054,
              39.01271900010526
            ],
            [
              -77.0543149997799,
              39.01256100002657
            ],
            [
              -77.05432599965054,
              39.012385999810135
            ],
            [
              -77.0543359996963,
              39.01219400002776
            ],
            [
              -77.0542870001908,
              39.01181099983923
            ],
            [
              -77.05423799978699,
              39.011351999676734
            ],
            [
              -77.05421500022078,
              39.01125300014076
            ],
            [
              -77.05418900028153,
              39.01113300007322
            ],
            [
              -77.05412300015928,
              39.010935999805945
            ],
            [
              -77.05399699976259,
              39.01065700019637
            ],
            [
              -77.05394800025711,
              39.0104379998369
            ],
            [
              -77.05393700038644,
              39.01026299995148
            ],
            [
              -77.05396400015061,
              39.01012400013678
            ],
            [
              -77.05398099986905,
              39.01003899982928
            ],
            [
              -77.0540190004022,
              39.00980199967238
            ],
            [
              -77.05412999983197,
              39.00981100001096
            ],
            [
              -77.05462299975147,
              39.00984000016332
            ],
            [
              -77.0548219999431,
              39.009868000034444
            ],
            [
              -77.05494199959371,
              39.00989099994515
            ],
            [
              -77.0550179997617,
              39.00991899979609
            ],
            [
              -77.05510599962524,
              39.009838000321686
            ],
            [
              -77.05516599989969,
              39.00975200009743
            ],
            [
              -77.05540600009921,
              39.009781999846666
            ],
            [
              -77.05554300036654,
              39.009589999975425
            ],
            [
              -77.05679500034434,
              39.00955500017177
            ],
            [
              -77.05720200005013,
              39.009423999775706
            ],
            [
              -77.0577860002062,
              39.00900299972145
            ],
            [
              -77.05778399965807,
              39.008418999653976
            ],
            [
              -77.05787499989466,
              39.00831000007915
            ],
            [
              -77.05885700043403,
              39.00756099979037
            ],
            [
              -77.05926699961454,
              39.00754100002899
            ],
            [
              -77.06006300038105,
              39.0072759996906
            ],
            [
              -77.06032399959865,
              39.0067999996847
            ]
          ]
        ]
      },
      "properties": {
        "geo_id": "240317027004",
        "name": "Block Group 4, Census Tract 7027.00",
        "geography_type": "block_group",
        "boundary_vintage": "Census 2020",
        "metrics": {
          "population": 0.0,
          "housing_units": 0.0,
          "population_density": 0.0
        },
        "evidence": [
          {
            "evidence_id": "census2020:240317027004:population",
            "type": "structured_data",
            "title": "2020 Census POP100 — Block Group 4, Census Tract 7027.00",
            "source": "U.S. Census Bureau TIGERweb Census 2020",
            "url": "https://tigerweb.geo.census.gov/arcgis/rest/services/TIGERweb/tigerWMS_Census2020/MapServer/8/query",
            "date": "2020-04-01",
            "retrieved_at": "2026-09-19T05:38:33.805674+00:00",
            "geo_id": "240317027004",
            "metric": "population",
            "value": 0.0,
            "unit": "people",
            "excerpt": null,
            "page": null,
            "section": null,
            "page_label": null,
            "document_scope": null
          },
          {
            "evidence_id": "census2020:240317027004:housing_units",
            "type": "structured_data",
            "title": "2020 Census HU100 — Block Group 4, Census Tract 7027.00",
            "source": "U.S. Census Bureau TIGERweb Census 2020",
            "url": "https://tigerweb.geo.census.gov/arcgis/rest/services/TIGERweb/tigerWMS_Census2020/MapServer/8/query",
            "date": "2020-04-01",
            "retrieved_at": "2026-09-19T05:38:33.805674+00:00",
            "geo_id": "240317027004",
            "metric": "housing_units",
            "value": 0.0,
            "unit": "units",
            "excerpt": null,
            "page": null,
            "section": null,
            "page_label": null,
            "document_scope": null
          },
          {
            "evidence_id": "census2020:240317027004:population_density",
            "type": "structured_data",
            "title": "2020 Census Derived Density — Block Group 4, Census Tract 7027.00",
            "source": "U.S. Census Bureau TIGERweb Census 2020",
            "url": "https://tigerweb.geo.census.gov/arcgis/rest/services/TIGERweb/tigerWMS_Census2020/MapServer/8/query",
            "date": "2020-04-01",
            "retrieved_at": "2026-09-19T05:38:33.805674+00:00",
            "geo_id": "240317027004",
            "metric": "population_density",
            "value": 0.0,
            "unit": "people per sq mi",
            "excerpt": null,
            "page": null,
            "section": null,
            "page_label": null,
            "document_scope": null
          }
        ]
      }
    },
    {
      "type": "Feature",
      "id": "240317027002",
      "geometry": {
        "type": "Polygon",
        "coordinates": [
          [
            [
              -77.06345100006837,
              38.99473600004467
            ],
            [
              -77.06343799964958,
              38.99465899978525
            ],
            [
              -77.06338499994614,
              38.994524999668926
            ],
            [
              -77.06337700044851,
              38.994476000255986
            ],
            [
              -77.06340699968744,
              38.99443400003403
            ],
            [
              -77.06336200037993,
              38.99428899969121
            ],
            [
              -77.06326199992249,
              38.99420900026565
            ],
            [
              -77.06307899962438,
              38.99419000001352
            ],
            [
              -77.06297999989019,
              38.99413999987685
            ],
            [
              -77.0629039997222,
              38.994071000118964
            ],
            [
              -77.06261400019228,
              38.9937209999264
            ],
            [
              -77.06246900042731,
              38.99362900015501
            ],
            [
              -77.06230899969545,
              38.99337299970638
            ],
            [
              -77.06212600029566,
              38.9929270003292
            ],
            [
              -77.06192700010403,
              38.99287699999841
            ],
            [
              -77.06063499994326,
              38.99257899969585
            ],
            [
              -77.05950099996626,
              38.99233600008083
            ],
            [
              -77.05896399966583,
              38.992274000097154
            ],
            [
              -77.05886199955857,
              38.99226299998179
            ],
            [
              -77.05837200001213,
              38.9922399999254
            ],
            [
              -77.05820399978263,
              38.99224799988516
            ],
            [
              -77.05809199962964,
              38.992255999843955
            ],
            [
              -77.05587999975212,
              38.99245400028253
            ],
            [
              -77.05554900021433,
              38.992506999664194
            ],
            [
              -77.05490800015683,
              38.99266799999263
            ],
            [
              -77.05393900003627,
              38.99300299987071
            ],
            [
              -77.05246699995044,
              38.99354100017067
            ],
            [
              -77.05197099965791,
              38.99377800034705
            ],
            [
              -77.05217200039768,
              38.99389799983317
            ],
            [
              -77.0531459996428,
              38.99448300017419
            ],
            [
              -77.05364899960803,
              38.99476999971549
            ],
            [
              -77.05394700043219,
              38.994907000112676
            ],
            [
              -77.05412999983197,
              38.99499799983753
            ],
            [
              -77.0543359996963,
              38.99514699993989
            ],
            [
              -77.05439699979567,
              38.99521200023304
            ],
            [
              -77.05612900017248,
              38.99626500001481
            ],
            [
              -77.05664800003125,
              38.9965619996981
            ],
            [
              -77.05702899979775,
              38.996779999974684
            ],
            [
              -77.05748699955716,
              38.99703899992345
            ],
            [
              -77.0576089997559,
              38.99707400033442
            ],
            [
              -77.05664999968107,
              38.99790600009961
            ],
            [
              -77.05698699996496,
              38.99771900022091
            ],
            [
              -77.05727300019522,
              38.99760800002932
            ],
            [
              -77.05784399993253,
              38.99756300033606
            ],
            [
              -77.0581939997369,
              38.99752500023143
            ],
            [
              -77.05855000028737,
              38.99750000029846
            ],
            [
              -77.05904400003178,
              38.99749399972681
            ],
            [
              -77.05944999991264,
              38.997506000171455
            ],
            [
              -77.05993699998436,
              38.99752500023143
            ],
            [
              -77.06051199991963,
              38.99754400028629
            ],
            [
              -77.06143699965926,
              38.99760599984187
            ],
            [
              -77.06247699992493,
              38.99770300014114
            ],
            [
              -77.06268699998722,
              38.9977490001862
            ],
            [
              -77.06269000036026,
              38.99771799977972
            ],
            [
              -77.06270299988074,
              38.99731000010034
            ],
            [
              -77.06266100004795,
              38.9970350002145
            ],
            [
              -77.06266100004795,
              38.99680800012801
            ],
            [
              -77.06272299997224,
              38.996598000103944
            ],
            [
              -77.06289000037681,
              38.996452000245185
            ],
            [
              -77.06299400013388,
              38.99624199986275
            ],
            [
              -77.06297300021748,
              38.99603099978835
            ],
            [
              -77.06282799955422,
              38.995675000185564
            ],
            [
              -77.06270299988074,
              38.99541600013151
            ],
            [
              -77.06264000013155,
              38.995206000165496
            ],
            [
              -77.06280699963781,
              38.99504400024469
            ],
            [
              -77.06320199964803,
              38.994897999972416
            ],
            [
              -77.06345100006837,
              38.99473600004467
            ]
          ]
        ]
      },
      "properties": {
        "geo_id": "240317027002",
        "name": "Block Group 2, Census Tract 7027.00",
        "geography_type": "block_group",
        "boundary_vintage": "Census 2020",
        "metrics": {
          "population": 1034.0,
          "housing_units": 412.0,
          "population_density": 7003.3
        },
        "evidence": [
          {
            "evidence_id": "census2020:240317027002:population",
            "type": "structured_data",
            "title": "2020 Census POP100 — Block Group 2, Census Tract 7027.00",
            "source": "U.S. Census Bureau TIGERweb Census 2020",
            "url": "https://tigerweb.geo.census.gov/arcgis/rest/services/TIGERweb/tigerWMS_Census2020/MapServer/8/query",
            "date": "2020-04-01",
            "retrieved_at": "2026-09-19T05:38:33.805674+00:00",
            "geo_id": "240317027002",
            "metric": "population",
            "value": 1034.0,
            "unit": "people",
            "excerpt": null,
            "page": null,
            "section": null,
            "page_label": null,
            "document_scope": null
          },
          {
            "evidence_id": "census2020:240317027002:housing_units",
            "type": "structured_data",
            "title": "2020 Census HU100 — Block Group 2, Census Tract 7027.00",
            "source": "U.S. Census Bureau TIGERweb Census 2020",
            "url": "https://tigerweb.geo.census.gov/arcgis/rest/services/TIGERweb/tigerWMS_Census2020/MapServer/8/query",
            "date": "2020-04-01",
            "retrieved_at": "2026-09-19T05:38:33.805674+00:00",
            "geo_id": "240317027002",
            "metric": "housing_units",
            "value": 412.0,
            "unit": "units",
            "excerpt": null,
            "page": null,
            "section": null,
            "page_label": null,
            "document_scope": null
          },
          {
            "evidence_id": "census2020:240317027002:population_density",
            "type": "structured_data",
            "title": "2020 Census Derived Density — Block Group 2, Census Tract 7027.00",
            "source": "U.S. Census Bureau TIGERweb Census 2020",
            "url": "https://tigerweb.geo.census.gov/arcgis/rest/services/TIGERweb/tigerWMS_Census2020/MapServer/8/query",
            "date": "2020-04-01",
            "retrieved_at": "2026-09-19T05:38:33.805674+00:00",
            "geo_id": "240317027002",
            "metric": "population_density",
            "value": 7003.3,
            "unit": "people per sq mi",
            "excerpt": null,
            "page": null,
            "section": null,
            "page_label": null,
            "document_scope": null
          }
        ]
      }
    },
    {
      "type": "Feature",
      "id": "240317026041",
      "geometry": {
        "type": "Polygon",
        "coordinates": [
          [
            [
              -77.0399449996245,
              38.99960700028952
            ],
            [
              -77.03993600030196,
              38.99945499995073
            ],
            [
              -77.03990000031695,
              38.99893900018607
            ],
            [
              -77.03964199967578,
              38.99846599983054
            ],
            [
              -77.0392490002137,
              38.99814499979259
            ],
            [
              -77.03875000044641,
              38.99794900009514
            ],
            [
              -77.03790400034951,
              38.99767300015635
            ],
            [
              -77.03722599958377,
              38.99725400017977
            ],
            [
              -77.03685200038827,
              38.99692400034626
            ],
            [
              -77.0366370003031,
              38.9965579999622
            ],
            [
              -77.03656199996004,
              38.99643099967645
            ],
            [
              -77.03652000012724,
              38.99635900007292
            ],
            [
              -77.03646200040092,
              38.99584300007221
            ],
            [
              -77.03640999962408,
              38.99453300006852
            ],
            [
              -77.03639299990564,
              38.99361299984861
            ],
            [
              -77.0363829998599,
              38.99299899993359
            ],
            [
              -77.03643399991351,
              38.9927109996801
            ],
            [
              -77.03648400014222,
              38.992528000000995
            ],
            [
              -77.0363760001872,
              38.99251500029192
            ],
            [
              -77.03621899982836,
              38.99252400003708
            ],
            [
              -77.0361500002314,
              38.9924749999369
            ],
            [
              -77.0359119996817,
              38.99250599984746
            ],
            [
              -77.03547999986158,
              38.992588000131036
            ],
            [
              -77.03438500024262,
              38.99284099979422
            ],
            [
              -77.03380199991145,
              38.99302199974332
            ],
            [
              -77.03344500043437,
              38.993166999889354
            ],
            [
              -77.03282899959291,
              38.99344799966372
            ],
            [
              -77.03259400031457,
              38.99353299965893
            ],
            [
              -77.0324400003288,
              38.993584000025926
            ],
            [
              -77.03234099969627,
              38.99362099965316
            ],
            [
              -77.03167500042272,
              38.99394500005353
            ],
            [
              -77.03291599963154,
              38.99492200034392
            ],
            [
              -77.03362199998638,
              38.995460000018866
            ],
            [
              -77.03451499993896,
              38.996134999906985
            ],
            [
              -77.0357130003884,
              38.99705099974715
            ],
            [
              -77.036269999882,
              38.997478000294265
            ],
            [
              -77.03675799977863,
              38.99782500013441
            ],
            [
              -77.03750599996624,
              38.99828299967418
            ],
            [
              -77.03772299970123,
              38.99840799996191
            ],
            [
              -77.03889400038646,
              38.99907999978509
            ],
            [
              -77.03969500027755,
              38.99951100022377
            ],
            [
              -77.0397489998059,
              38.99953199987842
            ],
            [
              -77.0399449996245,
              38.99960700028952
            ]
          ]
        ]
      },
      "properties": {
        "geo_id": "240317026041",
        "name": "Block Group 1, Census Tract 7026.04",
        "geography_type": "block_group",
        "boundary_vintage": "Census 2020",
        "metrics": {
          "population": 1249.0,
          "housing_units": 736.0,
          "population_density": 20489.8
        },
        "evidence": [
          {
            "evidence_id": "census2020:240317026041:population",
            "type": "structured_data",
            "title": "2020 Census POP100 — Block Group 1, Census Tract 7026.04",
            "source": "U.S. Census Bureau TIGERweb Census 2020",
            "url": "https://tigerweb.geo.census.gov/arcgis/rest/services/TIGERweb/tigerWMS_Census2020/MapServer/8/query",
            "date": "2020-04-01",
            "retrieved_at": "2026-09-19T05:38:33.805674+00:00",
            "geo_id": "240317026041",
            "metric": "population",
            "value": 1249.0,
            "unit": "people",
            "excerpt": null,
            "page": null,
            "section": null,
            "page_label": null,
            "document_scope": null
          },
          {
            "evidence_id": "census2020:240317026041:housing_units",
            "type": "structured_data",
            "title": "2020 Census HU100 — Block Group 1, Census Tract 7026.04",
            "source": "U.S. Census Bureau TIGERweb Census 2020",
            "url": "https://tigerweb.geo.census.gov/arcgis/rest/services/TIGERweb/tigerWMS_Census2020/MapServer/8/query",
            "date": "2020-04-01",
            "retrieved_at": "2026-09-19T05:38:33.805674+00:00",
            "geo_id": "240317026041",
            "metric": "housing_units",
            "value": 736.0,
            "unit": "units",
            "excerpt": null,
            "page": null,
            "section": null,
            "page_label": null,
            "document_scope": null
          },
          {
            "evidence_id": "census2020:240317026041:population_density",
            "type": "structured_data",
            "title": "2020 Census Derived Density — Block Group 1, Census Tract 7026.04",
            "source": "U.S. Census Bureau TIGERweb Census 2020",
            "url": "https://tigerweb.geo.census.gov/arcgis/rest/services/TIGERweb/tigerWMS_Census2020/MapServer/8/query",
            "date": "2020-04-01",
            "retrieved_at": "2026-09-19T05:38:33.805674+00:00",
            "geo_id": "240317026041",
            "metric": "population_density",
            "value": 20489.8,
            "unit": "people per sq mi",
            "excerpt": null,
            "page": null,
            "section": null,
            "page_label": null,
            "document_scope": null
          }
        ]
      }
    },
    {
      "type": "Feature",
      "id": "240317025012",
      "geometry": {
        "type": "Polygon",
        "coordinates": [
          [
            [
              -77.0303289998353,
              38.98863899972408
            ],
            [
              -77.03107299982497,
              38.98805700029128
            ],
            [
              -77.02963400024944,
              38.986923999898885
            ],
            [
              -77.02960900013508,
              38.98690399988993
            ],
            [
              -77.02841099968565,
              38.98596499998651
            ],
            [
              -77.02810600008712,
              38.98572100009579
            ],
            [
              -77.02699499967633,
              38.984870000262774
            ],
            [
              -77.02687000000289,
              38.98477499968278
            ],
            [
              -77.02659600036648,
              38.98451199982293
            ],
            [
              -77.0266110004351,
              38.98467599996439
            ],
            [
              -77.02664900006994,
              38.98575200017151
            ],
            [
              -77.0266890002529,
              38.98656299967064
            ],
            [
              -77.02669699975051,
              38.98733299999492
            ],
            [
              -77.02670500014642,
              38.98748499983799
            ],
            [
              -77.0268790002237,
              38.98763600016741
            ],
            [
              -77.02757700018263,
              38.98839599984818
            ],
            [
              -77.02827500014153,
              38.98918599985188
            ],
            [
              -77.0287170000074,
              38.989703999925766
            ],
            [
              -77.02894499961305,
              38.98993599972178
            ],
            [
              -77.02912899973606,
              38.98979099993835
            ],
            [
              -77.02952499957118,
              38.9892419998728
            ],
            [
              -77.0303289998353,
              38.98863899972408
            ]
          ]
        ]
      },
      "properties": {
        "geo_id": "240317025012",
        "name": "Block Group 2, Census Tract 7025.01",
        "geography_type": "block_group",
        "boundary_vintage": "Census 2020",
        "metrics": {
          "population": 1250.0,
          "housing_units": 751.0,
          "population_density": 30963.5
        },
        "evidence": [
          {
            "evidence_id": "census2020:240317025012:population",
            "type": "structured_data",
            "title": "2020 Census POP100 — Block Group 2, Census Tract 7025.01",
            "source": "U.S. Census Bureau TIGERweb Census 2020",
            "url": "https://tigerweb.geo.census.gov/arcgis/rest/services/TIGERweb/tigerWMS_Census2020/MapServer/8/query",
            "date": "2020-04-01",
            "retrieved_at": "2026-09-19T05:38:33.805674+00:00",
            "geo_id": "240317025012",
            "metric": "population",
            "value": 1250.0,
            "unit": "people",
            "excerpt": null,
            "page": null,
            "section": null,
            "page_label": null,
            "document_scope": null
          },
          {
            "evidence_id": "census2020:240317025012:housing_units",
            "type": "structured_data",
            "title": "2020 Census HU100 — Block Group 2, Census Tract 7025.01",
            "source": "U.S. Census Bureau TIGERweb Census 2020",
            "url": "https://tigerweb.geo.census.gov/arcgis/rest/services/TIGERweb/tigerWMS_Census2020/MapServer/8/query",
            "date": "2020-04-01",
            "retrieved_at": "2026-09-19T05:38:33.805674+00:00",
            "geo_id": "240317025012",
            "metric": "housing_units",
            "value": 751.0,
            "unit": "units",
            "excerpt": null,
            "page": null,
            "section": null,
            "page_label": null,
            "document_scope": null
          },
          {
            "evidence_id": "census2020:240317025012:population_density",
            "type": "structured_data",
            "title": "2020 Census Derived Density — Block Group 2, Census Tract 7025.01",
            "source": "U.S. Census Bureau TIGERweb Census 2020",
            "url": "https://tigerweb.geo.census.gov/arcgis/rest/services/TIGERweb/tigerWMS_Census2020/MapServer/8/query",
            "date": "2020-04-01",
            "retrieved_at": "2026-09-19T05:38:33.805674+00:00",
            "geo_id": "240317025012",
            "metric": "population_density",
            "value": 30963.5,
            "unit": "people per sq mi",
            "excerpt": null,
            "page": null,
            "section": null,
            "page_label": null,
            "document_scope": null
          }
        ]
      }
    },
    {
      "type": "Feature",
      "id": "240317021012",
      "geometry": {
        "type": "Polygon",
        "coordinates": [
          [
            [
              -76.99572299982086,
              39.002580999807094
            ],
            [
              -76.99564500000305,
              39.002393000041025
            ],
            [
              -76.99559099957638,
              39.00214799985985
            ],
            [
              -76.9955649996371,
              39.00189499996197
            ],
            [
              -76.99555399976647,
              39.00151699969815
            ],
            [
              -76.9955350003982,
              39.00093900023954
            ],
            [
              -76.99551500030671,
              39.000538000301084
            ],
            [
              -76.99544699963634,
              39.000099000065795
            ],
            [
              -76.99530199987139,
              38.99964599969
            ],
            [
              -76.99527699975702,
              38.99965200007916
            ],
            [
              -76.9949789998312,
              38.999686999895786
            ],
            [
              -76.9939720000758,
              38.999679000078885
            ],
            [
              -76.99168300020538,
              38.999767000109735
            ],
            [
              -76.99158399957287,
              38.9997849998487
            ],
            [
              -76.99149999990728,
              38.99980100015576
            ],
            [
              -76.99123100029375,
              38.9998479999462
            ],
            [
              -76.9911009996991,
              39.00029799990883
            ],
            [
              -76.9908899998119,
              39.001130999856315
            ],
            [
              -76.99071900010767,
              39.00180499971662
            ],
            [
              -76.99063100024414,
              39.002154000036825
            ],
            [
              -76.9902069999216,
              39.00386100005458
            ],
            [
              -76.99006800000444,
              39.004611999719664
            ],
            [
              -76.99057400034272,
              39.004611000074014
            ],
            [
              -76.9909950002922,
              39.00492000021244
            ],
            [
              -76.99245300013432,
              39.00598900032608
            ],
            [
              -76.991289999845,
              39.00668100005534
            ],
            [
              -76.99132400018019,
              39.00692000012309
            ],
            [
              -76.99139399960205,
              39.00741099969732
            ],
            [
              -76.99181299990174,
              39.00753700021567
            ],
            [
              -76.99200399969745,
              39.007648000187224
            ],
            [
              -76.99262999968632,
              39.00808999983659
            ],
            [
              -76.99310300041266,
              39.00770100005562
            ],
            [
              -76.99347599978324,
              39.007262999898686
            ],
            [
              -76.99346900011054,
              39.007209000093184
            ],
            [
              -76.99349199967676,
              39.007155999856145
            ],
            [
              -76.99366699957895,
              39.0068960003309
            ],
            [
              -76.993782000105,
              39.006770999682026
            ],
            [
              -76.99408699970351,
              39.00654200018196
            ],
            [
              -76.99458999966876,
              39.006209999745685
            ],
            [
              -76.99512399959613,
              39.00584700020833
            ],
            [
              -76.99404099967276,
              39.00446300000176
            ],
            [
              -76.99327800031483,
              39.003749000067366
            ],
            [
              -76.99430799963646,
              39.00342099983293
            ],
            [
              -76.9945289995694,
              39.00331099987347
            ],
            [
              -76.9947050001948,
              39.003185000204795
            ],
            [
              -76.9947820001877,
              39.00310100030098
            ],
            [
              -76.99505599982409,
              39.00280699985229
            ],
            [
              -76.99526199968841,
              39.00266199991249
            ],
            [
              -76.99550699991079,
              39.002608000085196
            ],
            [
              -76.99572299982086,
              39.002580999807094
            ]
          ]
        ]
      },
      "properties": {
        "geo_id": "240317021012",
        "name": "Block Group 2, Census Tract 7021.01",
        "geography_type": "block_group",
        "boundary_vintage": "Census 2020",
        "metrics": {
          "population": 1437.0,
          "housing_units": 482.0,
          "population_density": 13049.2
        },
        "evidence": [
          {
            "evidence_id": "census2020:240317021012:population",
            "type": "structured_data",
            "title": "2020 Census POP100 — Block Group 2, Census Tract 7021.01",
            "source": "U.S. Census Bureau TIGERweb Census 2020",
            "url": "https://tigerweb.geo.census.gov/arcgis/rest/services/TIGERweb/tigerWMS_Census2020/MapServer/8/query",
            "date": "2020-04-01",
            "retrieved_at": "2026-09-19T05:38:33.805674+00:00",
            "geo_id": "240317021012",
            "metric": "population",
            "value": 1437.0,
            "unit": "people",
            "excerpt": null,
            "page": null,
            "section": null,
            "page_label": null,
            "document_scope": null
          },
          {
            "evidence_id": "census2020:240317021012:housing_units",
            "type": "structured_data",
            "title": "2020 Census HU100 — Block Group 2, Census Tract 7021.01",
            "source": "U.S. Census Bureau TIGERweb Census 2020",
            "url": "https://tigerweb.geo.census.gov/arcgis/rest/services/TIGERweb/tigerWMS_Census2020/MapServer/8/query",
            "date": "2020-04-01",
            "retrieved_at": "2026-09-19T05:38:33.805674+00:00",
            "geo_id": "240317021012",
            "metric": "housing_units",
            "value": 482.0,
            "unit": "units",
            "excerpt": null,
            "page": null,
            "section": null,
            "page_label": null,
            "document_scope": null
          },
          {
            "evidence_id": "census2020:240317021012:population_density",
            "type": "structured_data",
            "title": "2020 Census Derived Density — Block Group 2, Census Tract 7021.01",
            "source": "U.S. Census Bureau TIGERweb Census 2020",
            "url": "https://tigerweb.geo.census.gov/arcgis/rest/services/TIGERweb/tigerWMS_Census2020/MapServer/8/query",
            "date": "2020-04-01",
            "retrieved_at": "2026-09-19T05:38:33.805674+00:00",
            "geo_id": "240317021012",
            "metric": "population_density",
            "value": 13049.2,
            "unit": "people per sq mi",
            "excerpt": null,
            "page": null,
            "section": null,
            "page_label": null,
            "document_scope": null
          }
        ]
      }
    },
    {
      "type": "Feature",
      "id": "240338073051",
      "geometry": {
        "type": "Polygon",
        "coordinates": [
          [
            [
              -76.97727799988986,
              39.01094699981055
            ],
            [
              -76.97718300035363,
              39.01088699989162
            ],
            [
              -76.97705600013201,
              39.01077999974707
            ],
            [
              -76.97694900000188,
              39.010684000184135
            ],
            [
              -76.97675499983315,
              39.01046699973223
            ],
            [
              -76.97654499977085,
              39.0102610001218
            ],
            [
              -76.97631700016521,
              39.010032000053954
            ],
            [
              -76.97619699961632,
              39.00992699985117
            ],
            [
              -76.9761539999586,
              39.009895000323404
            ],
            [
              -76.97611200012581,
              39.00986300008319
            ],
            [
              -76.97593200020076,
              39.00975700005654
            ],
            [
              -76.97578499988765,
              39.00964200021013
            ],
            [
              -76.97575599957536,
              39.00961900021845
            ],
            [
              -76.9740070003784,
              39.008963999894696
            ],
            [
              -76.97384300034689,
              39.00884799987118
            ],
            [
              -76.97357300001013,
              39.00862700031691
            ],
            [
              -76.97345099981139,
              39.00854699965106
            ],
            [
              -76.97282999984537,
              39.00812499966712
            ],
            [
              -76.97268799955516,
              39.00802700009798
            ],
            [
              -76.97194000026586,
              39.00751200033011
            ],
            [
              -76.9708039997407,
              39.00674800015286
            ],
            [
              -76.97058199998285,
              39.00659900004757
            ],
            [
              -76.97049300029438,
              39.00650099976033
            ],
            [
              -76.97016100003337,
              39.00624499980841
            ],
            [
              -76.96999199997897,
              39.00609999993452
            ],
            [
              -76.96978299974161,
              39.00592200020774
            ],
            [
              -76.96961799988516,
              39.00571500029554
            ],
            [
              -76.96948499981578,
              39.0055689997031
            ],
            [
              -76.96931699958628,
              39.00540800010622
            ],
            [
              -76.96919399956262,
              39.00529799974603
            ],
            [
              -76.96881399962103,
              39.005006000028956
            ],
            [
              -76.96835099983876,
              39.005291000199605
            ],
            [
              -76.96798900033883,
              39.005543000187565
            ],
            [
              -76.9674029996346,
              39.00593300029404
            ],
            [
              -76.96694800024825,
              39.00625000001536
            ],
            [
              -76.96684600014098,
              39.00633399967039
            ],
            [
              -76.96679799956209,
              39.00638100000728
            ],
            [
              -76.9667349998129,
              39.00644900000869
            ],
            [
              -76.96666799986575,
              39.00653100019035
            ],
            [
              -76.96659199969778,
              39.00665099968894
            ],
            [
              -76.96650499965914,
              39.006829999987914
            ],
            [
              -76.96644199990995,
              39.00698800030437
            ],
            [
              -76.96634900002353,
              39.007273999776466
            ],
            [
              -76.96603600002909,
              39.00830500001781
            ],
            [
              -76.96592100040135,
              39.00866000000677
            ],
            [
              -76.96579300035484,
              39.009122999912634
            ],
            [
              -76.96577999993606,
              39.00920999978437
            ],
            [
              -76.96573200025546,
              39.009520999927076
            ],
            [
              -76.96569700009537,
              39.00979199976023
            ],
            [
              -76.9656700003312,
              39.00999900030616
            ],
            [
              -76.96536400000944,
              39.01246099985619
            ],
            [
              -76.96528000034385,
              39.013151000038214
            ],
            [
              -76.96522699974209,
              39.013474000131666
            ],
            [
              -76.96518099971134,
              39.0136679996624
            ],
            [
              -76.96514599955124,
              39.013791000258486
            ],
            [
              -76.9651010002437,
              39.013915999669074
            ],
            [
              -76.9649949999385,
              39.014208000295795
            ],
            [
              -76.96484000012781,
              39.01465199983707
            ],
            [
              -76.96478099967827,
              39.014849000223144
            ],
            [
              -76.96477099963249,
              39.01488100030138
            ],
            [
              -76.96469500036285,
              39.01520299997713
            ],
            [
              -76.9646369997382,
              39.01555299999487
            ],
            [
              -76.96460999997403,
              39.015737000334504
            ],
            [
              -76.96451700008762,
              39.01634200024964
            ],
            [
              -76.96437099959942,
              39.01733299995939
            ],
            [
              -76.96429199995671,
              39.017836000318624
            ],
            [
              -76.9642769998881,
              39.017957999791655
            ],
            [
              -76.96426699984235,
              39.01809799971702
            ],
            [
              -76.96425799962152,
              39.01827899996247
            ],
            [
              -76.96424799957579,
              39.01850699970097
            ],
            [
              -76.96424500010104,
              39.019006000221324
            ],
            [
              -76.96502800044878,
              39.01889499992898
            ],
            [
              -76.96735199958097,
              39.01864900022568
            ],
            [
              -76.96915699975271,
              39.01853300003463
            ],
            [
              -76.96999899965168,
              39.01851799992383
            ],
            [
              -76.97055100002072,
              39.01853800007084
            ],
            [
              -76.97074900038743,
              39.0185459998489
            ],
            [
              -76.97162200024853,
              39.01855099988419
            ],
            [
              -76.97172299963256,
              39.01855599991917
            ],
            [
              -76.97189199968695,
              39.01835400004026
            ],
            [
              -76.97191699980131,
              39.01832099998791
            ],
            [
              -76.97209699972638,
              39.01810900000351
            ],
            [
              -76.97216100019878,
              39.01801699983888
            ],
            [
              -76.97217999956705,
              39.017989999858855
            ],
            [
              -76.97353399965209,
              39.01605599975464
            ],
            [
              -76.97377100037687,
              39.01571800027988
            ],
            [
              -76.97384800036976,
              39.015635000091585
            ],
            [
              -76.97456499969692,
              39.01471399975561
            ],
            [
              -76.97558400004621,
              39.01329700033664
            ],
            [
              -76.97592200015501,
              39.01282399965313
            ],
            [
              -76.97605699987422,
              39.012634000124464
            ],
            [
              -76.9762250001037,
              39.01240099982569
            ],
            [
              -76.97714200034574,
              39.01113100026814
            ],
            [
              -76.97727799988986,
              39.01094699981055
            ]
          ]
        ]
      },
      "properties": {
        "geo_id": "240338073051",
        "name": "Block Group 1, Census Tract 8073.05",
        "geography_type": "block_group",
        "boundary_vintage": "Census 2020",
        "metrics": {
          "population": 2006.0,
          "housing_units": 588.0,
          "population_density": 4825.9
        },
        "evidence": [
          {
            "evidence_id": "census2020:240338073051:population",
            "type": "structured_data",
            "title": "2020 Census POP100 — Block Group 1, Census Tract 8073.05",
            "source": "U.S. Census Bureau TIGERweb Census 2020",
            "url": "https://tigerweb.geo.census.gov/arcgis/rest/services/TIGERweb/tigerWMS_Census2020/MapServer/8/query",
            "date": "2020-04-01",
            "retrieved_at": "2026-09-19T05:38:33.805674+00:00",
            "geo_id": "240338073051",
            "metric": "population",
            "value": 2006.0,
            "unit": "people",
            "excerpt": null,
            "page": null,
            "section": null,
            "page_label": null,
            "document_scope": null
          },
          {
            "evidence_id": "census2020:240338073051:housing_units",
            "type": "structured_data",
            "title": "2020 Census HU100 — Block Group 1, Census Tract 8073.05",
            "source": "U.S. Census Bureau TIGERweb Census 2020",
            "url": "https://tigerweb.geo.census.gov/arcgis/rest/services/TIGERweb/tigerWMS_Census2020/MapServer/8/query",
            "date": "2020-04-01",
            "retrieved_at": "2026-09-19T05:38:33.805674+00:00",
            "geo_id": "240338073051",
            "metric": "housing_units",
            "value": 588.0,
            "unit": "units",
            "excerpt": null,
            "page": null,
            "section": null,
            "page_label": null,
            "document_scope": null
          },
          {
            "evidence_id": "census2020:240338073051:population_density",
            "type": "structured_data",
            "title": "2020 Census Derived Density — Block Group 1, Census Tract 8073.05",
            "source": "U.S. Census Bureau TIGERweb Census 2020",
            "url": "https://tigerweb.geo.census.gov/arcgis/rest/services/TIGERweb/tigerWMS_Census2020/MapServer/8/query",
            "date": "2020-04-01",
            "retrieved_at": "2026-09-19T05:38:33.805674+00:00",
            "geo_id": "240338073051",
            "metric": "population_density",
            "value": 4825.9,
            "unit": "people per sq mi",
            "excerpt": null,
            "page": null,
            "section": null,
            "page_label": null,
            "document_scope": null
          }
        ]
      }
    },
    {
      "type": "Feature",
      "id": "240317022003",
      "geometry": {
        "type": "Polygon",
        "coordinates": [
          [
            [
              -77.01841300030505,
              39.008721000006425
            ],
            [
              -77.01827199983975,
              39.00867399982823
            ],
            [
              -77.01807400037134,
              39.008627999905855
            ],
            [
              -77.0175089995835,
              39.00854799993914
            ],
            [
              -77.01681499982254,
              39.00851399990847
            ],
            [
              -77.01631100003239,
              39.00857899978862
            ],
            [
              -77.01601399993147,
              39.00864400030715
            ],
            [
              -77.01425099959253,
              39.00910100003244
            ],
            [
              -77.01370199959652,
              39.009239000183186
            ],
            [
              -77.01338100010447,
              39.0092920002555
            ],
            [
              -77.01272499997835,
              39.00936099982921
            ],
            [
              -77.01219100005098,
              39.009428999757944
            ],
            [
              -77.01171800022294,
              39.00951299982607
            ],
            [
              -77.01159600002423,
              39.00956699996679
            ],
            [
              -77.01145100025927,
              39.00963200027536
            ],
            [
              -77.01059699976643,
              39.009840999735125
            ],
            [
              -77.0104670000701,
              39.00989099994515
            ],
            [
              -77.01037500000858,
              39.009928999690295
            ],
            [
              -77.00995599970891,
              39.0100359997262
            ],
            [
              -77.00971200020977,
              39.010093000266394
            ],
            [
              -77.00946000031469,
              39.01012799980382
            ],
            [
              -77.00907299980209,
              39.01020800007755
            ],
            [
              -77.00824500014683,
              39.01034699972716
            ],
            [
              -77.00704099984962,
              39.0105589999472
            ],
            [
              -77.00643099975424,
              39.010673000138674
            ],
            [
              -77.00560700029696,
              39.010828999735516
            ],
            [
              -77.00534000033326,
              39.01091000016904
            ],
            [
              -77.00483700036803,
              39.011070000252914
            ],
            [
              -77.0043789997103,
              39.01127199999897
            ],
            [
              -77.00357799981923,
              39.01168399971068
            ],
            [
              -77.00276900043056,
              39.01215300009028
            ],
            [
              -77.00264300003386,
              39.01222199966494
            ],
            [
              -77.00360999960628,
              39.01351900017455
            ],
            [
              -77.00376199994224,
              39.01344800003178
            ],
            [
              -77.00395199991306,
              39.01335900004707
            ],
            [
              -77.00424599964091,
              39.013261000052
            ],
            [
              -77.00461200023712,
              39.01319000034822
            ],
            [
              -77.00486699960693,
              39.01317899999446
            ],
            [
              -77.00518700017238,
              39.013152999786165
            ],
            [
              -77.00540100043263,
              39.01310699998477
            ],
            [
              -77.00560700029696,
              39.01303799987758
            ],
            [
              -77.00583599972751,
              39.01293499970361
            ],
            [
              -77.00671299978656,
              39.01251199984207
            ],
            [
              -77.00701900010831,
              39.01242400030871
            ],
            [
              -77.00733100027784,
              39.01239700028718
            ],
            [
              -77.00817800019968,
              39.012393000050444
            ],
            [
              -77.00924600005445,
              39.012409000298035
            ],
            [
              -77.01023100006854,
              39.01241299983585
            ],
            [
              -77.01134400012914,
              39.012427999845734
            ],
            [
              -77.01245800001468,
              39.012451000319984
            ],
            [
              -77.01360299986233,
              39.012477000088396
            ],
            [
              -77.01471699974785,
              39.01249300031698
            ],
            [
              -77.01631100003239,
              39.01249999984869
            ],
            [
              -77.0167820002106,
              39.0125260002971
            ],
            [
              -77.0168950001885,
              39.01208900024257
            ],
            [
              -77.0169739998312,
              39.01182299994951
            ],
            [
              -77.01726799955908,
              39.0110340002307
            ],
            [
              -77.01740800019947,
              39.01060500000982
            ],
            [
              -77.01787500017971,
              39.009320999922664
            ],
            [
              -77.01797100043918,
              39.00914799992685
            ],
            [
              -77.01802599979244,
              39.009084999734526
            ],
            [
              -77.01823099983186,
              39.00887100011362
            ],
            [
              -77.01841300030505,
              39.008721000006425
            ]
          ]
        ]
      },
      "properties": {
        "geo_id": "240317022003",
        "name": "Block Group 3, Census Tract 7022.00",
        "geography_type": "block_group",
        "boundary_vintage": "Census 2020",
        "metrics": {
          "population": 1044.0,
          "housing_units": 396.0,
          "population_density": 7275.8
        },
        "evidence": [
          {
            "evidence_id": "census2020:240317022003:population",
            "type": "structured_data",
            "title": "2020 Census POP100 — Block Group 3, Census Tract 7022.00",
            "source": "U.S. Census Bureau TIGERweb Census 2020",
            "url": "https://tigerweb.geo.census.gov/arcgis/rest/services/TIGERweb/tigerWMS_Census2020/MapServer/8/query",
            "date": "2020-04-01",
            "retrieved_at": "2026-09-19T05:38:33.805674+00:00",
            "geo_id": "240317022003",
            "metric": "population",
            "value": 1044.0,
            "unit": "people",
            "excerpt": null,
            "page": null,
            "section": null,
            "page_label": null,
            "document_scope": null
          },
          {
            "evidence_id": "census2020:240317022003:housing_units",
            "type": "structured_data",
            "title": "2020 Census HU100 — Block Group 3, Census Tract 7022.00",
            "source": "U.S. Census Bureau TIGERweb Census 2020",
            "url": "https://tigerweb.geo.census.gov/arcgis/rest/services/TIGERweb/tigerWMS_Census2020/MapServer/8/query",
            "date": "2020-04-01",
            "retrieved_at": "2026-09-19T05:38:33.805674+00:00",
            "geo_id": "240317022003",
            "metric": "housing_units",
            "value": 396.0,
            "unit": "units",
            "excerpt": null,
            "page": null,
            "section": null,
            "page_label": null,
            "document_scope": null
          },
          {
            "evidence_id": "census2020:240317022003:population_density",
            "type": "structured_data",
            "title": "2020 Census Derived Density — Block Group 3, Census Tract 7022.00",
            "source": "U.S. Census Bureau TIGERweb Census 2020",
            "url": "https://tigerweb.geo.census.gov/arcgis/rest/services/TIGERweb/tigerWMS_Census2020/MapServer/8/query",
            "date": "2020-04-01",
            "retrieved_at": "2026-09-19T05:38:33.805674+00:00",
            "geo_id": "240317022003",
            "metric": "population_density",
            "value": 7275.8,
            "unit": "people per sq mi",
            "excerpt": null,
            "page": null,
            "section": null,
            "page_label": null,
            "document_scope": null
          }
        ]
      }
    },
    {
      "type": "Feature",
      "id": "240338056013",
      "geometry": {
        "type": "Polygon",
        "coordinates": [
          [
            [
              -76.99067599955166,
              38.99302099993387
            ],
            [
              -76.99109800022437,
              38.992405000133886
            ],
            [
              -76.98997099992006,
              38.99126000011137
            ],
            [
              -76.98948499967325,
              38.990761999876426
            ],
            [
              -76.98908899983813,
              38.99035099965106
            ],
            [
              -76.98874800025459,
              38.990005000019984
            ],
            [
              -76.98857099980427,
              38.98982700029754
            ],
            [
              -76.98813300013636,
              38.98940899980923
            ],
            [
              -76.98802799965607,
              38.9893079998655
            ],
            [
              -76.98789399976175,
              38.98919099986802
            ],
            [
              -76.98779500002756,
              38.989098999793846
            ],
            [
              -76.98763900039194,
              38.98897899985138
            ],
            [
              -76.98725799972712,
              38.98868699981645
            ],
            [
              -76.9868200000592,
              38.9883749996818
            ],
            [
              -76.98624400029902,
              38.988019999849996
            ],
            [
              -76.98597499978719,
              38.987865000112514
            ],
            [
              -76.9850049998417,
              38.98731200021143
            ],
            [
              -76.98444199960203,
              38.98786400023021
            ],
            [
              -76.98422700041517,
              38.988063000266614
            ],
            [
              -76.98410799969118,
              38.988155000290895
            ],
            [
              -76.98400099956106,
              38.98823899978355
            ],
            [
              -76.98379499969673,
              38.988396999722916
            ],
            [
              -76.9838850001084,
              38.98848200019847
            ],
            [
              -76.98395000040574,
              38.98856699987371
            ],
            [
              -76.98402700039864,
              38.98871399981043
            ],
            [
              -76.98410299966831,
              38.98891800028557
            ],
            [
              -76.98418300003425,
              38.989164999919886
            ],
            [
              -76.98419999975268,
              38.989215999943404
            ],
            [
              -76.98422300021721,
              38.9892879998319
            ],
            [
              -76.98426000002715,
              38.98942100022849
            ],
            [
              -76.98433100017225,
              38.989678000166066
            ],
            [
              -76.98441099963989,
              38.99007199985058
            ],
            [
              -76.98444199960203,
              38.99027000011505
            ],
            [
              -76.98446099986859,
              38.9903909998101
            ],
            [
              -76.98449000018091,
              38.99092600020056
            ],
            [
              -76.9844950002038,
              38.99101999967005
            ],
            [
              -76.9844969998536,
              38.99134099991084
            ],
            [
              -76.98448400033314,
              38.99160900007769
            ],
            [
              -76.98448099996008,
              38.99169599984334
            ],
            [
              -76.98446300041674,
              38.9918800001029
            ],
            [
              -76.984369999632,
              38.9924419996793
            ],
            [
              -76.98460599963354,
              38.99248100023594
            ],
            [
              -76.98493100022188,
              38.992547999817276
            ],
            [
              -76.98523499999548,
              38.992626999909014
            ],
            [
              -76.98565299957193,
              38.99274500032378
            ],
            [
              -76.98652999963097,
              38.99300900012499
            ],
            [
              -76.98666699989832,
              38.99304999998725
            ],
            [
              -76.9877699999132,
              38.993356000235636
            ],
            [
              -76.98792300007408,
              38.993385999956
            ],
            [
              -76.98813899998413,
              38.99341799996957
            ],
            [
              -76.98833399997781,
              38.993428999905476
            ],
            [
              -76.98852999979637,
              38.99342299968676
            ],
            [
              -76.98876499997303,
              38.99338900006699
            ],
            [
              -76.98913499986888,
              38.99331300024185
            ],
            [
              -76.98994900017874,
              38.99315900003348
            ],
            [
              -76.99067599955166,
              38.99302099993387
            ]
          ]
        ]
      },
      "properties": {
        "geo_id": "240338056013",
        "name": "Block Group 3, Census Tract 8056.01",
        "geography_type": "block_group",
        "boundary_vintage": "Census 2020",
        "metrics": {
          "population": 2544.0,
          "housing_units": 695.0,
          "population_density": 27472.4
        },
        "evidence": [
          {
            "evidence_id": "census2020:240338056013:population",
            "type": "structured_data",
            "title": "2020 Census POP100 — Block Group 3, Census Tract 8056.01",
            "source": "U.S. Census Bureau TIGERweb Census 2020",
            "url": "https://tigerweb.geo.census.gov/arcgis/rest/services/TIGERweb/tigerWMS_Census2020/MapServer/8/query",
            "date": "2020-04-01",
            "retrieved_at": "2026-09-19T05:38:33.805674+00:00",
            "geo_id": "240338056013",
            "metric": "population",
            "value": 2544.0,
            "unit": "people",
            "excerpt": null,
            "page": null,
            "section": null,
            "page_label": null,
            "document_scope": null
          },
          {
            "evidence_id": "census2020:240338056013:housing_units",
            "type": "structured_data",
            "title": "2020 Census HU100 — Block Group 3, Census Tract 8056.01",
            "source": "U.S. Census Bureau TIGERweb Census 2020",
            "url": "https://tigerweb.geo.census.gov/arcgis/rest/services/TIGERweb/tigerWMS_Census2020/MapServer/8/query",
            "date": "2020-04-01",
            "retrieved_at": "2026-09-19T05:38:33.805674+00:00",
            "geo_id": "240338056013",
            "metric": "housing_units",
            "value": 695.0,
            "unit": "units",
            "excerpt": null,
            "page": null,
            "section": null,
            "page_label": null,
            "document_scope": null
          },
          {
            "evidence_id": "census2020:240338056013:population_density",
            "type": "structured_data",
            "title": "2020 Census Derived Density — Block Group 3, Census Tract 8056.01",
            "source": "U.S. Census Bureau TIGERweb Census 2020",
            "url": "https://tigerweb.geo.census.gov/arcgis/rest/services/TIGERweb/tigerWMS_Census2020/MapServer/8/query",
            "date": "2020-04-01",
            "retrieved_at": "2026-09-19T05:38:33.805674+00:00",
            "geo_id": "240338056013",
            "metric": "population_density",
            "value": 27472.4,
            "unit": "people per sq mi",
            "excerpt": null,
            "page": null,
            "section": null,
            "page_label": null,
            "document_scope": null
          }
        ]
      }
    },
    {
      "type": "Feature",
      "id": "240338059062",
      "geometry": {
        "type": "Polygon",
        "coordinates": [
          [
            [
              -76.97936099989596,
              39.0081329999251
            ],
            [
              -76.97910900000089,
              39.008105000065214
            ],
            [
              -76.97878900033373,
              39.008075999899496
            ],
            [
              -76.97861699990628,
              39.008075999899496
            ],
            [
              -76.97847499961607,
              39.00809800009854
            ],
            [
              -76.97830599956166,
              39.008143999667595
            ],
            [
              -76.97811899996391,
              39.00821299966309
            ],
            [
              -76.97800000013822,
              39.00827599993409
            ],
            [
              -76.97783699993161,
              39.00836699991619
            ],
            [
              -76.97767000042535,
              39.008167999734354
            ],
            [
              -76.97759199970922,
              39.008098999694916
            ],
            [
              -76.97748899977707,
              39.00802399990956
            ],
            [
              -76.9773859998449,
              39.007961999710524
            ],
            [
              -76.97723400040725,
              39.007893999767504
            ],
            [
              -76.97705000028424,
              39.00784200034183
            ],
            [
              -76.97689499957522,
              39.00781300006829
            ],
            [
              -76.9755129999011,
              39.00763400016269
            ],
            [
              -76.97467699984992,
              39.00751800005214
            ],
            [
              -76.9733029996734,
              39.00734899965899
            ],
            [
              -76.97274700000472,
              39.007278999910746
            ],
            [
              -76.97258399979809,
              39.00725700015502
            ],
            [
              -76.97249199973658,
              39.007253999934
            ],
            [
              -76.9724010003983,
              39.0072620002905
            ],
            [
              -76.97231000016171,
              39.0072769999967
            ],
            [
              -76.97221300007732,
              39.00731299983698
            ],
            [
              -76.97210400029738,
              39.007376000211515
            ],
            [
              -76.97194000026586,
              39.00751200033011
            ],
            [
              -76.97268799955516,
              39.00802700009798
            ],
            [
              -76.97282999984537,
              39.00812499966712
            ],
            [
              -76.97345099981139,
              39.00854699965106
            ],
            [
              -76.97357300001013,
              39.00862700031691
            ],
            [
              -76.97384300034689,
              39.00884799987118
            ],
            [
              -76.9740070003784,
              39.008963999894696
            ],
            [
              -76.97575599957536,
              39.00961900021845
            ],
            [
              -76.97578499988765,
              39.00964200021013
            ],
            [
              -76.97593200020076,
              39.00975700005654
            ],
            [
              -76.97611200012581,
              39.00986300008319
            ],
            [
              -76.9761539999586,
              39.009895000323404
            ],
            [
              -76.97619699961632,
              39.00992699985117
            ],
            [
              -76.97631700016521,
              39.010032000053954
            ],
            [
              -76.97654499977085,
              39.0102610001218
            ],
            [
              -76.97675499983315,
              39.01046699973223
            ],
            [
              -76.97694900000188,
              39.010684000184135
            ],
            [
              -76.97705600013201,
              39.01077999974707
            ],
            [
              -76.97718300035363,
              39.01088699989162
            ],
            [
              -76.97727799988986,
              39.01094699981055
            ],
            [
              -76.97728600028579,
              39.01093800031455
            ],
            [
              -76.97809800004751,
              39.00980799989822
            ],
            [
              -76.97936099989596,
              39.0081329999251
            ]
          ]
        ]
      },
      "properties": {
        "geo_id": "240338059062",
        "name": "Block Group 2, Census Tract 8059.06",
        "geography_type": "block_group",
        "boundary_vintage": "Census 2020",
        "metrics": {
          "population": 1462.0,
          "housing_units": 503.0,
          "population_density": 34040.2
        },
        "evidence": [
          {
            "evidence_id": "census2020:240338059062:population",
            "type": "structured_data",
            "title": "2020 Census POP100 — Block Group 2, Census Tract 8059.06",
            "source": "U.S. Census Bureau TIGERweb Census 2020",
            "url": "https://tigerweb.geo.census.gov/arcgis/rest/services/TIGERweb/tigerWMS_Census2020/MapServer/8/query",
            "date": "2020-04-01",
            "retrieved_at": "2026-09-19T05:38:33.805674+00:00",
            "geo_id": "240338059062",
            "metric": "population",
            "value": 1462.0,
            "unit": "people",
            "excerpt": null,
            "page": null,
            "section": null,
            "page_label": null,
            "document_scope": null
          },
          {
            "evidence_id": "census2020:240338059062:housing_units",
            "type": "structured_data",
            "title": "2020 Census HU100 — Block Group 2, Census Tract 8059.06",
            "source": "U.S. Census Bureau TIGERweb Census 2020",
            "url": "https://tigerweb.geo.census.gov/arcgis/rest/services/TIGERweb/tigerWMS_Census2020/MapServer/8/query",
            "date": "2020-04-01",
            "retrieved_at": "2026-09-19T05:38:33.805674+00:00",
            "geo_id": "240338059062",
            "metric": "housing_units",
            "value": 503.0,
            "unit": "units",
            "excerpt": null,
            "page": null,
            "section": null,
            "page_label": null,
            "document_scope": null
          },
          {
            "evidence_id": "census2020:240338059062:population_density",
            "type": "structured_data",
            "title": "2020 Census Derived Density — Block Group 2, Census Tract 8059.06",
            "source": "U.S. Census Bureau TIGERweb Census 2020",
            "url": "https://tigerweb.geo.census.gov/arcgis/rest/services/TIGERweb/tigerWMS_Census2020/MapServer/8/query",
            "date": "2020-04-01",
            "retrieved_at": "2026-09-19T05:38:33.805674+00:00",
            "geo_id": "240338059062",
            "metric": "population_density",
            "value": 34040.2,
            "unit": "people per sq mi",
            "excerpt": null,
            "page": null,
            "section": null,
            "page_label": null,
            "document_scope": null
          }
        ]
      }
    },
    {
      "type": "Feature",
      "id": "240317021021",
      "geometry": {
        "type": "Polygon",
        "coordinates": [
          [
            [
              -77.01105100022617,
              39.024705999947535
            ],
            [
              -77.01110099955658,
              39.023958000300674
            ],
            [
              -77.01101900043913,
              39.02395400002003
            ],
            [
              -77.01092499982948,
              39.02394899966894
            ],
            [
              -77.00968100024761,
              39.02388299988647
            ],
            [
              -77.00939099981939,
              39.02389099975761
            ],
            [
              -77.00905600008363,
              39.02394099980435
            ],
            [
              -77.00871999962466,
              39.02404700020513
            ],
            [
              -77.00862799956316,
              39.02409700014149
            ],
            [
              -77.00763699970128,
              39.024622999841554
            ],
            [
              -77.00688100001605,
              39.02504299967099
            ],
            [
              -77.00650699992224,
              39.025252999696725
            ],
            [
              -77.0063010000579,
              39.02532900010394
            ],
            [
              -77.0051799996014,
              39.02558099987792
            ],
            [
              -77.00441700024345,
              39.025726000287776
            ],
            [
              -77.00395199991306,
              39.02580599966465
            ],
            [
              -77.00338700002351,
              39.02583600027998
            ],
            [
              -77.00329499996202,
              39.02583999975625
            ],
            [
              -77.0024560004361,
              39.0257179999264
            ],
            [
              -77.00242600029888,
              39.0258099998405
            ],
            [
              -77.00231900016875,
              39.02598899980056
            ],
            [
              -77.00222000043455,
              39.0261000001212
            ],
            [
              -77.0019140001128,
              39.026308999761504
            ],
            [
              -77.001724000142,
              39.026401000302165
            ],
            [
              -77.0016399995781,
              39.026420000277525
            ],
            [
              -77.00140299975165,
              39.02646999993122
            ],
            [
              -77.00119699988731,
              39.02648100031089
            ],
            [
              -77.00099100002298,
              39.02647300003492
            ],
            [
              -77.0007240000593,
              39.02642399972075
            ],
            [
              -77.00038099992761,
              39.02629800005295
            ],
            [
              -77.00007600032909,
              39.02611900017745
            ],
            [
              -76.99970999973289,
              39.02581700014765
            ],
            [
              -76.99968700016667,
              39.02574899992598
            ],
            [
              -76.99969399983937,
              39.025687999958826
            ],
            [
              -76.99977099983226,
              39.02562699993907
            ],
            [
              -77.00028200019342,
              39.02539399988239
            ],
            [
              -77.00032800022417,
              39.02535199987131
            ],
            [
              -77.00042699995838,
              39.025229999897135
            ],
            [
              -77.00079299965626,
              39.024668999828215
            ],
            [
              -77.00094599981715,
              39.0244940002654
            ],
            [
              -77.00263200016319,
              39.0238070000183
            ],
            [
              -77.00247900000232,
              39.023097000278185
            ],
            [
              -77.00239500033673,
              39.0228689999873
            ],
            [
              -77.00228800020662,
              39.022712000342125
            ],
            [
              -77.00180000030998,
              39.02217800031718
            ],
            [
              -76.99907600024639,
              39.023737999883565
            ],
            [
              -76.9989850000098,
              39.023764999762236
            ],
            [
              -76.99887799987967,
              39.023726999774944
            ],
            [
              -76.99877900014546,
              39.02350599995821
            ],
            [
              -76.99874800018333,
              39.02334900033186
            ],
            [
              -76.99874800018333,
              39.02326900026812
            ],
            [
              -76.99879400021409,
              39.02302900023163
            ],
            [
              -76.99887000038207,
              39.022712000342125
            ],
            [
              -76.99893099958312,
              39.02256700003112
            ],
            [
              -76.99879300038917,
              39.0213859999575
            ],
            [
              -76.99872700026694,
              39.02082500009251
            ],
            [
              -76.99871800004611,
              39.02075099995963
            ],
            [
              -76.99864100005321,
              39.020708999981764
            ],
            [
              -76.99857300028114,
              39.02062200029729
            ],
            [
              -76.9981759997228,
              39.02000399977026
            ],
            [
              -76.99805400042237,
              39.019725000340756
            ],
            [
              -76.99805400042237,
              39.01961100008443
            ],
            [
              -76.9980769999886,
              39.019289999679295
            ],
            [
              -76.99818400011871,
              39.01877500026572
            ],
            [
              -76.99829100024884,
              39.01824499972418
            ],
            [
              -76.99831299999015,
              39.018192000079694
            ],
            [
              -76.99842799961789,
              39.01809300034761
            ],
            [
              -76.99857300028114,
              39.01806599969869
            ],
            [
              -76.99899199968249,
              39.01810000002305
            ],
            [
              -76.99934300021009,
              39.01810000002305
            ],
            [
              -76.99969399983937,
              39.018061999782624
            ],
            [
              -76.99997699969657,
              39.018005000081665
            ],
            [
              -77.0014570001783,
              39.01756200011706
            ],
            [
              -77.00222700010724,
              39.017306999882436
            ],
            [
              -77.00293699976173,
              39.017044000177066
            ],
            [
              -77.00313500012844,
              39.01699000016162
            ],
            [
              -77.00273799957009,
              39.01636799998344
            ],
            [
              -77.00260100020105,
              39.01615900026876
            ],
            [
              -77.00247499980436,
              39.01603600030149
            ],
            [
              -77.00238000026812,
              39.01601499996225
            ],
            [
              -77.00146600039915,
              39.01575400001169
            ],
            [
              -77.00050599960109,
              39.015823999748
            ],
            [
              -76.99924799977552,
              39.01616499995526
            ],
            [
              -76.99665400030659,
              39.01684300033721
            ],
            [
              -76.99523199955118,
              39.017200999845535
            ],
            [
              -76.99467099985961,
              39.01736500030944
            ],
            [
              -76.99423800021457,
              39.01750200022672
            ],
            [
              -76.9941059999701,
              39.017540000070134
            ],
            [
              -76.9941200002138,
              39.017560999956466
            ],
            [
              -76.99420999972716,
              39.01769499971577
            ],
            [
              -76.9942199997729,
              39.0177110001597
            ],
            [
              -76.99424900008523,
              39.01775399998244
            ],
            [
              -76.99428500007024,
              39.01780699995524
            ],
            [
              -76.9947050001948,
              39.01811500022252
            ],
            [
              -76.99490299966321,
              39.01852000021797
            ],
            [
              -76.99500999979334,
              39.01865699999117
            ],
            [
              -76.99514000038799,
              39.01873299981206
            ],
            [
              -76.99564300035323,
              39.018938999870755
            ],
            [
              -76.99578800011818,
              39.01914500002729
            ],
            [
              -76.99582599975302,
              39.01947699976855
            ],
            [
              -76.99591799981454,
              39.01996200004659
            ],
            [
              -76.99612399967884,
              39.02086599988752
            ],
            [
              -76.99628400041074,
              39.021815999783804
            ],
            [
              -76.99637599957393,
              39.02229999997526
            ],
            [
              -76.99654600035157,
              39.022905999652906
            ],
            [
              -76.99662699964409,
              39.02320000030618
            ],
            [
              -76.99670399963698,
              39.023345000016754
            ],
            [
              -76.99674899984284,
              39.02353999976029
            ],
            [
              -76.99678800020088,
              39.02362800011617
            ],
            [
              -76.99708500030181,
              39.02435299968038
            ],
            [
              -76.99723000006678,
              39.02475299993912
            ],
            [
              -76.99732200012828,
              39.024887000025636
            ],
            [
              -76.99744400032701,
              39.02502400002334
            ],
            [
              -76.99757300019844,
              39.025134999765676
            ],
            [
              -76.9977179999634,
              39.025324999900874
            ],
            [
              -76.99783500013925,
              39.02580400027452
            ],
            [
              -76.9981139997985,
              39.026122000296105
            ],
            [
              -76.99862900035764,
              39.026710000149315
            ],
            [
              -76.99956499996793,
              39.02751899982181
            ],
            [
              -76.9998090003654,
              39.02773200021858
            ],
            [
              -77.00023600016266,
              39.02803799979298
            ],
            [
              -77.00039599999624,
              39.02812500012112
            ],
            [
              -77.000914999855,
              39.02834700016039
            ],
            [
              -77.00151800027768,
              39.02868199996527
            ],
            [
              -77.00185300001343,
              39.028884000342636
            ],
            [
              -77.0023719998722,
              39.0291210000494
            ],
            [
              -77.00318100015919,
              39.029223999674244
            ],
            [
              -77.00350900022225,
              39.029303999977095
            ],
            [
              -77.00361600035238,
              39.02938000021586
            ],
            [
              -77.00367699955343,
              39.02945699966742
            ],
            [
              -77.00367699955343,
              39.02962400028314
            ],
            [
              -77.00371500008659,
              39.02971999995285
            ],
            [
              -77.0038220002167,
              39.02986100029991
            ],
            [
              -77.00394400041544,
              39.029990999836144
            ],
            [
              -77.00406599971585,
              39.03008199978794
            ],
            [
              -77.00414199988384,
              39.030109000034884
            ],
            [
              -77.0042950000447,
              39.03011699989926
            ],
            [
              -77.00466099974261,
              39.030089999655445
            ],
            [
              -77.00503499983644,
              39.030105000102324
            ],
            [
              -77.00543200039476,
              39.0300859997218
            ],
            [
              -77.0055539996952,
              39.030059000163966
            ],
            [
              -77.00569900035846,
              39.02993000004061
            ],
            [
              -77.00579800009267,
              39.02989499983668
            ],
            [
              -77.00588900032928,
              39.029944999823606
            ],
            [
              -77.00596799997197,
              39.03001500016455
            ],
            [
              -77.00607699975191,
              39.02992800006929
            ],
            [
              -77.00624499998142,
              39.0298029996567
            ],
            [
              -77.00654000043251,
              39.02961399968491
            ],
            [
              -77.00679499980232,
              39.02946800028003
            ],
            [
              -77.00687299962013,
              39.029434999832695
            ],
            [
              -77.00838900008686,
              39.02855000010463
            ],
            [
              -77.00847100010263,
              39.028490999775286
            ],
            [
              -77.00910700013728,
              39.02801500020169
            ],
            [
              -77.00945000026894,
              39.02775799995116
            ],
            [
              -77.00977699960876,
              39.02750100016189
            ],
            [
              -77.01003100005198,
              39.02726900002479
            ],
            [
              -77.01028299994707,
              39.026977000298
            ],
            [
              -77.0104879999865,
              39.02665399977586
            ],
            [
              -77.01064199997226,
              39.026364999710395
            ],
            [
              -77.01076499999591,
              39.02602199976318
            ],
            [
              -77.01083199994306,
              39.0258109998844
            ],
            [
              -77.01089600041549,
              39.02550499974157
            ],
            [
              -77.01098500010394,
              39.025112999981474
            ],
            [
              -77.01105100022617,
              39.024705999947535
            ]
          ]
        ]
      },
      "properties": {
        "geo_id": "240317021021",
        "name": "Block Group 1, Census Tract 7021.02",
        "geography_type": "block_group",
        "boundary_vintage": "Census 2020",
        "metrics": {
          "population": 1240.0,
          "housing_units": 437.0,
          "population_density": 4383.8
        },
        "evidence": [
          {
            "evidence_id": "census2020:240317021021:population",
            "type": "structured_data",
            "title": "2020 Census POP100 — Block Group 1, Census Tract 7021.02",
            "source": "U.S. Census Bureau TIGERweb Census 2020",
            "url": "https://tigerweb.geo.census.gov/arcgis/rest/services/TIGERweb/tigerWMS_Census2020/MapServer/8/query",
            "date": "2020-04-01",
            "retrieved_at": "2026-09-19T05:38:33.805674+00:00",
            "geo_id": "240317021021",
            "metric": "population",
            "value": 1240.0,
            "unit": "people",
            "excerpt": null,
            "page": null,
            "section": null,
            "page_label": null,
            "document_scope": null
          },
          {
            "evidence_id": "census2020:240317021021:housing_units",
            "type": "structured_data",
            "title": "2020 Census HU100 — Block Group 1, Census Tract 7021.02",
            "source": "U.S. Census Bureau TIGERweb Census 2020",
            "url": "https://tigerweb.geo.census.gov/arcgis/rest/services/TIGERweb/tigerWMS_Census2020/MapServer/8/query",
            "date": "2020-04-01",
            "retrieved_at": "2026-09-19T05:38:33.805674+00:00",
            "geo_id": "240317021021",
            "metric": "housing_units",
            "value": 437.0,
            "unit": "units",
            "excerpt": null,
            "page": null,
            "section": null,
            "page_label": null,
            "document_scope": null
          },
          {
            "evidence_id": "census2020:240317021021:population_density",
            "type": "structured_data",
            "title": "2020 Census Derived Density — Block Group 1, Census Tract 7021.02",
            "source": "U.S. Census Bureau TIGERweb Census 2020",
            "url": "https://tigerweb.geo.census.gov/arcgis/rest/services/TIGERweb/tigerWMS_Census2020/MapServer/8/query",
            "date": "2020-04-01",
            "retrieved_at": "2026-09-19T05:38:33.805674+00:00",
            "geo_id": "240317021021",
            "metric": "population_density",
            "value": 4383.8,
            "unit": "people per sq mi",
            "excerpt": null,
            "page": null,
            "section": null,
            "page_label": null,
            "document_scope": null
          }
        ]
      }
    },
    {
      "type": "Feature",
      "id": "240317021023",
      "geometry": {
        "type": "Polygon",
        "coordinates": [
          [
            [
              -77.00795100041896,
              39.01866599990074
            ],
            [
              -77.00763400022655,
              39.01847999990805
            ],
            [
              -77.00720200040642,
              39.01815500004097
            ],
            [
              -77.00697599955228,
              39.01791699970616
            ],
            [
              -77.00604099976691,
              39.0167030000209
            ],
            [
              -77.00567000004615,
              39.01621300022084
            ],
            [
              -77.00557299996176,
              39.01608299977516
            ],
            [
              -77.00541700032616,
              39.015892999928816
            ],
            [
              -77.00524999992159,
              39.01566100008534
            ],
            [
              -77.00504599970706,
              39.01538800002283
            ],
            [
              -77.00503200036168,
              39.015363000120395
            ],
            [
              -77.0049560001937,
              39.015270999872875
            ],
            [
              -77.00488400022368,
              39.01516800015927
            ],
            [
              -77.00452400037356,
              39.015132000129086
            ],
            [
              -77.0044840001906,
              39.015133000324035
            ],
            [
              -77.00407300028687,
              39.01514499987063
            ],
            [
              -77.0024770003525,
              39.015350999912805
            ],
            [
              -77.000738000303,
              39.01574000019575
            ],
            [
              -77.00050599960109,
              39.015823999748
            ],
            [
              -77.00146600039915,
              39.01575400001169
            ],
            [
              -77.00238000026812,
              39.01601499996225
            ],
            [
              -77.00247499980436,
              39.01603600030149
            ],
            [
              -77.00260100020105,
              39.01615900026876
            ],
            [
              -77.00273799957009,
              39.01636799998344
            ],
            [
              -77.00313500012844,
              39.01699000016162
            ],
            [
              -77.00293699976173,
              39.017044000177066
            ],
            [
              -77.00222700010724,
              39.017306999882436
            ],
            [
              -77.0014570001783,
              39.01756200011706
            ],
            [
              -76.99997699969657,
              39.018005000081665
            ],
            [
              -76.99969399983937,
              39.018061999782624
            ],
            [
              -76.99934300021009,
              39.01810000002305
            ],
            [
              -76.99899199968249,
              39.01810000002305
            ],
            [
              -76.99857300028114,
              39.01806599969869
            ],
            [
              -76.99842799961789,
              39.01809300034761
            ],
            [
              -76.99831299999015,
              39.018192000079694
            ],
            [
              -76.99829100024884,
              39.01824499972418
            ],
            [
              -76.99818400011871,
              39.01877500026572
            ],
            [
              -76.9980769999886,
              39.019289999679295
            ],
            [
              -76.99805400042237,
              39.01961100008443
            ],
            [
              -76.99805400042237,
              39.019725000340756
            ],
            [
              -76.9981759997228,
              39.02000399977026
            ],
            [
              -76.99857300028114,
              39.02062200029729
            ],
            [
              -76.99864100005321,
              39.020708999981764
            ],
            [
              -76.99871800004611,
              39.02075099995963
            ],
            [
              -76.99872700026694,
              39.02082500009251
            ],
            [
              -76.99879300038917,
              39.0213859999575
            ],
            [
              -76.99893099958312,
              39.02256700003112
            ],
            [
              -76.99887000038207,
              39.022712000342125
            ],
            [
              -76.99879400021409,
              39.02302900023163
            ],
            [
              -76.99874800018333,
              39.02326900026812
            ],
            [
              -76.99874800018333,
              39.02334900033186
            ],
            [
              -76.99877900014546,
              39.02350599995821
            ],
            [
              -76.99887799987967,
              39.023726999774944
            ],
            [
              -76.9989850000098,
              39.023764999762236
            ],
            [
              -76.99907600024639,
              39.023737999883565
            ],
            [
              -77.00180000030998,
              39.02217800031718
            ],
            [
              -77.00257799973653,
              39.02173199967272
            ],
            [
              -77.00408099978446,
              39.02087000034289
            ],
            [
              -77.00491299963768,
              39.020397000063284
            ],
            [
              -77.00728500024708,
              39.01905899995363
            ],
            [
              -77.00795100041896,
              39.01866599990074
            ]
          ]
        ]
      },
      "properties": {
        "geo_id": "240317021023",
        "name": "Block Group 3, Census Tract 7021.02",
        "geography_type": "block_group",
        "boundary_vintage": "Census 2020",
        "metrics": {
          "population": 1065.0,
          "housing_units": 374.0,
          "population_density": 6856.9
        },
        "evidence": [
          {
            "evidence_id": "census2020:240317021023:population",
            "type": "structured_data",
            "title": "2020 Census POP100 — Block Group 3, Census Tract 7021.02",
            "source": "U.S. Census Bureau TIGERweb Census 2020",
            "url": "https://tigerweb.geo.census.gov/arcgis/rest/services/TIGERweb/tigerWMS_Census2020/MapServer/8/query",
            "date": "2020-04-01",
            "retrieved_at": "2026-09-19T05:38:33.805674+00:00",
            "geo_id": "240317021023",
            "metric": "population",
            "value": 1065.0,
            "unit": "people",
            "excerpt": null,
            "page": null,
            "section": null,
            "page_label": null,
            "document_scope": null
          },
          {
            "evidence_id": "census2020:240317021023:housing_units",
            "type": "structured_data",
            "title": "2020 Census HU100 — Block Group 3, Census Tract 7021.02",
            "source": "U.S. Census Bureau TIGERweb Census 2020",
            "url": "https://tigerweb.geo.census.gov/arcgis/rest/services/TIGERweb/tigerWMS_Census2020/MapServer/8/query",
            "date": "2020-04-01",
            "retrieved_at": "2026-09-19T05:38:33.805674+00:00",
            "geo_id": "240317021023",
            "metric": "housing_units",
            "value": 374.0,
            "unit": "units",
            "excerpt": null,
            "page": null,
            "section": null,
            "page_label": null,
            "document_scope": null
          },
          {
            "evidence_id": "census2020:240317021023:population_density",
            "type": "structured_data",
            "title": "2020 Census Derived Density — Block Group 3, Census Tract 7021.02",
            "source": "U.S. Census Bureau TIGERweb Census 2020",
            "url": "https://tigerweb.geo.census.gov/arcgis/rest/services/TIGERweb/tigerWMS_Census2020/MapServer/8/query",
            "date": "2020-04-01",
            "retrieved_at": "2026-09-19T05:38:33.805674+00:00",
            "geo_id": "240317021023",
            "metric": "population_density",
            "value": 6856.9,
            "unit": "people per sq mi",
            "excerpt": null,
            "page": null,
            "section": null,
            "page_label": null,
            "document_scope": null
          }
        ]
      }
    },
    {
      "type": "Feature",
      "id": "240317026031",
      "geometry": {
        "type": "Polygon",
        "coordinates": [
          [
            [
              -77.03380199991145,
              38.99302199974332
            ],
            [
              -77.03374099981207,
              38.9929060001108
            ],
            [
              -77.03371999989567,
              38.99286500016511
            ],
            [
              -77.03351700040437,
              38.992519000256394
            ],
            [
              -77.03305799992177,
              38.99208799982029
            ],
            [
              -77.0322920001908,
              38.99101499978312
            ],
            [
              -77.03226000040375,
              38.99101499978312
            ],
            [
              -77.0322019997791,
              38.99103500002696
            ],
            [
              -77.03183299970816,
              38.991136000299164
            ],
            [
              -77.03176099973814,
              38.99115700034461
            ],
            [
              -77.03169600033911,
              38.99101999967005
            ],
            [
              -77.03152200026186,
              38.99069199977562
            ],
            [
              -77.03137300029893,
              38.99052000015156
            ],
            [
              -77.03126199997085,
              38.990489999914516
            ],
            [
              -77.03062799958603,
              38.99046500028912
            ],
            [
              -77.03035599959948,
              38.99007199985058
            ],
            [
              -77.02957300015007,
              38.989995999954566
            ],
            [
              -77.02894499961305,
              38.98993599972178
            ],
            [
              -77.0306379996318,
              38.99178700020606
            ],
            [
              -77.03178400020266,
              38.993041000309034
            ],
            [
              -77.03185299979965,
              38.993120999658515
            ],
            [
              -77.03234099969627,
              38.99362099965316
            ],
            [
              -77.0324400003288,
              38.993584000025926
            ],
            [
              -77.03259400031457,
              38.99353299965893
            ],
            [
              -77.03282899959291,
              38.99344799966372
            ],
            [
              -77.03344500043437,
              38.993166999889354
            ],
            [
              -77.03380199991145,
              38.99302199974332
            ]
          ]
        ]
      },
      "properties": {
        "geo_id": "240317026031",
        "name": "Block Group 1, Census Tract 7026.03",
        "geography_type": "block_group",
        "boundary_vintage": "Census 2020",
        "metrics": {
          "population": 979.0,
          "housing_units": 635.0,
          "population_density": 39981.1
        },
        "evidence": [
          {
            "evidence_id": "census2020:240317026031:population",
            "type": "structured_data",
            "title": "2020 Census POP100 — Block Group 1, Census Tract 7026.03",
            "source": "U.S. Census Bureau TIGERweb Census 2020",
            "url": "https://tigerweb.geo.census.gov/arcgis/rest/services/TIGERweb/tigerWMS_Census2020/MapServer/8/query",
            "date": "2020-04-01",
            "retrieved_at": "2026-09-19T05:38:33.805674+00:00",
            "geo_id": "240317026031",
            "metric": "population",
            "value": 979.0,
            "unit": "people",
            "excerpt": null,
            "page": null,
            "section": null,
            "page_label": null,
            "document_scope": null
          },
          {
            "evidence_id": "census2020:240317026031:housing_units",
            "type": "structured_data",
            "title": "2020 Census HU100 — Block Group 1, Census Tract 7026.03",
            "source": "U.S. Census Bureau TIGERweb Census 2020",
            "url": "https://tigerweb.geo.census.gov/arcgis/rest/services/TIGERweb/tigerWMS_Census2020/MapServer/8/query",
            "date": "2020-04-01",
            "retrieved_at": "2026-09-19T05:38:33.805674+00:00",
            "geo_id": "240317026031",
            "metric": "housing_units",
            "value": 635.0,
            "unit": "units",
            "excerpt": null,
            "page": null,
            "section": null,
            "page_label": null,
            "document_scope": null
          },
          {
            "evidence_id": "census2020:240317026031:population_density",
            "type": "structured_data",
            "title": "2020 Census Derived Density — Block Group 1, Census Tract 7026.03",
            "source": "U.S. Census Bureau TIGERweb Census 2020",
            "url": "https://tigerweb.geo.census.gov/arcgis/rest/services/TIGERweb/tigerWMS_Census2020/MapServer/8/query",
            "date": "2020-04-01",
            "retrieved_at": "2026-09-19T05:38:33.805674+00:00",
            "geo_id": "240317026031",
            "metric": "population_density",
            "value": 39981.1,
            "unit": "people per sq mi",
            "excerpt": null,
            "page": null,
            "section": null,
            "page_label": null,
            "document_scope": null
          }
        ]
      }
    },
    {
      "type": "Feature",
      "id": "240317028004",
      "geometry": {
        "type": "Polygon",
        "coordinates": [
          [
            [
              -77.03320299968672,
              38.99868000021038
            ],
            [
              -77.0328500004076,
              38.99835000004573
            ],
            [
              -77.03216499996918,
              38.99770699981233
            ],
            [
              -77.03178400020266,
              38.99738299988041
            ],
            [
              -77.03067199996697,
              38.998229999731244
            ],
            [
              -77.03056499983686,
              38.998311999665646
            ],
            [
              -77.03119300037388,
              38.99891300032834
            ],
            [
              -77.03181900036279,
              38.99949699998511
            ],
            [
              -77.03195300025708,
              38.99941700016403
            ],
            [
              -77.03320299968672,
              38.99868000021038
            ]
          ]
        ]
      },
      "properties": {
        "geo_id": "240317028004",
        "name": "Block Group 4, Census Tract 7028.00",
        "geography_type": "block_group",
        "boundary_vintage": "Census 2020",
        "metrics": {
          "population": 1214.0,
          "housing_units": 892.0,
          "population_density": 116639.3
        },
        "evidence": [
          {
            "evidence_id": "census2020:240317028004:population",
            "type": "structured_data",
            "title": "2020 Census POP100 — Block Group 4, Census Tract 7028.00",
            "source": "U.S. Census Bureau TIGERweb Census 2020",
            "url": "https://tigerweb.geo.census.gov/arcgis/rest/services/TIGERweb/tigerWMS_Census2020/MapServer/8/query",
            "date": "2020-04-01",
            "retrieved_at": "2026-09-19T05:38:33.805674+00:00",
            "geo_id": "240317028004",
            "metric": "population",
            "value": 1214.0,
            "unit": "people",
            "excerpt": null,
            "page": null,
            "section": null,
            "page_label": null,
            "document_scope": null
          },
          {
            "evidence_id": "census2020:240317028004:housing_units",
            "type": "structured_data",
            "title": "2020 Census HU100 — Block Group 4, Census Tract 7028.00",
            "source": "U.S. Census Bureau TIGERweb Census 2020",
            "url": "https://tigerweb.geo.census.gov/arcgis/rest/services/TIGERweb/tigerWMS_Census2020/MapServer/8/query",
            "date": "2020-04-01",
            "retrieved_at": "2026-09-19T05:38:33.805674+00:00",
            "geo_id": "240317028004",
            "metric": "housing_units",
            "value": 892.0,
            "unit": "units",
            "excerpt": null,
            "page": null,
            "section": null,
            "page_label": null,
            "document_scope": null
          },
          {
            "evidence_id": "census2020:240317028004:population_density",
            "type": "structured_data",
            "title": "2020 Census Derived Density — Block Group 4, Census Tract 7028.00",
            "source": "U.S. Census Bureau TIGERweb Census 2020",
            "url": "https://tigerweb.geo.census.gov/arcgis/rest/services/TIGERweb/tigerWMS_Census2020/MapServer/8/query",
            "date": "2020-04-01",
            "retrieved_at": "2026-09-19T05:38:33.805674+00:00",
            "geo_id": "240317028004",
            "metric": "population_density",
            "value": 116639.3,
            "unit": "people per sq mi",
            "excerpt": null,
            "page": null,
            "section": null,
            "page_label": null,
            "document_scope": null
          }
        ]
      }
    },
    {
      "type": "Feature",
      "id": "240317026032",
      "geometry": {
        "type": "Polygon",
        "coordinates": [
          [
            [
              -77.03353099974979,
              38.98996299993755
            ],
            [
              -77.03288300001958,
              38.989456000217814
            ],
            [
              -77.03282899959291,
              38.98941399980961
            ],
            [
              -77.03236300033592,
              38.989044000223686
            ],
            [
              -77.03111999968064,
              38.98809400001492
            ],
            [
              -77.03107299982497,
              38.98805700029128
            ],
            [
              -77.0303289998353,
              38.98863899972408
            ],
            [
              -77.02952499957118,
              38.9892419998728
            ],
            [
              -77.02912899973606,
              38.98979099993835
            ],
            [
              -77.02894499961305,
              38.98993599972178
            ],
            [
              -77.02957300015007,
              38.989995999954566
            ],
            [
              -77.03035599959948,
              38.99007199985058
            ],
            [
              -77.03060900021778,
              38.990097000312964
            ],
            [
              -77.03132600044327,
              38.99013100011779
            ],
            [
              -77.03167700007255,
              38.99013100011779
            ],
            [
              -77.03179199970029,
              38.990122999918746
            ],
            [
              -77.03216800034222,
              38.990100999715864
            ],
            [
              -77.03230200023654,
              38.99009300021166
            ],
            [
              -77.03270700029249,
              38.99007400025097
            ],
            [
              -77.03353099974979,
              38.98996299993755
            ]
          ]
        ]
      },
      "properties": {
        "geo_id": "240317026032",
        "name": "Block Group 2, Census Tract 7026.03",
        "geography_type": "block_group",
        "boundary_vintage": "Census 2020",
        "metrics": {
          "population": 1207.0,
          "housing_units": 721.0,
          "population_density": 64772.5
        },
        "evidence": [
          {
            "evidence_id": "census2020:240317026032:population",
            "type": "structured_data",
            "title": "2020 Census POP100 — Block Group 2, Census Tract 7026.03",
            "source": "U.S. Census Bureau TIGERweb Census 2020",
            "url": "https://tigerweb.geo.census.gov/arcgis/rest/services/TIGERweb/tigerWMS_Census2020/MapServer/8/query",
            "date": "2020-04-01",
            "retrieved_at": "2026-09-19T05:38:33.805674+00:00",
            "geo_id": "240317026032",
            "metric": "population",
            "value": 1207.0,
            "unit": "people",
            "excerpt": null,
            "page": null,
            "section": null,
            "page_label": null,
            "document_scope": null
          },
          {
            "evidence_id": "census2020:240317026032:housing_units",
            "type": "structured_data",
            "title": "2020 Census HU100 — Block Group 2, Census Tract 7026.03",
            "source": "U.S. Census Bureau TIGERweb Census 2020",
            "url": "https://tigerweb.geo.census.gov/arcgis/rest/services/TIGERweb/tigerWMS_Census2020/MapServer/8/query",
            "date": "2020-04-01",
            "retrieved_at": "2026-09-19T05:38:33.805674+00:00",
            "geo_id": "240317026032",
            "metric": "housing_units",
            "value": 721.0,
            "unit": "units",
            "excerpt": null,
            "page": null,
            "section": null,
            "page_label": null,
            "document_scope": null
          },
          {
            "evidence_id": "census2020:240317026032:population_density",
            "type": "structured_data",
            "title": "2020 Census Derived Density — Block Group 2, Census Tract 7026.03",
            "source": "U.S. Census Bureau TIGERweb Census 2020",
            "url": "https://tigerweb.geo.census.gov/arcgis/rest/services/TIGERweb/tigerWMS_Census2020/MapServer/8/query",
            "date": "2020-04-01",
            "retrieved_at": "2026-09-19T05:38:33.805674+00:00",
            "geo_id": "240317026032",
            "metric": "population_density",
            "value": 64772.5,
            "unit": "people per sq mi",
            "excerpt": null,
            "page": null,
            "section": null,
            "page_label": null,
            "document_scope": null
          }
        ]
      }
    }
  ]
}
